[2026-08-30T11:20:00+00:00] RUN paper-full-20260830 | minimal-diff-notebook | FULL_PAPER_RUN | artifacts=D:\Rayan Paper materials\artifacts_runs\minimal-diff-notebook\FULL_PAPER_RUN\paper-full-20260830 | cuda=0MiB allocated/0MiB reserved
[2026-08-30T11:20:00+00:00] START LODO0 | DG-Hetero-GNN | seed=42 | cuda=0MiB allocated/0MiB reserved
[2026-08-30T11:20:01+00:00] epoch 1/40 loss=0.397004 elapsed=0.8s | cuda=583MiB allocated/4676MiB reserved
[2026-08-30T11:20:02+00:00] epoch 2/40 loss=0.377409 elapsed=1.3s | cuda=583MiB allocated/4816MiB reserved
[2026-08-30T11:20:02+00:00] epoch 3/40 loss=0.361127 elapsed=1.8s | cuda=583MiB allocated/4816MiB reserved
[2026-08-30T11:20:03+00:00] epoch 4/40 loss=0.347752 elapsed=2.3s | cuda=583MiB allocated/4816MiB reserved
[2026-08-30T11:20:03+00:00] epoch 5/40 loss=0.334219 elapsed=2.8s | cuda=583MiB allocated/4816MiB reserved
[2026-08-30T11:20:04+00:00] epoch 6/40 loss=0.320297 elapsed=3.3s | cuda=583MiB allocated/4816MiB reserved
[2026-08-30T11:20:04+00:00] epoch 7/40 loss=0.305849 elapsed=3.8s | cuda=583MiB allocated/4816MiB reserved
[2026-08-30T11:20:05+00:00] epoch 8/40 loss=0.290547 elapsed=4.3s | cuda=583MiB allocated/4816MiB reserved
[2026-08-30T11:20:05+00:00] epoch 9/40 loss=0.274293 elapsed=4.7s | cuda=583MiB allocated/4816MiB reserved
[2026-08-30T11:20:06+00:00] epoch 10/40 loss=0.258246 elapsed=5.2s | cuda=583MiB allocated/4816MiB reserved
[2026-08-30T11:20:06+00:00] epoch 11/40 loss=0.243203 elapsed=5.7s | cuda=583MiB allocated/4816MiB reserved
[2026-08-30T11:20:07+00:00] epoch 12/40 loss=0.228815 elapsed=6.2s | cuda=583MiB allocated/4816MiB reserved
[2026-08-30T11:20:07+00:00] epoch 13/40 loss=0.217349 elapsed=6.7s | cuda=583MiB allocated/4816MiB reserved
[2026-08-30T11:20:08+00:00] epoch 14/40 loss=0.209469 elapsed=7.2s | cuda=583MiB allocated/4816MiB reserved
[2026-08-30T11:20:08+00:00] epoch 15/40 loss=0.204969 elapsed=7.7s | cuda=583MiB allocated/4816MiB reserved
[2026-08-30T11:20:09+00:00] epoch 16/40 loss=0.204390 elapsed=8.2s | cuda=583MiB allocated/4816MiB reserved
[2026-08-30T11:20:09+00:00] epoch 17/40 loss=0.206826 elapsed=8.7s | cuda=583MiB allocated/4816MiB reserved
[2026-08-30T11:20:10+00:00] epoch 18/40 loss=0.211462 elapsed=9.2s | cuda=583MiB allocated/4816MiB reserved
[2026-08-30T11:20:10+00:00] epoch 19/40 loss=0.218362 elapsed=9.7s | cuda=583MiB allocated/4816MiB reserved
[2026-08-30T11:20:11+00:00] epoch 20/40 loss=0.224229 elapsed=10.2s | cuda=583MiB allocated/4816MiB reserved
[2026-08-30T11:20:11+00:00] epoch 21/40 loss=0.232038 elapsed=10.7s | cuda=583MiB allocated/4816MiB reserved
[2026-08-30T11:20:12+00:00] epoch 22/40 loss=0.239527 elapsed=11.2s | cuda=583MiB allocated/4816MiB reserved
[2026-08-30T11:20:12+00:00] epoch 23/40 loss=0.247418 elapsed=11.7s | cuda=583MiB allocated/4816MiB reserved
[2026-08-30T11:20:13+00:00] epoch 24/40 loss=0.253583 elapsed=12.2s | cuda=583MiB allocated/4816MiB reserved
[2026-08-30T11:20:13+00:00] epoch 25/40 loss=0.258971 elapsed=12.7s | cuda=583MiB allocated/4816MiB reserved
[2026-08-30T11:20:14+00:00] epoch 26/40 loss=0.263567 elapsed=13.2s | cuda=583MiB allocated/4816MiB reserved
[2026-08-30T11:20:14+00:00] epoch 27/40 loss=0.268981 elapsed=13.7s | cuda=583MiB allocated/4816MiB reserved
[2026-08-30T11:20:15+00:00] epoch 28/40 loss=0.273014 elapsed=14.2s | cuda=583MiB allocated/4816MiB reserved
[2026-08-30T11:20:15+00:00] epoch 29/40 loss=0.276909 elapsed=14.7s | cuda=583MiB allocated/4816MiB reserved
[2026-08-30T11:20:16+00:00] epoch 30/40 loss=0.281955 elapsed=15.2s | cuda=583MiB allocated/4816MiB reserved
[2026-08-30T11:20:16+00:00] epoch 31/40 loss=0.285185 elapsed=15.7s | cuda=583MiB allocated/4816MiB reserved
[2026-08-30T11:20:17+00:00] epoch 32/40 loss=0.291008 elapsed=16.1s | cuda=583MiB allocated/4816MiB reserved
[2026-08-30T11:20:17+00:00] epoch 33/40 loss=0.296343 elapsed=16.6s | cuda=583MiB allocated/4816MiB reserved
[2026-08-30T11:20:18+00:00] epoch 34/40 loss=0.300699 elapsed=17.1s | cuda=583MiB allocated/4816MiB reserved
[2026-08-30T11:20:18+00:00] epoch 35/40 loss=0.306152 elapsed=17.6s | cuda=583MiB allocated/4816MiB reserved
[2026-08-30T11:20:19+00:00] epoch 36/40 loss=0.314288 elapsed=18.1s | cuda=583MiB allocated/4816MiB reserved
[2026-08-30T11:20:19+00:00] epoch 37/40 loss=0.320863 elapsed=18.6s | cuda=583MiB allocated/4816MiB reserved
[2026-08-30T11:20:20+00:00] epoch 38/40 loss=0.328199 elapsed=19.1s | cuda=583MiB allocated/4816MiB reserved
[2026-08-30T11:20:20+00:00] epoch 39/40 loss=0.336262 elapsed=19.6s | cuda=583MiB allocated/4816MiB reserved
[2026-08-30T11:20:21+00:00] epoch 40/40 loss=0.351103 elapsed=20.1s | cuda=583MiB allocated/4816MiB reserved
[2026-08-30T11:20:21+00:00] DONE LODO0 | DG-Hetero-GNN | seed=42 | F1=0.184791 | cuda=17MiB allocated/4816MiB reserved
[2026-08-30T11:20:21+00:00] START LODO0 | DG-Hetero-GNN | seed=123 | cuda=17MiB allocated/68MiB reserved
[2026-08-30T11:20:22+00:00] epoch 1/40 loss=0.463311 elapsed=0.5s | cuda=583MiB allocated/4682MiB reserved
[2026-08-30T11:20:23+00:00] epoch 2/40 loss=0.444390 elapsed=1.0s | cuda=583MiB allocated/4822MiB reserved
[2026-08-30T11:20:23+00:00] epoch 3/40 loss=0.432962 elapsed=1.5s | cuda=583MiB allocated/4822MiB reserved
[2026-08-30T11:20:24+00:00] epoch 4/40 loss=0.426982 elapsed=2.0s | cuda=583MiB allocated/4822MiB reserved
[2026-08-30T11:20:24+00:00] epoch 5/40 loss=0.423606 elapsed=2.5s | cuda=583MiB allocated/4822MiB reserved
[2026-08-30T11:20:25+00:00] epoch 6/40 loss=0.421104 elapsed=3.0s | cuda=583MiB allocated/4822MiB reserved
[2026-08-30T11:20:25+00:00] epoch 7/40 loss=0.418437 elapsed=3.5s | cuda=583MiB allocated/4822MiB reserved
[2026-08-30T11:20:25+00:00] epoch 8/40 loss=0.415333 elapsed=4.0s | cuda=583MiB allocated/4822MiB reserved
[2026-08-30T11:20:26+00:00] epoch 9/40 loss=0.412004 elapsed=4.5s | cuda=583MiB allocated/4822MiB reserved
[2026-08-30T11:20:26+00:00] epoch 10/40 loss=0.407247 elapsed=5.0s | cuda=583MiB allocated/4822MiB reserved
[2026-08-30T11:20:27+00:00] epoch 11/40 loss=0.401480 elapsed=5.5s | cuda=583MiB allocated/4822MiB reserved
[2026-08-30T11:20:27+00:00] epoch 12/40 loss=0.393947 elapsed=6.0s | cuda=583MiB allocated/4822MiB reserved
[2026-08-30T11:20:28+00:00] epoch 13/40 loss=0.386629 elapsed=6.5s | cuda=583MiB allocated/4822MiB reserved
[2026-08-30T11:20:28+00:00] epoch 14/40 loss=0.376902 elapsed=7.0s | cuda=583MiB allocated/4822MiB reserved
[2026-08-30T11:20:29+00:00] epoch 15/40 loss=0.366715 elapsed=7.5s | cuda=583MiB allocated/4822MiB reserved
[2026-08-30T11:20:29+00:00] epoch 16/40 loss=0.354089 elapsed=7.9s | cuda=583MiB allocated/4822MiB reserved
[2026-08-30T11:20:30+00:00] epoch 17/40 loss=0.341432 elapsed=8.4s | cuda=583MiB allocated/4822MiB reserved
[2026-08-30T11:20:30+00:00] epoch 18/40 loss=0.330199 elapsed=8.9s | cuda=583MiB allocated/4822MiB reserved
[2026-08-30T11:20:31+00:00] epoch 19/40 loss=0.318717 elapsed=9.4s | cuda=583MiB allocated/4822MiB reserved
[2026-08-30T11:20:31+00:00] epoch 20/40 loss=0.309808 elapsed=9.9s | cuda=583MiB allocated/4822MiB reserved
[2026-08-30T11:20:32+00:00] epoch 21/40 loss=0.303075 elapsed=10.4s | cuda=583MiB allocated/4822MiB reserved
[2026-08-30T11:20:32+00:00] epoch 22/40 loss=0.298845 elapsed=10.9s | cuda=583MiB allocated/4822MiB reserved
[2026-08-30T11:20:33+00:00] epoch 23/40 loss=0.298738 elapsed=11.4s | cuda=583MiB allocated/4822MiB reserved
[2026-08-30T11:20:33+00:00] epoch 24/40 loss=0.302850 elapsed=11.9s | cuda=583MiB allocated/4822MiB reserved
[2026-08-30T11:20:34+00:00] epoch 25/40 loss=0.310972 elapsed=12.4s | cuda=583MiB allocated/4822MiB reserved
[2026-08-30T11:20:34+00:00] epoch 26/40 loss=0.325037 elapsed=12.9s | cuda=583MiB allocated/4822MiB reserved
[2026-08-30T11:20:35+00:00] epoch 27/40 loss=0.339978 elapsed=13.4s | cuda=583MiB allocated/4822MiB reserved
[2026-08-30T11:20:35+00:00] epoch 28/40 loss=0.359366 elapsed=13.9s | cuda=583MiB allocated/4822MiB reserved
[2026-08-30T11:20:36+00:00] epoch 29/40 loss=0.384513 elapsed=14.4s | cuda=583MiB allocated/4822MiB reserved
[2026-08-30T11:20:36+00:00] epoch 30/40 loss=0.408132 elapsed=14.9s | cuda=583MiB allocated/4822MiB reserved
[2026-08-30T11:20:37+00:00] epoch 31/40 loss=0.436513 elapsed=15.4s | cuda=583MiB allocated/4822MiB reserved
[2026-08-30T11:20:37+00:00] epoch 32/40 loss=0.469793 elapsed=15.9s | cuda=583MiB allocated/4822MiB reserved
[2026-08-30T11:20:38+00:00] epoch 33/40 loss=0.500226 elapsed=16.4s | cuda=583MiB allocated/4822MiB reserved
[2026-08-30T11:20:38+00:00] epoch 34/40 loss=0.532428 elapsed=16.9s | cuda=583MiB allocated/4822MiB reserved
[2026-08-30T11:20:39+00:00] epoch 35/40 loss=0.566627 elapsed=17.4s | cuda=583MiB allocated/4822MiB reserved
[2026-08-30T11:20:39+00:00] epoch 36/40 loss=0.600204 elapsed=17.9s | cuda=583MiB allocated/4822MiB reserved
[2026-08-30T11:20:40+00:00] epoch 37/40 loss=0.636772 elapsed=18.4s | cuda=583MiB allocated/4822MiB reserved
[2026-08-30T11:20:40+00:00] epoch 38/40 loss=0.670638 elapsed=18.9s | cuda=583MiB allocated/4822MiB reserved
[2026-08-30T11:20:41+00:00] epoch 39/40 loss=0.707913 elapsed=19.4s | cuda=583MiB allocated/4822MiB reserved
[2026-08-30T11:20:41+00:00] epoch 40/40 loss=0.744541 elapsed=19.9s | cuda=583MiB allocated/4822MiB reserved
[2026-08-30T11:20:42+00:00] DONE LODO0 | DG-Hetero-GNN | seed=123 | F1=0.207947 | cuda=17MiB allocated/4822MiB reserved
[2026-08-30T11:20:42+00:00] START LODO0 | DG-Hetero-GNN | seed=3407 | cuda=17MiB allocated/68MiB reserved
[2026-08-30T11:20:43+00:00] epoch 1/40 loss=0.345654 elapsed=0.5s | cuda=583MiB allocated/4682MiB reserved
[2026-08-30T11:20:43+00:00] epoch 2/40 loss=0.332755 elapsed=1.0s | cuda=583MiB allocated/4822MiB reserved
[2026-08-30T11:20:44+00:00] epoch 3/40 loss=0.320085 elapsed=1.5s | cuda=583MiB allocated/4822MiB reserved
[2026-08-30T11:20:44+00:00] epoch 4/40 loss=0.308078 elapsed=2.0s | cuda=583MiB allocated/4822MiB reserved
[2026-08-30T11:20:45+00:00] epoch 5/40 loss=0.294862 elapsed=2.5s | cuda=583MiB allocated/4822MiB reserved
[2026-08-30T11:20:45+00:00] epoch 6/40 loss=0.282649 elapsed=3.0s | cuda=583MiB allocated/4822MiB reserved
[2026-08-30T11:20:46+00:00] epoch 7/40 loss=0.271567 elapsed=3.5s | cuda=583MiB allocated/4822MiB reserved
[2026-08-30T11:20:46+00:00] epoch 8/40 loss=0.260512 elapsed=4.0s | cuda=583MiB allocated/4822MiB reserved
[2026-08-30T11:20:47+00:00] epoch 9/40 loss=0.251704 elapsed=4.5s | cuda=583MiB allocated/4822MiB reserved
[2026-08-30T11:20:47+00:00] epoch 10/40 loss=0.245097 elapsed=5.0s | cuda=583MiB allocated/4822MiB reserved
[2026-08-30T11:20:48+00:00] epoch 11/40 loss=0.240837 elapsed=5.5s | cuda=583MiB allocated/4822MiB reserved
[2026-08-30T11:20:48+00:00] epoch 12/40 loss=0.239925 elapsed=6.0s | cuda=583MiB allocated/4822MiB reserved
[2026-08-30T11:20:49+00:00] epoch 13/40 loss=0.242567 elapsed=6.5s | cuda=583MiB allocated/4822MiB reserved
[2026-08-30T11:20:49+00:00] epoch 14/40 loss=0.249312 elapsed=7.0s | cuda=583MiB allocated/4822MiB reserved
[2026-08-30T11:20:50+00:00] epoch 15/40 loss=0.258974 elapsed=7.5s | cuda=583MiB allocated/4822MiB reserved
[2026-08-30T11:20:50+00:00] epoch 16/40 loss=0.272443 elapsed=8.0s | cuda=583MiB allocated/4822MiB reserved
[2026-08-30T11:20:51+00:00] epoch 17/40 loss=0.287375 elapsed=8.4s | cuda=583MiB allocated/4822MiB reserved
[2026-08-30T11:20:51+00:00] epoch 18/40 loss=0.304305 elapsed=8.9s | cuda=583MiB allocated/4822MiB reserved
[2026-08-30T11:20:52+00:00] epoch 19/40 loss=0.322124 elapsed=9.4s | cuda=583MiB allocated/4822MiB reserved
[2026-08-30T11:20:52+00:00] epoch 20/40 loss=0.344630 elapsed=9.9s | cuda=583MiB allocated/4822MiB reserved
[2026-08-30T11:20:53+00:00] epoch 21/40 loss=0.361903 elapsed=10.4s | cuda=583MiB allocated/4822MiB reserved
[2026-08-30T11:20:53+00:00] epoch 22/40 loss=0.382041 elapsed=10.9s | cuda=583MiB allocated/4822MiB reserved
[2026-08-30T11:20:54+00:00] epoch 23/40 loss=0.400366 elapsed=11.4s | cuda=583MiB allocated/4822MiB reserved
[2026-08-30T11:20:54+00:00] epoch 24/40 loss=0.419386 elapsed=11.9s | cuda=583MiB allocated/4822MiB reserved
[2026-08-30T11:20:55+00:00] epoch 25/40 loss=0.441204 elapsed=12.4s | cuda=583MiB allocated/4822MiB reserved
[2026-08-30T11:20:55+00:00] epoch 26/40 loss=0.461763 elapsed=12.9s | cuda=583MiB allocated/4822MiB reserved
[2026-08-30T11:20:56+00:00] epoch 27/40 loss=0.483527 elapsed=13.4s | cuda=583MiB allocated/4822MiB reserved
[2026-08-30T11:20:56+00:00] epoch 28/40 loss=0.501527 elapsed=13.9s | cuda=583MiB allocated/4822MiB reserved
[2026-08-30T11:20:57+00:00] epoch 29/40 loss=0.517575 elapsed=14.4s | cuda=583MiB allocated/4822MiB reserved
[2026-08-30T11:20:57+00:00] epoch 30/40 loss=0.541195 elapsed=14.9s | cuda=583MiB allocated/4822MiB reserved
[2026-08-30T11:20:58+00:00] epoch 31/40 loss=0.559136 elapsed=15.4s | cuda=583MiB allocated/4822MiB reserved
[2026-08-30T11:20:58+00:00] epoch 32/40 loss=0.583092 elapsed=15.9s | cuda=583MiB allocated/4822MiB reserved
[2026-08-30T11:20:58+00:00] epoch 33/40 loss=0.601338 elapsed=16.4s | cuda=583MiB allocated/4822MiB reserved
[2026-08-30T11:20:59+00:00] epoch 34/40 loss=0.621224 elapsed=16.9s | cuda=583MiB allocated/4822MiB reserved
[2026-08-30T11:20:59+00:00] epoch 35/40 loss=0.637820 elapsed=17.4s | cuda=583MiB allocated/4822MiB reserved
[2026-08-30T11:21:00+00:00] epoch 36/40 loss=0.651608 elapsed=17.9s | cuda=583MiB allocated/4822MiB reserved
[2026-08-30T11:21:00+00:00] epoch 37/40 loss=0.674110 elapsed=18.4s | cuda=583MiB allocated/4822MiB reserved
[2026-08-30T11:21:01+00:00] epoch 38/40 loss=0.688859 elapsed=18.9s | cuda=583MiB allocated/4822MiB reserved
[2026-08-30T11:21:01+00:00] epoch 39/40 loss=0.701346 elapsed=19.4s | cuda=583MiB allocated/4822MiB reserved
[2026-08-30T11:21:02+00:00] epoch 40/40 loss=0.715741 elapsed=19.9s | cuda=583MiB allocated/4822MiB reserved
[2026-08-30T11:21:02+00:00] DONE LODO0 | DG-Hetero-GNN | seed=3407 | F1=0.184478 | cuda=17MiB allocated/4822MiB reserved
[2026-08-30T11:21:02+00:00] START LODO0 | DG-Hetero-GNN | seed=2025 | cuda=17MiB allocated/68MiB reserved
[2026-08-30T11:21:03+00:00] epoch 1/40 loss=0.411306 elapsed=0.5s | cuda=583MiB allocated/4682MiB reserved
[2026-08-30T11:21:04+00:00] epoch 2/40 loss=0.398646 elapsed=1.0s | cuda=583MiB allocated/4822MiB reserved
[2026-08-30T11:21:04+00:00] epoch 3/40 loss=0.383615 elapsed=1.5s | cuda=583MiB allocated/4822MiB reserved
[2026-08-30T11:21:05+00:00] epoch 4/40 loss=0.365977 elapsed=2.0s | cuda=583MiB allocated/4822MiB reserved
[2026-08-30T11:21:05+00:00] epoch 5/40 loss=0.347040 elapsed=2.5s | cuda=583MiB allocated/4822MiB reserved
[2026-08-30T11:21:06+00:00] epoch 6/40 loss=0.327566 elapsed=3.0s | cuda=583MiB allocated/4822MiB reserved
[2026-08-30T11:21:06+00:00] epoch 7/40 loss=0.306198 elapsed=3.5s | cuda=583MiB allocated/4822MiB reserved
[2026-08-30T11:21:07+00:00] epoch 8/40 loss=0.286384 elapsed=4.0s | cuda=583MiB allocated/4822MiB reserved
[2026-08-30T11:21:07+00:00] epoch 9/40 loss=0.267316 elapsed=4.5s | cuda=583MiB allocated/4822MiB reserved
[2026-08-30T11:21:08+00:00] epoch 10/40 loss=0.251272 elapsed=5.0s | cuda=583MiB allocated/4822MiB reserved
[2026-08-30T11:21:08+00:00] epoch 11/40 loss=0.238269 elapsed=5.5s | cuda=583MiB allocated/4822MiB reserved
[2026-08-30T11:21:09+00:00] epoch 12/40 loss=0.229015 elapsed=6.0s | cuda=583MiB allocated/4822MiB reserved
[2026-08-30T11:21:09+00:00] epoch 13/40 loss=0.223083 elapsed=6.5s | cuda=583MiB allocated/4822MiB reserved
[2026-08-30T11:21:10+00:00] epoch 14/40 loss=0.222022 elapsed=7.0s | cuda=583MiB allocated/4822MiB reserved
[2026-08-30T11:21:10+00:00] epoch 15/40 loss=0.224696 elapsed=7.5s | cuda=583MiB allocated/4822MiB reserved
[2026-08-30T11:21:11+00:00] epoch 16/40 loss=0.229858 elapsed=7.9s | cuda=583MiB allocated/4822MiB reserved
[2026-08-30T11:21:11+00:00] epoch 17/40 loss=0.237894 elapsed=8.4s | cuda=583MiB allocated/4822MiB reserved
[2026-08-30T11:21:12+00:00] epoch 18/40 loss=0.248101 elapsed=8.9s | cuda=583MiB allocated/4822MiB reserved
[2026-08-30T11:21:12+00:00] epoch 19/40 loss=0.259256 elapsed=9.4s | cuda=583MiB allocated/4822MiB reserved
[2026-08-30T11:21:13+00:00] epoch 20/40 loss=0.271017 elapsed=9.9s | cuda=583MiB allocated/4822MiB reserved
[2026-08-30T11:21:13+00:00] epoch 21/40 loss=0.284720 elapsed=10.4s | cuda=583MiB allocated/4822MiB reserved
[2026-08-30T11:21:14+00:00] epoch 22/40 loss=0.299654 elapsed=10.9s | cuda=583MiB allocated/4822MiB reserved
[2026-08-30T11:21:14+00:00] epoch 23/40 loss=0.314781 elapsed=11.4s | cuda=583MiB allocated/4822MiB reserved
[2026-08-30T11:21:15+00:00] epoch 24/40 loss=0.329606 elapsed=11.9s | cuda=583MiB allocated/4822MiB reserved
[2026-08-30T11:21:15+00:00] epoch 25/40 loss=0.345255 elapsed=12.4s | cuda=583MiB allocated/4822MiB reserved
[2026-08-30T11:21:16+00:00] epoch 26/40 loss=0.361234 elapsed=12.9s | cuda=583MiB allocated/4822MiB reserved
[2026-08-30T11:21:16+00:00] epoch 27/40 loss=0.377039 elapsed=13.4s | cuda=583MiB allocated/4822MiB reserved
[2026-08-30T11:21:17+00:00] epoch 28/40 loss=0.394221 elapsed=13.9s | cuda=583MiB allocated/4822MiB reserved
[2026-08-30T11:21:17+00:00] epoch 29/40 loss=0.410885 elapsed=14.4s | cuda=583MiB allocated/4822MiB reserved
[2026-08-30T11:21:18+00:00] epoch 30/40 loss=0.429267 elapsed=14.9s | cuda=583MiB allocated/4822MiB reserved
[2026-08-30T11:21:18+00:00] epoch 31/40 loss=0.448300 elapsed=15.4s | cuda=583MiB allocated/4822MiB reserved
[2026-08-30T11:21:19+00:00] epoch 32/40 loss=0.465580 elapsed=15.9s | cuda=583MiB allocated/4822MiB reserved
[2026-08-30T11:21:19+00:00] epoch 33/40 loss=0.483079 elapsed=16.4s | cuda=583MiB allocated/4822MiB reserved
[2026-08-30T11:21:20+00:00] epoch 34/40 loss=0.503012 elapsed=16.9s | cuda=583MiB allocated/4822MiB reserved
[2026-08-30T11:21:20+00:00] epoch 35/40 loss=0.521751 elapsed=17.4s | cuda=583MiB allocated/4822MiB reserved
[2026-08-30T11:21:21+00:00] epoch 36/40 loss=0.540150 elapsed=17.9s | cuda=583MiB allocated/4822MiB reserved
[2026-08-30T11:21:21+00:00] epoch 37/40 loss=0.558405 elapsed=18.4s | cuda=583MiB allocated/4822MiB reserved
[2026-08-30T11:21:22+00:00] epoch 38/40 loss=0.576425 elapsed=18.9s | cuda=583MiB allocated/4822MiB reserved
[2026-08-30T11:21:22+00:00] epoch 39/40 loss=0.594416 elapsed=19.4s | cuda=583MiB allocated/4822MiB reserved
[2026-08-30T11:21:23+00:00] epoch 40/40 loss=0.612090 elapsed=19.9s | cuda=583MiB allocated/4822MiB reserved
[2026-08-30T11:21:23+00:00] DONE LODO0 | DG-Hetero-GNN | seed=2025 | F1=0.011485 | cuda=17MiB allocated/4822MiB reserved
[2026-08-30T11:21:23+00:00] START LODO0 | DG-Hetero-GNN | seed=9999 | cuda=17MiB allocated/68MiB reserved
[2026-08-30T11:21:24+00:00] epoch 1/40 loss=0.414667 elapsed=0.5s | cuda=583MiB allocated/4682MiB reserved
[2026-08-30T11:21:24+00:00] epoch 2/40 loss=0.386183 elapsed=1.0s | cuda=583MiB allocated/4822MiB reserved
[2026-08-30T11:21:25+00:00] epoch 3/40 loss=0.357263 elapsed=1.5s | cuda=583MiB allocated/4822MiB reserved
[2026-08-30T11:21:25+00:00] epoch 4/40 loss=0.330945 elapsed=2.0s | cuda=583MiB allocated/4822MiB reserved
[2026-08-30T11:21:26+00:00] epoch 5/40 loss=0.305236 elapsed=2.5s | cuda=583MiB allocated/4822MiB reserved
[2026-08-30T11:21:26+00:00] epoch 6/40 loss=0.282125 elapsed=3.0s | cuda=583MiB allocated/4822MiB reserved
[2026-08-30T11:21:27+00:00] epoch 7/40 loss=0.260648 elapsed=3.5s | cuda=583MiB allocated/4822MiB reserved
[2026-08-30T11:21:27+00:00] epoch 8/40 loss=0.243744 elapsed=4.0s | cuda=583MiB allocated/4822MiB reserved
[2026-08-30T11:21:28+00:00] epoch 9/40 loss=0.231199 elapsed=4.5s | cuda=583MiB allocated/4822MiB reserved
[2026-08-30T11:21:28+00:00] epoch 10/40 loss=0.222857 elapsed=5.0s | cuda=583MiB allocated/4822MiB reserved
[2026-08-30T11:21:29+00:00] epoch 11/40 loss=0.220847 elapsed=5.5s | cuda=583MiB allocated/4822MiB reserved
[2026-08-30T11:21:29+00:00] epoch 12/40 loss=0.223711 elapsed=6.0s | cuda=583MiB allocated/4822MiB reserved
[2026-08-30T11:21:30+00:00] epoch 13/40 loss=0.230336 elapsed=6.5s | cuda=583MiB allocated/4822MiB reserved
[2026-08-30T11:21:30+00:00] epoch 14/40 loss=0.243710 elapsed=7.0s | cuda=583MiB allocated/4822MiB reserved
[2026-08-30T11:21:31+00:00] epoch 15/40 loss=0.259382 elapsed=7.5s | cuda=583MiB allocated/4822MiB reserved
[2026-08-30T11:21:31+00:00] epoch 16/40 loss=0.277847 elapsed=8.0s | cuda=583MiB allocated/4822MiB reserved
[2026-08-30T11:21:32+00:00] epoch 17/40 loss=0.295657 elapsed=8.4s | cuda=583MiB allocated/4822MiB reserved
[2026-08-30T11:21:32+00:00] epoch 18/40 loss=0.320745 elapsed=8.9s | cuda=583MiB allocated/4822MiB reserved
[2026-08-30T11:21:33+00:00] epoch 19/40 loss=0.344616 elapsed=9.4s | cuda=583MiB allocated/4822MiB reserved
[2026-08-30T11:21:33+00:00] epoch 20/40 loss=0.370070 elapsed=9.9s | cuda=583MiB allocated/4822MiB reserved
[2026-08-30T11:21:34+00:00] epoch 21/40 loss=0.396668 elapsed=10.4s | cuda=583MiB allocated/4822MiB reserved
[2026-08-30T11:21:34+00:00] epoch 22/40 loss=0.424860 elapsed=10.9s | cuda=583MiB allocated/4822MiB reserved
[2026-08-30T11:21:35+00:00] epoch 23/40 loss=0.452849 elapsed=11.4s | cuda=583MiB allocated/4822MiB reserved
[2026-08-30T11:21:35+00:00] epoch 24/40 loss=0.483085 elapsed=11.9s | cuda=583MiB allocated/4822MiB reserved
[2026-08-30T11:21:36+00:00] epoch 25/40 loss=0.516412 elapsed=12.4s | cuda=583MiB allocated/4822MiB reserved
[2026-08-30T11:21:36+00:00] epoch 26/40 loss=0.547115 elapsed=12.9s | cuda=583MiB allocated/4822MiB reserved
[2026-08-30T11:21:37+00:00] epoch 27/40 loss=0.588359 elapsed=13.4s | cuda=583MiB allocated/4822MiB reserved
[2026-08-30T11:21:37+00:00] epoch 28/40 loss=0.618757 elapsed=13.9s | cuda=583MiB allocated/4822MiB reserved
[2026-08-30T11:21:38+00:00] epoch 29/40 loss=0.651623 elapsed=14.4s | cuda=583MiB allocated/4822MiB reserved
[2026-08-30T11:21:38+00:00] epoch 30/40 loss=0.685560 elapsed=14.9s | cuda=583MiB allocated/4822MiB reserved
[2026-08-30T11:21:39+00:00] epoch 31/40 loss=0.717409 elapsed=15.4s | cuda=583MiB allocated/4822MiB reserved
[2026-08-30T11:21:39+00:00] epoch 32/40 loss=0.752707 elapsed=15.9s | cuda=583MiB allocated/4822MiB reserved
[2026-08-30T11:21:40+00:00] epoch 33/40 loss=0.779330 elapsed=16.4s | cuda=583MiB allocated/4822MiB reserved
[2026-08-30T11:21:40+00:00] epoch 34/40 loss=0.816714 elapsed=16.9s | cuda=583MiB allocated/4822MiB reserved
[2026-08-30T11:21:41+00:00] epoch 35/40 loss=0.843231 elapsed=17.4s | cuda=583MiB allocated/4822MiB reserved
[2026-08-30T11:21:41+00:00] epoch 36/40 loss=0.876054 elapsed=17.9s | cuda=583MiB allocated/4822MiB reserved
[2026-08-30T11:21:42+00:00] epoch 37/40 loss=0.906855 elapsed=18.4s | cuda=583MiB allocated/4822MiB reserved
[2026-08-30T11:21:42+00:00] epoch 38/40 loss=0.936100 elapsed=18.9s | cuda=583MiB allocated/4822MiB reserved
[2026-08-30T11:21:43+00:00] epoch 39/40 loss=0.963597 elapsed=19.4s | cuda=583MiB allocated/4822MiB reserved
[2026-08-30T11:21:43+00:00] epoch 40/40 loss=0.987589 elapsed=19.9s | cuda=583MiB allocated/4822MiB reserved
[2026-08-30T11:21:44+00:00] DONE LODO0 | DG-Hetero-GNN | seed=9999 | F1=0.066761 | cuda=17MiB allocated/4822MiB reserved
[2026-08-30T11:21:44+00:00] START LODO0 | XGBoost | seed=42 | cuda=17MiB allocated/68MiB reserved
[2026-08-30T11:22:00+00:00] DONE LODO0 | XGBoost | seed=42 | F1=0.211490 | cuda=17MiB allocated/68MiB reserved
[2026-08-30T11:22:00+00:00] START LODO0 | XGBoost | seed=123 | cuda=17MiB allocated/68MiB reserved
[2026-08-30T11:22:14+00:00] DONE LODO0 | XGBoost | seed=123 | F1=0.198138 | cuda=17MiB allocated/68MiB reserved
[2026-08-30T11:22:14+00:00] START LODO0 | XGBoost | seed=3407 | cuda=17MiB allocated/68MiB reserved
[2026-08-30T11:22:27+00:00] DONE LODO0 | XGBoost | seed=3407 | F1=0.218304 | cuda=17MiB allocated/68MiB reserved
[2026-08-30T11:22:27+00:00] START LODO0 | XGBoost | seed=2025 | cuda=17MiB allocated/68MiB reserved
[2026-08-30T11:22:41+00:00] DONE LODO0 | XGBoost | seed=2025 | F1=0.208080 | cuda=17MiB allocated/68MiB reserved
[2026-08-30T11:22:41+00:00] START LODO0 | XGBoost | seed=9999 | cuda=17MiB allocated/68MiB reserved
[2026-08-30T11:22:54+00:00] DONE LODO0 | XGBoost | seed=9999 | F1=0.209420 | cuda=17MiB allocated/68MiB reserved
[2026-08-30T11:22:54+00:00] START LODO0 | MLP | seed=42 | cuda=17MiB allocated/68MiB reserved
[2026-08-30T11:22:56+00:00] DONE LODO0 | MLP | seed=42 | F1=0.172287 | cuda=17MiB allocated/1080MiB reserved
[2026-08-30T11:22:56+00:00] START LODO0 | MLP | seed=123 | cuda=17MiB allocated/68MiB reserved
[2026-08-30T11:22:58+00:00] DONE LODO0 | MLP | seed=123 | F1=0.203476 | cuda=17MiB allocated/1080MiB reserved
[2026-08-30T11:22:58+00:00] START LODO0 | MLP | seed=3407 | cuda=17MiB allocated/68MiB reserved
[2026-08-30T11:23:00+00:00] DONE LODO0 | MLP | seed=3407 | F1=0.144683 | cuda=17MiB allocated/1080MiB reserved
[2026-08-30T11:23:00+00:00] START LODO0 | MLP | seed=2025 | cuda=17MiB allocated/68MiB reserved
[2026-08-30T11:23:02+00:00] DONE LODO0 | MLP | seed=2025 | F1=0.116610 | cuda=17MiB allocated/1080MiB reserved
[2026-08-30T11:23:02+00:00] START LODO0 | MLP | seed=9999 | cuda=17MiB allocated/68MiB reserved
[2026-08-30T11:23:04+00:00] DONE LODO0 | MLP | seed=9999 | F1=0.167920 | cuda=17MiB allocated/1080MiB reserved
[2026-08-30T11:23:04+00:00] START LODO0 | GCN | seed=42 | cuda=17MiB allocated/68MiB reserved
[2026-08-30T11:23:19+00:00] DONE LODO0 | GCN | seed=42 | F1=0.010596 | cuda=17MiB allocated/2598MiB reserved
[2026-08-30T11:23:19+00:00] START LODO0 | GCN | seed=123 | cuda=17MiB allocated/68MiB reserved
[2026-08-30T11:23:35+00:00] DONE LODO0 | GCN | seed=123 | F1=0.087683 | cuda=17MiB allocated/2598MiB reserved
[2026-08-30T11:23:35+00:00] START LODO0 | GCN | seed=3407 | cuda=17MiB allocated/68MiB reserved
[2026-08-30T11:23:50+00:00] DONE LODO0 | GCN | seed=3407 | F1=0.235396 | cuda=17MiB allocated/2598MiB reserved
[2026-08-30T11:23:50+00:00] START LODO0 | GCN | seed=2025 | cuda=17MiB allocated/68MiB reserved
[2026-08-30T11:24:05+00:00] DONE LODO0 | GCN | seed=2025 | F1=0.209159 | cuda=17MiB allocated/2598MiB reserved
[2026-08-30T11:24:05+00:00] START LODO0 | GCN | seed=9999 | cuda=17MiB allocated/68MiB reserved
[2026-08-30T11:24:21+00:00] DONE LODO0 | GCN | seed=9999 | F1=0.179213 | cuda=17MiB allocated/2598MiB reserved
[2026-08-30T11:24:21+00:00] START LODO0 | GraphSAGE | seed=42 | cuda=17MiB allocated/68MiB reserved
[2026-08-30T11:24:34+00:00] DONE LODO0 | GraphSAGE | seed=42 | F1=0.030433 | cuda=17MiB allocated/3702MiB reserved
[2026-08-30T11:24:34+00:00] START LODO0 | GraphSAGE | seed=123 | cuda=17MiB allocated/68MiB reserved
[2026-08-30T11:24:47+00:00] DONE LODO0 | GraphSAGE | seed=123 | F1=0.109033 | cuda=17MiB allocated/3702MiB reserved
[2026-08-30T11:24:47+00:00] START LODO0 | GraphSAGE | seed=3407 | cuda=17MiB allocated/68MiB reserved
[2026-08-30T11:25:00+00:00] DONE LODO0 | GraphSAGE | seed=3407 | F1=0.129510 | cuda=17MiB allocated/3702MiB reserved
[2026-08-30T11:25:00+00:00] START LODO0 | GraphSAGE | seed=2025 | cuda=17MiB allocated/68MiB reserved
[2026-08-30T11:25:13+00:00] DONE LODO0 | GraphSAGE | seed=2025 | F1=0.045681 | cuda=17MiB allocated/3702MiB reserved
[2026-08-30T11:25:13+00:00] START LODO0 | GraphSAGE | seed=9999 | cuda=17MiB allocated/68MiB reserved
[2026-08-30T11:25:26+00:00] DONE LODO0 | GraphSAGE | seed=9999 | F1=0.106359 | cuda=17MiB allocated/3702MiB reserved
[2026-08-30T11:25:26+00:00] START LODO0 | GAT | seed=42 | cuda=17MiB allocated/68MiB reserved
[2026-08-30T11:26:16+00:00] DONE LODO0 | GAT | seed=42 | F1=0.168052 | cuda=17MiB allocated/11028MiB reserved
[2026-08-30T11:26:16+00:00] START LODO0 | GAT | seed=123 | cuda=17MiB allocated/68MiB reserved
[2026-08-30T11:27:05+00:00] DONE LODO0 | GAT | seed=123 | F1=0.215382 | cuda=17MiB allocated/11028MiB reserved
[2026-08-30T11:27:05+00:00] START LODO0 | GAT | seed=3407 | cuda=17MiB allocated/68MiB reserved
[2026-08-30T11:27:55+00:00] DONE LODO0 | GAT | seed=3407 | F1=0.176343 | cuda=17MiB allocated/11028MiB reserved
[2026-08-30T11:27:55+00:00] START LODO0 | GAT | seed=2025 | cuda=17MiB allocated/68MiB reserved
[2026-08-30T11:28:44+00:00] DONE LODO0 | GAT | seed=2025 | F1=0.260618 | cuda=17MiB allocated/11028MiB reserved
[2026-08-30T11:28:44+00:00] START LODO0 | GAT | seed=9999 | cuda=17MiB allocated/68MiB reserved
[2026-08-30T11:29:34+00:00] DONE LODO0 | GAT | seed=9999 | F1=0.192551 | cuda=17MiB allocated/11028MiB reserved
[2026-08-30T11:29:34+00:00] START LODO0 | HeteroGraphSAGE | seed=42 | cuda=17MiB allocated/68MiB reserved
[2026-08-30T11:29:35+00:00] HeteroGraphSAGE epoch 1/40 loss=0.132784 | cuda=581MiB allocated/4060MiB reserved
[2026-08-30T11:29:35+00:00] HeteroGraphSAGE epoch 2/40 loss=0.076852 | cuda=581MiB allocated/4200MiB reserved
[2026-08-30T11:29:36+00:00] HeteroGraphSAGE epoch 3/40 loss=0.050347 | cuda=581MiB allocated/4200MiB reserved
[2026-08-30T11:29:36+00:00] HeteroGraphSAGE epoch 4/40 loss=0.041170 | cuda=581MiB allocated/4200MiB reserved
[2026-08-30T11:29:37+00:00] HeteroGraphSAGE epoch 5/40 loss=0.040003 | cuda=581MiB allocated/4200MiB reserved
[2026-08-30T11:29:37+00:00] HeteroGraphSAGE epoch 6/40 loss=0.042200 | cuda=581MiB allocated/4200MiB reserved
[2026-08-30T11:29:38+00:00] HeteroGraphSAGE epoch 7/40 loss=0.044168 | cuda=581MiB allocated/4200MiB reserved
[2026-08-30T11:29:38+00:00] HeteroGraphSAGE epoch 8/40 loss=0.046487 | cuda=581MiB allocated/4200MiB reserved
[2026-08-30T11:29:39+00:00] HeteroGraphSAGE epoch 9/40 loss=0.048265 | cuda=581MiB allocated/4200MiB reserved
[2026-08-30T11:29:39+00:00] HeteroGraphSAGE epoch 10/40 loss=0.048835 | cuda=581MiB allocated/4200MiB reserved
[2026-08-30T11:29:40+00:00] HeteroGraphSAGE epoch 11/40 loss=0.048523 | cuda=581MiB allocated/4200MiB reserved
[2026-08-30T11:29:40+00:00] HeteroGraphSAGE epoch 12/40 loss=0.047231 | cuda=581MiB allocated/4200MiB reserved
[2026-08-30T11:29:40+00:00] HeteroGraphSAGE epoch 13/40 loss=0.045588 | cuda=581MiB allocated/4200MiB reserved
[2026-08-30T11:29:41+00:00] HeteroGraphSAGE epoch 14/40 loss=0.043411 | cuda=581MiB allocated/4200MiB reserved
[2026-08-30T11:29:41+00:00] HeteroGraphSAGE epoch 15/40 loss=0.042138 | cuda=581MiB allocated/4200MiB reserved
[2026-08-30T11:29:42+00:00] HeteroGraphSAGE epoch 16/40 loss=0.040794 | cuda=581MiB allocated/4200MiB reserved
[2026-08-30T11:29:42+00:00] HeteroGraphSAGE epoch 17/40 loss=0.039218 | cuda=581MiB allocated/4200MiB reserved
[2026-08-30T11:29:43+00:00] HeteroGraphSAGE epoch 18/40 loss=0.038007 | cuda=581MiB allocated/4200MiB reserved
[2026-08-30T11:29:43+00:00] HeteroGraphSAGE epoch 19/40 loss=0.037224 | cuda=581MiB allocated/4200MiB reserved
[2026-08-30T11:29:44+00:00] HeteroGraphSAGE epoch 20/40 loss=0.036745 | cuda=581MiB allocated/4200MiB reserved
[2026-08-30T11:29:44+00:00] HeteroGraphSAGE epoch 21/40 loss=0.036804 | cuda=581MiB allocated/4200MiB reserved
[2026-08-30T11:29:45+00:00] HeteroGraphSAGE epoch 22/40 loss=0.036974 | cuda=581MiB allocated/4200MiB reserved
[2026-08-30T11:29:45+00:00] HeteroGraphSAGE epoch 23/40 loss=0.037279 | cuda=581MiB allocated/4200MiB reserved
[2026-08-30T11:29:46+00:00] HeteroGraphSAGE epoch 24/40 loss=0.037624 | cuda=581MiB allocated/4200MiB reserved
[2026-08-30T11:29:46+00:00] HeteroGraphSAGE epoch 25/40 loss=0.037908 | cuda=581MiB allocated/4200MiB reserved
[2026-08-30T11:29:47+00:00] HeteroGraphSAGE epoch 26/40 loss=0.037673 | cuda=581MiB allocated/4200MiB reserved
[2026-08-30T11:29:47+00:00] HeteroGraphSAGE epoch 27/40 loss=0.037650 | cuda=581MiB allocated/4200MiB reserved
[2026-08-30T11:29:48+00:00] HeteroGraphSAGE epoch 28/40 loss=0.037294 | cuda=581MiB allocated/4200MiB reserved
[2026-08-30T11:29:48+00:00] HeteroGraphSAGE epoch 29/40 loss=0.036769 | cuda=581MiB allocated/4200MiB reserved
[2026-08-30T11:29:49+00:00] HeteroGraphSAGE epoch 30/40 loss=0.036416 | cuda=581MiB allocated/4200MiB reserved
[2026-08-30T11:29:49+00:00] HeteroGraphSAGE epoch 31/40 loss=0.035976 | cuda=581MiB allocated/4200MiB reserved
[2026-08-30T11:29:50+00:00] HeteroGraphSAGE epoch 32/40 loss=0.035751 | cuda=581MiB allocated/4200MiB reserved
[2026-08-30T11:29:50+00:00] HeteroGraphSAGE epoch 33/40 loss=0.035637 | cuda=581MiB allocated/4200MiB reserved
[2026-08-30T11:29:51+00:00] HeteroGraphSAGE epoch 34/40 loss=0.035567 | cuda=581MiB allocated/4200MiB reserved
[2026-08-30T11:29:51+00:00] HeteroGraphSAGE epoch 35/40 loss=0.035605 | cuda=581MiB allocated/4200MiB reserved
[2026-08-30T11:29:51+00:00] HeteroGraphSAGE epoch 36/40 loss=0.035708 | cuda=581MiB allocated/4200MiB reserved
[2026-08-30T11:29:52+00:00] HeteroGraphSAGE epoch 37/40 loss=0.035687 | cuda=581MiB allocated/4200MiB reserved
[2026-08-30T11:29:52+00:00] HeteroGraphSAGE epoch 38/40 loss=0.035825 | cuda=581MiB allocated/4200MiB reserved
[2026-08-30T11:29:53+00:00] HeteroGraphSAGE epoch 39/40 loss=0.035825 | cuda=581MiB allocated/4200MiB reserved
[2026-08-30T11:29:53+00:00] HeteroGraphSAGE epoch 40/40 loss=0.035641 | cuda=581MiB allocated/4200MiB reserved
[2026-08-30T11:29:54+00:00] DONE LODO0 | HeteroGraphSAGE | seed=42 | F1=0.278462 | cuda=67MiB allocated/4200MiB reserved
[2026-08-30T11:29:54+00:00] START LODO0 | HeteroGraphSAGE | seed=123 | cuda=67MiB allocated/126MiB reserved
[2026-08-30T11:29:55+00:00] HeteroGraphSAGE epoch 1/40 loss=0.274467 | cuda=631MiB allocated/4116MiB reserved
[2026-08-30T11:29:55+00:00] HeteroGraphSAGE epoch 2/40 loss=0.193989 | cuda=631MiB allocated/4254MiB reserved
[2026-08-30T11:29:56+00:00] HeteroGraphSAGE epoch 3/40 loss=0.139408 | cuda=631MiB allocated/4254MiB reserved
[2026-08-30T11:29:56+00:00] HeteroGraphSAGE epoch 4/40 loss=0.100744 | cuda=631MiB allocated/4254MiB reserved
[2026-08-30T11:29:57+00:00] HeteroGraphSAGE epoch 5/40 loss=0.074290 | cuda=631MiB allocated/4254MiB reserved
[2026-08-30T11:29:57+00:00] HeteroGraphSAGE epoch 6/40 loss=0.055422 | cuda=631MiB allocated/4254MiB reserved
[2026-08-30T11:29:57+00:00] HeteroGraphSAGE epoch 7/40 loss=0.044924 | cuda=631MiB allocated/4254MiB reserved
[2026-08-30T11:29:58+00:00] HeteroGraphSAGE epoch 8/40 loss=0.039385 | cuda=631MiB allocated/4254MiB reserved
[2026-08-30T11:29:58+00:00] HeteroGraphSAGE epoch 9/40 loss=0.038307 | cuda=631MiB allocated/4254MiB reserved
[2026-08-30T11:29:59+00:00] HeteroGraphSAGE epoch 10/40 loss=0.039386 | cuda=631MiB allocated/4254MiB reserved
[2026-08-30T11:29:59+00:00] HeteroGraphSAGE epoch 11/40 loss=0.041231 | cuda=631MiB allocated/4254MiB reserved
[2026-08-30T11:30:00+00:00] HeteroGraphSAGE epoch 12/40 loss=0.043970 | cuda=631MiB allocated/4254MiB reserved
[2026-08-30T11:30:00+00:00] HeteroGraphSAGE epoch 13/40 loss=0.045281 | cuda=631MiB allocated/4254MiB reserved
[2026-08-30T11:30:01+00:00] HeteroGraphSAGE epoch 14/40 loss=0.047349 | cuda=631MiB allocated/4254MiB reserved
[2026-08-30T11:30:01+00:00] HeteroGraphSAGE epoch 15/40 loss=0.048209 | cuda=631MiB allocated/4254MiB reserved
[2026-08-30T11:30:02+00:00] HeteroGraphSAGE epoch 16/40 loss=0.048485 | cuda=631MiB allocated/4254MiB reserved
[2026-08-30T11:30:02+00:00] HeteroGraphSAGE epoch 17/40 loss=0.048254 | cuda=631MiB allocated/4254MiB reserved
[2026-08-30T11:30:03+00:00] HeteroGraphSAGE epoch 18/40 loss=0.047198 | cuda=631MiB allocated/4254MiB reserved
[2026-08-30T11:30:03+00:00] HeteroGraphSAGE epoch 19/40 loss=0.045809 | cuda=631MiB allocated/4254MiB reserved
[2026-08-30T11:30:04+00:00] HeteroGraphSAGE epoch 20/40 loss=0.044646 | cuda=631MiB allocated/4254MiB reserved
[2026-08-30T11:30:04+00:00] HeteroGraphSAGE epoch 21/40 loss=0.042890 | cuda=631MiB allocated/4254MiB reserved
[2026-08-30T11:30:05+00:00] HeteroGraphSAGE epoch 22/40 loss=0.041459 | cuda=631MiB allocated/4254MiB reserved
[2026-08-30T11:30:05+00:00] HeteroGraphSAGE epoch 23/40 loss=0.040158 | cuda=631MiB allocated/4254MiB reserved
[2026-08-30T11:30:06+00:00] HeteroGraphSAGE epoch 24/40 loss=0.038683 | cuda=631MiB allocated/4254MiB reserved
[2026-08-30T11:30:06+00:00] HeteroGraphSAGE epoch 25/40 loss=0.037544 | cuda=631MiB allocated/4254MiB reserved
[2026-08-30T11:30:07+00:00] HeteroGraphSAGE epoch 26/40 loss=0.037011 | cuda=631MiB allocated/4254MiB reserved
[2026-08-30T11:30:07+00:00] HeteroGraphSAGE epoch 27/40 loss=0.036636 | cuda=631MiB allocated/4254MiB reserved
[2026-08-30T11:30:07+00:00] HeteroGraphSAGE epoch 28/40 loss=0.036334 | cuda=631MiB allocated/4254MiB reserved
[2026-08-30T11:30:08+00:00] HeteroGraphSAGE epoch 29/40 loss=0.036394 | cuda=631MiB allocated/4254MiB reserved
[2026-08-30T11:30:08+00:00] HeteroGraphSAGE epoch 30/40 loss=0.036583 | cuda=631MiB allocated/4254MiB reserved
[2026-08-30T11:30:09+00:00] HeteroGraphSAGE epoch 31/40 loss=0.036796 | cuda=631MiB allocated/4254MiB reserved
[2026-08-30T11:30:09+00:00] HeteroGraphSAGE epoch 32/40 loss=0.036935 | cuda=631MiB allocated/4254MiB reserved
[2026-08-30T11:30:10+00:00] HeteroGraphSAGE epoch 33/40 loss=0.037214 | cuda=631MiB allocated/4254MiB reserved
[2026-08-30T11:30:10+00:00] HeteroGraphSAGE epoch 34/40 loss=0.037320 | cuda=631MiB allocated/4254MiB reserved
[2026-08-30T11:30:11+00:00] HeteroGraphSAGE epoch 35/40 loss=0.037362 | cuda=631MiB allocated/4254MiB reserved
[2026-08-30T11:30:11+00:00] HeteroGraphSAGE epoch 36/40 loss=0.037372 | cuda=631MiB allocated/4254MiB reserved
[2026-08-30T11:30:12+00:00] HeteroGraphSAGE epoch 37/40 loss=0.037219 | cuda=631MiB allocated/4254MiB reserved
[2026-08-30T11:30:12+00:00] HeteroGraphSAGE epoch 38/40 loss=0.036932 | cuda=631MiB allocated/4254MiB reserved
[2026-08-30T11:30:13+00:00] HeteroGraphSAGE epoch 39/40 loss=0.036743 | cuda=631MiB allocated/4254MiB reserved
[2026-08-30T11:30:13+00:00] HeteroGraphSAGE epoch 40/40 loss=0.036505 | cuda=631MiB allocated/4254MiB reserved
[2026-08-30T11:30:14+00:00] DONE LODO0 | HeteroGraphSAGE | seed=123 | F1=0.263392 | cuda=66MiB allocated/4254MiB reserved
[2026-08-30T11:30:14+00:00] START LODO0 | HeteroGraphSAGE | seed=3407 | cuda=66MiB allocated/126MiB reserved
[2026-08-30T11:30:14+00:00] HeteroGraphSAGE epoch 1/40 loss=0.325537 | cuda=631MiB allocated/4116MiB reserved
[2026-08-30T11:30:15+00:00] HeteroGraphSAGE epoch 2/40 loss=0.218398 | cuda=631MiB allocated/4254MiB reserved
[2026-08-30T11:30:15+00:00] HeteroGraphSAGE epoch 3/40 loss=0.151259 | cuda=631MiB allocated/4254MiB reserved
[2026-08-30T11:30:16+00:00] HeteroGraphSAGE epoch 4/40 loss=0.105412 | cuda=631MiB allocated/4254MiB reserved
[2026-08-30T11:30:16+00:00] HeteroGraphSAGE epoch 5/40 loss=0.076028 | cuda=631MiB allocated/4254MiB reserved
[2026-08-30T11:30:17+00:00] HeteroGraphSAGE epoch 6/40 loss=0.058345 | cuda=631MiB allocated/4254MiB reserved
[2026-08-30T11:30:17+00:00] HeteroGraphSAGE epoch 7/40 loss=0.047573 | cuda=631MiB allocated/4254MiB reserved
[2026-08-30T11:30:18+00:00] HeteroGraphSAGE epoch 8/40 loss=0.041713 | cuda=631MiB allocated/4254MiB reserved
[2026-08-30T11:30:18+00:00] HeteroGraphSAGE epoch 9/40 loss=0.039148 | cuda=631MiB allocated/4254MiB reserved
[2026-08-30T11:30:19+00:00] HeteroGraphSAGE epoch 10/40 loss=0.038814 | cuda=631MiB allocated/4254MiB reserved
[2026-08-30T11:30:19+00:00] HeteroGraphSAGE epoch 11/40 loss=0.039985 | cuda=631MiB allocated/4254MiB reserved
[2026-08-30T11:30:20+00:00] HeteroGraphSAGE epoch 12/40 loss=0.041301 | cuda=631MiB allocated/4254MiB reserved
[2026-08-30T11:30:20+00:00] HeteroGraphSAGE epoch 13/40 loss=0.042700 | cuda=631MiB allocated/4254MiB reserved
[2026-08-30T11:30:21+00:00] HeteroGraphSAGE epoch 14/40 loss=0.045024 | cuda=631MiB allocated/4254MiB reserved
[2026-08-30T11:30:21+00:00] HeteroGraphSAGE epoch 15/40 loss=0.045891 | cuda=631MiB allocated/4254MiB reserved
[2026-08-30T11:30:22+00:00] HeteroGraphSAGE epoch 16/40 loss=0.046519 | cuda=631MiB allocated/4254MiB reserved
[2026-08-30T11:30:22+00:00] HeteroGraphSAGE epoch 17/40 loss=0.046556 | cuda=631MiB allocated/4254MiB reserved
[2026-08-30T11:30:23+00:00] HeteroGraphSAGE epoch 18/40 loss=0.046427 | cuda=631MiB allocated/4254MiB reserved
[2026-08-30T11:30:23+00:00] HeteroGraphSAGE epoch 19/40 loss=0.045724 | cuda=631MiB allocated/4254MiB reserved
[2026-08-30T11:30:24+00:00] HeteroGraphSAGE epoch 20/40 loss=0.045124 | cuda=631MiB allocated/4254MiB reserved
[2026-08-30T11:30:24+00:00] HeteroGraphSAGE epoch 21/40 loss=0.044485 | cuda=631MiB allocated/4254MiB reserved
[2026-08-30T11:30:24+00:00] HeteroGraphSAGE epoch 22/40 loss=0.043427 | cuda=631MiB allocated/4254MiB reserved
[2026-08-30T11:30:25+00:00] HeteroGraphSAGE epoch 23/40 loss=0.041825 | cuda=631MiB allocated/4254MiB reserved
[2026-08-30T11:30:25+00:00] HeteroGraphSAGE epoch 24/40 loss=0.040487 | cuda=631MiB allocated/4254MiB reserved
[2026-08-30T11:30:26+00:00] HeteroGraphSAGE epoch 25/40 loss=0.039290 | cuda=631MiB allocated/4254MiB reserved
[2026-08-30T11:30:26+00:00] HeteroGraphSAGE epoch 26/40 loss=0.038414 | cuda=631MiB allocated/4254MiB reserved
[2026-08-30T11:30:27+00:00] HeteroGraphSAGE epoch 27/40 loss=0.037364 | cuda=631MiB allocated/4254MiB reserved
[2026-08-30T11:30:27+00:00] HeteroGraphSAGE epoch 28/40 loss=0.036685 | cuda=631MiB allocated/4254MiB reserved
[2026-08-30T11:30:28+00:00] HeteroGraphSAGE epoch 29/40 loss=0.036509 | cuda=631MiB allocated/4254MiB reserved
[2026-08-30T11:30:28+00:00] HeteroGraphSAGE epoch 30/40 loss=0.036117 | cuda=631MiB allocated/4254MiB reserved
[2026-08-30T11:30:29+00:00] HeteroGraphSAGE epoch 31/40 loss=0.036051 | cuda=631MiB allocated/4254MiB reserved
[2026-08-30T11:30:29+00:00] HeteroGraphSAGE epoch 32/40 loss=0.036220 | cuda=631MiB allocated/4254MiB reserved
[2026-08-30T11:30:30+00:00] HeteroGraphSAGE epoch 33/40 loss=0.036399 | cuda=631MiB allocated/4254MiB reserved
[2026-08-30T11:30:30+00:00] HeteroGraphSAGE epoch 34/40 loss=0.036442 | cuda=631MiB allocated/4254MiB reserved
[2026-08-30T11:30:31+00:00] HeteroGraphSAGE epoch 35/40 loss=0.036575 | cuda=631MiB allocated/4254MiB reserved
[2026-08-30T11:30:31+00:00] HeteroGraphSAGE epoch 36/40 loss=0.036878 | cuda=631MiB allocated/4254MiB reserved
[2026-08-30T11:30:32+00:00] HeteroGraphSAGE epoch 37/40 loss=0.036869 | cuda=631MiB allocated/4254MiB reserved
[2026-08-30T11:30:32+00:00] HeteroGraphSAGE epoch 38/40 loss=0.036742 | cuda=631MiB allocated/4254MiB reserved
[2026-08-30T11:30:33+00:00] HeteroGraphSAGE epoch 39/40 loss=0.036772 | cuda=631MiB allocated/4254MiB reserved
[2026-08-30T11:30:33+00:00] HeteroGraphSAGE epoch 40/40 loss=0.036550 | cuda=631MiB allocated/4254MiB reserved
[2026-08-30T11:30:33+00:00] DONE LODO0 | HeteroGraphSAGE | seed=3407 | F1=0.071082 | cuda=67MiB allocated/4254MiB reserved
[2026-08-30T11:30:34+00:00] START LODO0 | HeteroGraphSAGE | seed=2025 | cuda=67MiB allocated/128MiB reserved
[2026-08-30T11:30:34+00:00] HeteroGraphSAGE epoch 1/40 loss=0.095481 | cuda=631MiB allocated/4116MiB reserved
[2026-08-30T11:30:35+00:00] HeteroGraphSAGE epoch 2/40 loss=0.060921 | cuda=631MiB allocated/4254MiB reserved
[2026-08-30T11:30:35+00:00] HeteroGraphSAGE epoch 3/40 loss=0.046198 | cuda=631MiB allocated/4254MiB reserved
[2026-08-30T11:30:36+00:00] HeteroGraphSAGE epoch 4/40 loss=0.042502 | cuda=631MiB allocated/4254MiB reserved
[2026-08-30T11:30:36+00:00] HeteroGraphSAGE epoch 5/40 loss=0.043347 | cuda=631MiB allocated/4254MiB reserved
[2026-08-30T11:30:37+00:00] HeteroGraphSAGE epoch 6/40 loss=0.044900 | cuda=631MiB allocated/4254MiB reserved
[2026-08-30T11:30:37+00:00] HeteroGraphSAGE epoch 7/40 loss=0.046185 | cuda=631MiB allocated/4254MiB reserved
[2026-08-30T11:30:38+00:00] HeteroGraphSAGE epoch 8/40 loss=0.046332 | cuda=631MiB allocated/4254MiB reserved
[2026-08-30T11:30:38+00:00] HeteroGraphSAGE epoch 9/40 loss=0.045923 | cuda=631MiB allocated/4254MiB reserved
[2026-08-30T11:30:39+00:00] HeteroGraphSAGE epoch 10/40 loss=0.043995 | cuda=631MiB allocated/4254MiB reserved
[2026-08-30T11:30:39+00:00] HeteroGraphSAGE epoch 11/40 loss=0.042041 | cuda=631MiB allocated/4254MiB reserved
[2026-08-30T11:30:40+00:00] HeteroGraphSAGE epoch 12/40 loss=0.040129 | cuda=631MiB allocated/4254MiB reserved
[2026-08-30T11:30:40+00:00] HeteroGraphSAGE epoch 13/40 loss=0.038436 | cuda=631MiB allocated/4254MiB reserved
[2026-08-30T11:30:40+00:00] HeteroGraphSAGE epoch 14/40 loss=0.036980 | cuda=631MiB allocated/4254MiB reserved
[2026-08-30T11:30:41+00:00] HeteroGraphSAGE epoch 15/40 loss=0.036334 | cuda=631MiB allocated/4254MiB reserved
[2026-08-30T11:30:41+00:00] HeteroGraphSAGE epoch 16/40 loss=0.035993 | cuda=631MiB allocated/4254MiB reserved
[2026-08-30T11:30:42+00:00] HeteroGraphSAGE epoch 17/40 loss=0.036350 | cuda=631MiB allocated/4254MiB reserved
[2026-08-30T11:30:42+00:00] HeteroGraphSAGE epoch 18/40 loss=0.037004 | cuda=631MiB allocated/4254MiB reserved
[2026-08-30T11:30:43+00:00] HeteroGraphSAGE epoch 19/40 loss=0.037373 | cuda=631MiB allocated/4254MiB reserved
[2026-08-30T11:30:43+00:00] HeteroGraphSAGE epoch 20/40 loss=0.037435 | cuda=631MiB allocated/4254MiB reserved
[2026-08-30T11:30:44+00:00] HeteroGraphSAGE epoch 21/40 loss=0.037113 | cuda=631MiB allocated/4254MiB reserved
[2026-08-30T11:30:44+00:00] HeteroGraphSAGE epoch 22/40 loss=0.036826 | cuda=631MiB allocated/4254MiB reserved
[2026-08-30T11:30:45+00:00] HeteroGraphSAGE epoch 23/40 loss=0.036418 | cuda=631MiB allocated/4254MiB reserved
[2026-08-30T11:30:45+00:00] HeteroGraphSAGE epoch 24/40 loss=0.036080 | cuda=631MiB allocated/4254MiB reserved
[2026-08-30T11:30:46+00:00] HeteroGraphSAGE epoch 25/40 loss=0.035458 | cuda=631MiB allocated/4254MiB reserved
[2026-08-30T11:30:46+00:00] HeteroGraphSAGE epoch 26/40 loss=0.035271 | cuda=631MiB allocated/4254MiB reserved
[2026-08-30T11:30:47+00:00] HeteroGraphSAGE epoch 27/40 loss=0.035181 | cuda=631MiB allocated/4254MiB reserved
[2026-08-30T11:30:47+00:00] HeteroGraphSAGE epoch 28/40 loss=0.035359 | cuda=631MiB allocated/4254MiB reserved
[2026-08-30T11:30:48+00:00] HeteroGraphSAGE epoch 29/40 loss=0.035429 | cuda=631MiB allocated/4254MiB reserved
[2026-08-30T11:30:48+00:00] HeteroGraphSAGE epoch 30/40 loss=0.035585 | cuda=631MiB allocated/4254MiB reserved
[2026-08-30T11:30:49+00:00] HeteroGraphSAGE epoch 31/40 loss=0.035624 | cuda=631MiB allocated/4254MiB reserved
[2026-08-30T11:30:49+00:00] HeteroGraphSAGE epoch 32/40 loss=0.035442 | cuda=631MiB allocated/4254MiB reserved
[2026-08-30T11:30:50+00:00] HeteroGraphSAGE epoch 33/40 loss=0.035504 | cuda=631MiB allocated/4254MiB reserved
[2026-08-30T11:30:50+00:00] HeteroGraphSAGE epoch 34/40 loss=0.035167 | cuda=631MiB allocated/4254MiB reserved
[2026-08-30T11:30:51+00:00] HeteroGraphSAGE epoch 35/40 loss=0.035017 | cuda=631MiB allocated/4254MiB reserved
[2026-08-30T11:30:51+00:00] HeteroGraphSAGE epoch 36/40 loss=0.034851 | cuda=631MiB allocated/4254MiB reserved
[2026-08-30T11:30:51+00:00] HeteroGraphSAGE epoch 37/40 loss=0.034703 | cuda=631MiB allocated/4254MiB reserved
[2026-08-30T11:30:52+00:00] HeteroGraphSAGE epoch 38/40 loss=0.034760 | cuda=631MiB allocated/4254MiB reserved
[2026-08-30T11:30:52+00:00] HeteroGraphSAGE epoch 39/40 loss=0.034717 | cuda=631MiB allocated/4254MiB reserved
[2026-08-30T11:30:53+00:00] HeteroGraphSAGE epoch 40/40 loss=0.034696 | cuda=631MiB allocated/4254MiB reserved
[2026-08-30T11:30:53+00:00] DONE LODO0 | HeteroGraphSAGE | seed=2025 | F1=0.021625 | cuda=66MiB allocated/4254MiB reserved
[2026-08-30T11:30:53+00:00] START LODO0 | HeteroGraphSAGE | seed=9999 | cuda=66MiB allocated/128MiB reserved
[2026-08-30T11:30:54+00:00] HeteroGraphSAGE epoch 1/40 loss=0.425716 | cuda=631MiB allocated/4116MiB reserved
[2026-08-30T11:30:55+00:00] HeteroGraphSAGE epoch 2/40 loss=0.284261 | cuda=631MiB allocated/4254MiB reserved
[2026-08-30T11:30:55+00:00] HeteroGraphSAGE epoch 3/40 loss=0.193965 | cuda=631MiB allocated/4254MiB reserved
[2026-08-30T11:30:56+00:00] HeteroGraphSAGE epoch 4/40 loss=0.134521 | cuda=631MiB allocated/4254MiB reserved
[2026-08-30T11:30:56+00:00] HeteroGraphSAGE epoch 5/40 loss=0.094368 | cuda=631MiB allocated/4254MiB reserved
[2026-08-30T11:30:57+00:00] HeteroGraphSAGE epoch 6/40 loss=0.068852 | cuda=631MiB allocated/4254MiB reserved
[2026-08-30T11:30:57+00:00] HeteroGraphSAGE epoch 7/40 loss=0.053557 | cuda=631MiB allocated/4254MiB reserved
[2026-08-30T11:30:57+00:00] HeteroGraphSAGE epoch 8/40 loss=0.044679 | cuda=631MiB allocated/4254MiB reserved
[2026-08-30T11:30:58+00:00] HeteroGraphSAGE epoch 9/40 loss=0.040357 | cuda=631MiB allocated/4254MiB reserved
[2026-08-30T11:30:58+00:00] HeteroGraphSAGE epoch 10/40 loss=0.038675 | cuda=631MiB allocated/4254MiB reserved
[2026-08-30T11:30:59+00:00] HeteroGraphSAGE epoch 11/40 loss=0.039473 | cuda=631MiB allocated/4254MiB reserved
[2026-08-30T11:30:59+00:00] HeteroGraphSAGE epoch 12/40 loss=0.041068 | cuda=631MiB allocated/4254MiB reserved
[2026-08-30T11:31:00+00:00] HeteroGraphSAGE epoch 13/40 loss=0.043382 | cuda=631MiB allocated/4254MiB reserved
[2026-08-30T11:31:00+00:00] HeteroGraphSAGE epoch 14/40 loss=0.045022 | cuda=631MiB allocated/4254MiB reserved
[2026-08-30T11:31:01+00:00] HeteroGraphSAGE epoch 15/40 loss=0.046179 | cuda=631MiB allocated/4254MiB reserved
[2026-08-30T11:31:01+00:00] HeteroGraphSAGE epoch 16/40 loss=0.047407 | cuda=631MiB allocated/4254MiB reserved
[2026-08-30T11:31:02+00:00] HeteroGraphSAGE epoch 17/40 loss=0.048843 | cuda=631MiB allocated/4254MiB reserved
[2026-08-30T11:31:02+00:00] HeteroGraphSAGE epoch 18/40 loss=0.048917 | cuda=631MiB allocated/4254MiB reserved
[2026-08-30T11:31:03+00:00] HeteroGraphSAGE epoch 19/40 loss=0.048399 | cuda=631MiB allocated/4254MiB reserved
[2026-08-30T11:31:03+00:00] HeteroGraphSAGE epoch 20/40 loss=0.047978 | cuda=631MiB allocated/4254MiB reserved
[2026-08-30T11:31:04+00:00] HeteroGraphSAGE epoch 21/40 loss=0.046690 | cuda=631MiB allocated/4254MiB reserved
[2026-08-30T11:31:04+00:00] HeteroGraphSAGE epoch 22/40 loss=0.045027 | cuda=631MiB allocated/4254MiB reserved
[2026-08-30T11:31:05+00:00] HeteroGraphSAGE epoch 23/40 loss=0.044546 | cuda=631MiB allocated/4254MiB reserved
[2026-08-30T11:31:05+00:00] HeteroGraphSAGE epoch 24/40 loss=0.042920 | cuda=631MiB allocated/4254MiB reserved
[2026-08-30T11:31:06+00:00] HeteroGraphSAGE epoch 25/40 loss=0.042755 | cuda=631MiB allocated/4254MiB reserved
[2026-08-30T11:31:06+00:00] HeteroGraphSAGE epoch 26/40 loss=0.041042 | cuda=631MiB allocated/4254MiB reserved
[2026-08-30T11:31:07+00:00] HeteroGraphSAGE epoch 27/40 loss=0.040200 | cuda=631MiB allocated/4254MiB reserved
[2026-08-30T11:31:07+00:00] HeteroGraphSAGE epoch 28/40 loss=0.039066 | cuda=631MiB allocated/4254MiB reserved
[2026-08-30T11:31:07+00:00] HeteroGraphSAGE epoch 29/40 loss=0.038459 | cuda=631MiB allocated/4254MiB reserved
[2026-08-30T11:31:08+00:00] HeteroGraphSAGE epoch 30/40 loss=0.037567 | cuda=631MiB allocated/4254MiB reserved
[2026-08-30T11:31:08+00:00] HeteroGraphSAGE epoch 31/40 loss=0.037084 | cuda=631MiB allocated/4254MiB reserved
[2026-08-30T11:31:09+00:00] HeteroGraphSAGE epoch 32/40 loss=0.036633 | cuda=631MiB allocated/4254MiB reserved
[2026-08-30T11:31:09+00:00] HeteroGraphSAGE epoch 33/40 loss=0.036515 | cuda=631MiB allocated/4254MiB reserved
[2026-08-30T11:31:10+00:00] HeteroGraphSAGE epoch 34/40 loss=0.036629 | cuda=631MiB allocated/4254MiB reserved
[2026-08-30T11:31:10+00:00] HeteroGraphSAGE epoch 35/40 loss=0.036666 | cuda=631MiB allocated/4254MiB reserved
[2026-08-30T11:31:11+00:00] HeteroGraphSAGE epoch 36/40 loss=0.036791 | cuda=631MiB allocated/4254MiB reserved
[2026-08-30T11:31:11+00:00] HeteroGraphSAGE epoch 37/40 loss=0.036851 | cuda=631MiB allocated/4254MiB reserved
[2026-08-30T11:31:12+00:00] HeteroGraphSAGE epoch 38/40 loss=0.036889 | cuda=631MiB allocated/4254MiB reserved
[2026-08-30T11:31:12+00:00] HeteroGraphSAGE epoch 39/40 loss=0.036949 | cuda=631MiB allocated/4254MiB reserved
[2026-08-30T11:31:13+00:00] HeteroGraphSAGE epoch 40/40 loss=0.037015 | cuda=631MiB allocated/4254MiB reserved
[2026-08-30T11:31:13+00:00] DONE LODO0 | HeteroGraphSAGE | seed=9999 | F1=0.032923 | cuda=67MiB allocated/4254MiB reserved
[2026-08-30T11:31:13+00:00] START LODO1 | DG-Hetero-GNN | seed=42 | cuda=17MiB allocated/128MiB reserved
[2026-08-30T11:31:13+00:00] epoch 1/40 loss=0.377406 elapsed=0.1s | cuda=291MiB allocated/2468MiB reserved
[2026-08-30T11:31:14+00:00] epoch 2/40 loss=0.361812 elapsed=0.2s | cuda=291MiB allocated/2470MiB reserved
[2026-08-30T11:31:14+00:00] epoch 3/40 loss=0.350000 elapsed=0.3s | cuda=291MiB allocated/2470MiB reserved
[2026-08-30T11:31:14+00:00] epoch 4/40 loss=0.340306 elapsed=0.4s | cuda=291MiB allocated/2470MiB reserved
[2026-08-30T11:31:14+00:00] epoch 5/40 loss=0.331114 elapsed=0.5s | cuda=291MiB allocated/2470MiB reserved
[2026-08-30T11:31:14+00:00] epoch 6/40 loss=0.321459 elapsed=0.6s | cuda=291MiB allocated/2470MiB reserved
[2026-08-30T11:31:14+00:00] epoch 7/40 loss=0.311203 elapsed=0.7s | cuda=291MiB allocated/2470MiB reserved
[2026-08-30T11:31:14+00:00] epoch 8/40 loss=0.301023 elapsed=0.8s | cuda=291MiB allocated/2470MiB reserved
[2026-08-30T11:31:14+00:00] epoch 9/40 loss=0.290781 elapsed=0.8s | cuda=291MiB allocated/2470MiB reserved
[2026-08-30T11:31:14+00:00] epoch 10/40 loss=0.281053 elapsed=0.9s | cuda=291MiB allocated/2470MiB reserved
[2026-08-30T11:31:14+00:00] epoch 11/40 loss=0.273422 elapsed=1.0s | cuda=291MiB allocated/2470MiB reserved
[2026-08-30T11:31:14+00:00] epoch 12/40 loss=0.267812 elapsed=1.1s | cuda=291MiB allocated/2470MiB reserved
[2026-08-30T11:31:15+00:00] epoch 13/40 loss=0.265189 elapsed=1.2s | cuda=291MiB allocated/2470MiB reserved
[2026-08-30T11:31:15+00:00] epoch 14/40 loss=0.266596 elapsed=1.3s | cuda=291MiB allocated/2470MiB reserved
[2026-08-30T11:31:15+00:00] epoch 15/40 loss=0.272068 elapsed=1.4s | cuda=291MiB allocated/2470MiB reserved
[2026-08-30T11:31:15+00:00] epoch 16/40 loss=0.282720 elapsed=1.5s | cuda=291MiB allocated/2470MiB reserved
[2026-08-30T11:31:15+00:00] epoch 17/40 loss=0.297104 elapsed=1.6s | cuda=291MiB allocated/2470MiB reserved
[2026-08-30T11:31:15+00:00] epoch 18/40 loss=0.315293 elapsed=1.7s | cuda=291MiB allocated/2470MiB reserved
[2026-08-30T11:31:15+00:00] epoch 19/40 loss=0.336502 elapsed=1.8s | cuda=291MiB allocated/2470MiB reserved
[2026-08-30T11:31:15+00:00] epoch 20/40 loss=0.359842 elapsed=1.9s | cuda=291MiB allocated/2470MiB reserved
[2026-08-30T11:31:15+00:00] epoch 21/40 loss=0.385092 elapsed=2.0s | cuda=291MiB allocated/2470MiB reserved
[2026-08-30T11:31:15+00:00] epoch 22/40 loss=0.411619 elapsed=2.0s | cuda=291MiB allocated/2470MiB reserved
[2026-08-30T11:31:15+00:00] epoch 23/40 loss=0.440014 elapsed=2.1s | cuda=291MiB allocated/2470MiB reserved
[2026-08-30T11:31:16+00:00] epoch 24/40 loss=0.469006 elapsed=2.2s | cuda=291MiB allocated/2470MiB reserved
[2026-08-30T11:31:16+00:00] epoch 25/40 loss=0.499197 elapsed=2.3s | cuda=291MiB allocated/2470MiB reserved
[2026-08-30T11:31:16+00:00] epoch 26/40 loss=0.530204 elapsed=2.4s | cuda=291MiB allocated/2470MiB reserved
[2026-08-30T11:31:16+00:00] epoch 27/40 loss=0.562743 elapsed=2.5s | cuda=291MiB allocated/2470MiB reserved
[2026-08-30T11:31:16+00:00] epoch 28/40 loss=0.595293 elapsed=2.6s | cuda=291MiB allocated/2470MiB reserved
[2026-08-30T11:31:16+00:00] epoch 29/40 loss=0.627983 elapsed=2.7s | cuda=291MiB allocated/2470MiB reserved
[2026-08-30T11:31:16+00:00] epoch 30/40 loss=0.659490 elapsed=2.8s | cuda=291MiB allocated/2470MiB reserved
[2026-08-30T11:31:16+00:00] epoch 31/40 loss=0.691845 elapsed=2.9s | cuda=291MiB allocated/2470MiB reserved
[2026-08-30T11:31:16+00:00] epoch 32/40 loss=0.720966 elapsed=2.9s | cuda=291MiB allocated/2470MiB reserved
[2026-08-30T11:31:16+00:00] epoch 33/40 loss=0.751890 elapsed=3.0s | cuda=291MiB allocated/2470MiB reserved
[2026-08-30T11:31:16+00:00] epoch 34/40 loss=0.783336 elapsed=3.1s | cuda=291MiB allocated/2470MiB reserved
[2026-08-30T11:31:17+00:00] epoch 35/40 loss=0.812508 elapsed=3.2s | cuda=291MiB allocated/2470MiB reserved
[2026-08-30T11:31:17+00:00] epoch 36/40 loss=0.841633 elapsed=3.3s | cuda=291MiB allocated/2470MiB reserved
[2026-08-30T11:31:17+00:00] epoch 37/40 loss=0.872257 elapsed=3.4s | cuda=291MiB allocated/2470MiB reserved
[2026-08-30T11:31:17+00:00] epoch 38/40 loss=0.900286 elapsed=3.5s | cuda=291MiB allocated/2470MiB reserved
[2026-08-30T11:31:17+00:00] epoch 39/40 loss=0.926300 elapsed=3.6s | cuda=291MiB allocated/2470MiB reserved
[2026-08-30T11:31:17+00:00] epoch 40/40 loss=0.951348 elapsed=3.7s | cuda=291MiB allocated/2470MiB reserved
[2026-08-30T11:31:18+00:00] DONE LODO1 | DG-Hetero-GNN | seed=42 | F1=0.045567 | cuda=17MiB allocated/3306MiB reserved
[2026-08-30T11:31:18+00:00] START LODO1 | DG-Hetero-GNN | seed=123 | cuda=17MiB allocated/68MiB reserved
[2026-08-30T11:31:19+00:00] epoch 1/40 loss=0.449965 elapsed=0.1s | cuda=292MiB allocated/2434MiB reserved
[2026-08-30T11:31:19+00:00] epoch 2/40 loss=0.436942 elapsed=0.2s | cuda=292MiB allocated/2436MiB reserved
[2026-08-30T11:31:19+00:00] epoch 3/40 loss=0.427539 elapsed=0.3s | cuda=292MiB allocated/2436MiB reserved
[2026-08-30T11:31:19+00:00] epoch 4/40 loss=0.419687 elapsed=0.4s | cuda=292MiB allocated/2436MiB reserved
[2026-08-30T11:31:19+00:00] epoch 5/40 loss=0.412570 elapsed=0.5s | cuda=292MiB allocated/2436MiB reserved
[2026-08-30T11:31:19+00:00] epoch 6/40 loss=0.405670 elapsed=0.6s | cuda=292MiB allocated/2436MiB reserved
[2026-08-30T11:31:19+00:00] epoch 7/40 loss=0.398731 elapsed=0.7s | cuda=292MiB allocated/2436MiB reserved
[2026-08-30T11:31:19+00:00] epoch 8/40 loss=0.391549 elapsed=0.7s | cuda=292MiB allocated/2436MiB reserved
[2026-08-30T11:31:19+00:00] epoch 9/40 loss=0.384024 elapsed=0.8s | cuda=292MiB allocated/2436MiB reserved
[2026-08-30T11:31:19+00:00] epoch 10/40 loss=0.376329 elapsed=0.9s | cuda=292MiB allocated/2436MiB reserved
[2026-08-30T11:31:19+00:00] epoch 11/40 loss=0.368334 elapsed=1.0s | cuda=292MiB allocated/2436MiB reserved
[2026-08-30T11:31:20+00:00] epoch 12/40 loss=0.360164 elapsed=1.1s | cuda=292MiB allocated/2436MiB reserved
[2026-08-30T11:31:20+00:00] epoch 13/40 loss=0.352280 elapsed=1.2s | cuda=292MiB allocated/2436MiB reserved
[2026-08-30T11:31:20+00:00] epoch 14/40 loss=0.344761 elapsed=1.3s | cuda=292MiB allocated/2436MiB reserved
[2026-08-30T11:31:20+00:00] epoch 15/40 loss=0.338499 elapsed=1.4s | cuda=292MiB allocated/2436MiB reserved
[2026-08-30T11:31:20+00:00] epoch 16/40 loss=0.333310 elapsed=1.5s | cuda=292MiB allocated/2436MiB reserved
[2026-08-30T11:31:20+00:00] epoch 17/40 loss=0.330572 elapsed=1.6s | cuda=292MiB allocated/2436MiB reserved
[2026-08-30T11:31:20+00:00] epoch 18/40 loss=0.330599 elapsed=1.7s | cuda=292MiB allocated/2436MiB reserved
[2026-08-30T11:31:20+00:00] epoch 19/40 loss=0.333655 elapsed=1.7s | cuda=292MiB allocated/2436MiB reserved
[2026-08-30T11:31:20+00:00] epoch 20/40 loss=0.340476 elapsed=1.8s | cuda=292MiB allocated/2436MiB reserved
[2026-08-30T11:31:20+00:00] epoch 21/40 loss=0.350833 elapsed=1.9s | cuda=292MiB allocated/2436MiB reserved
[2026-08-30T11:31:20+00:00] epoch 22/40 loss=0.365192 elapsed=2.0s | cuda=292MiB allocated/2436MiB reserved
[2026-08-30T11:31:21+00:00] epoch 23/40 loss=0.382637 elapsed=2.1s | cuda=292MiB allocated/2436MiB reserved
[2026-08-30T11:31:21+00:00] epoch 24/40 loss=0.402440 elapsed=2.2s | cuda=292MiB allocated/2436MiB reserved
[2026-08-30T11:31:21+00:00] epoch 25/40 loss=0.423927 elapsed=2.3s | cuda=292MiB allocated/2436MiB reserved
[2026-08-30T11:31:21+00:00] epoch 26/40 loss=0.447888 elapsed=2.4s | cuda=292MiB allocated/2436MiB reserved
[2026-08-30T11:31:21+00:00] epoch 27/40 loss=0.472360 elapsed=2.5s | cuda=292MiB allocated/2436MiB reserved
[2026-08-30T11:31:21+00:00] epoch 28/40 loss=0.496587 elapsed=2.5s | cuda=292MiB allocated/2436MiB reserved
[2026-08-30T11:31:21+00:00] epoch 29/40 loss=0.522225 elapsed=2.6s | cuda=292MiB allocated/2436MiB reserved
[2026-08-30T11:31:21+00:00] epoch 30/40 loss=0.546221 elapsed=2.7s | cuda=292MiB allocated/2436MiB reserved
[2026-08-30T11:31:21+00:00] epoch 31/40 loss=0.572598 elapsed=2.8s | cuda=292MiB allocated/2436MiB reserved
[2026-08-30T11:31:21+00:00] epoch 32/40 loss=0.596696 elapsed=2.9s | cuda=292MiB allocated/2436MiB reserved
[2026-08-30T11:31:21+00:00] epoch 33/40 loss=0.621491 elapsed=3.0s | cuda=292MiB allocated/2436MiB reserved
[2026-08-30T11:31:22+00:00] epoch 34/40 loss=0.644799 elapsed=3.1s | cuda=292MiB allocated/2436MiB reserved
[2026-08-30T11:31:22+00:00] epoch 35/40 loss=0.667197 elapsed=3.2s | cuda=292MiB allocated/2436MiB reserved
[2026-08-30T11:31:22+00:00] epoch 36/40 loss=0.690574 elapsed=3.3s | cuda=292MiB allocated/2436MiB reserved
[2026-08-30T11:31:22+00:00] epoch 37/40 loss=0.713265 elapsed=3.4s | cuda=292MiB allocated/2436MiB reserved
[2026-08-30T11:31:22+00:00] epoch 38/40 loss=0.735235 elapsed=3.5s | cuda=292MiB allocated/2436MiB reserved
[2026-08-30T11:31:22+00:00] epoch 39/40 loss=0.756574 elapsed=3.6s | cuda=292MiB allocated/2436MiB reserved
[2026-08-30T11:31:22+00:00] epoch 40/40 loss=0.777933 elapsed=3.6s | cuda=292MiB allocated/2436MiB reserved
[2026-08-30T11:31:23+00:00] DONE LODO1 | DG-Hetero-GNN | seed=123 | F1=0.000000 | cuda=17MiB allocated/3272MiB reserved
[2026-08-30T11:31:23+00:00] START LODO1 | DG-Hetero-GNN | seed=3407 | cuda=17MiB allocated/68MiB reserved
[2026-08-30T11:31:24+00:00] epoch 1/40 loss=0.322237 elapsed=0.1s | cuda=292MiB allocated/2434MiB reserved
[2026-08-30T11:31:24+00:00] epoch 2/40 loss=0.307817 elapsed=0.2s | cuda=292MiB allocated/2436MiB reserved
[2026-08-30T11:31:24+00:00] epoch 3/40 loss=0.292145 elapsed=0.3s | cuda=292MiB allocated/2436MiB reserved
[2026-08-30T11:31:24+00:00] epoch 4/40 loss=0.275856 elapsed=0.4s | cuda=292MiB allocated/2436MiB reserved
[2026-08-30T11:31:24+00:00] epoch 5/40 loss=0.259967 elapsed=0.5s | cuda=292MiB allocated/2436MiB reserved
[2026-08-30T11:31:24+00:00] epoch 6/40 loss=0.245215 elapsed=0.6s | cuda=292MiB allocated/2436MiB reserved
[2026-08-30T11:31:24+00:00] epoch 7/40 loss=0.232363 elapsed=0.7s | cuda=292MiB allocated/2436MiB reserved
[2026-08-30T11:31:24+00:00] epoch 8/40 loss=0.222068 elapsed=0.8s | cuda=292MiB allocated/2436MiB reserved
[2026-08-30T11:31:24+00:00] epoch 9/40 loss=0.214910 elapsed=0.8s | cuda=292MiB allocated/2436MiB reserved
[2026-08-30T11:31:24+00:00] epoch 10/40 loss=0.210616 elapsed=0.9s | cuda=292MiB allocated/2436MiB reserved
[2026-08-30T11:31:25+00:00] epoch 11/40 loss=0.209850 elapsed=1.0s | cuda=292MiB allocated/2436MiB reserved
[2026-08-30T11:31:25+00:00] epoch 12/40 loss=0.211425 elapsed=1.1s | cuda=292MiB allocated/2436MiB reserved
[2026-08-30T11:31:25+00:00] epoch 13/40 loss=0.214685 elapsed=1.2s | cuda=292MiB allocated/2436MiB reserved
[2026-08-30T11:31:25+00:00] epoch 14/40 loss=0.219053 elapsed=1.3s | cuda=292MiB allocated/2436MiB reserved
[2026-08-30T11:31:25+00:00] epoch 15/40 loss=0.222956 elapsed=1.4s | cuda=292MiB allocated/2436MiB reserved
[2026-08-30T11:31:25+00:00] epoch 16/40 loss=0.226987 elapsed=1.5s | cuda=292MiB allocated/2436MiB reserved
[2026-08-30T11:31:25+00:00] epoch 17/40 loss=0.230173 elapsed=1.6s | cuda=292MiB allocated/2436MiB reserved
[2026-08-30T11:31:25+00:00] epoch 18/40 loss=0.231970 elapsed=1.7s | cuda=292MiB allocated/2436MiB reserved
[2026-08-30T11:31:25+00:00] epoch 19/40 loss=0.233783 elapsed=1.7s | cuda=292MiB allocated/2436MiB reserved
[2026-08-30T11:31:25+00:00] epoch 20/40 loss=0.235340 elapsed=1.8s | cuda=292MiB allocated/2436MiB reserved
[2026-08-30T11:31:25+00:00] epoch 21/40 loss=0.236767 elapsed=1.9s | cuda=292MiB allocated/2436MiB reserved
[2026-08-30T11:31:26+00:00] epoch 22/40 loss=0.238133 elapsed=2.0s | cuda=292MiB allocated/2436MiB reserved
[2026-08-30T11:31:26+00:00] epoch 23/40 loss=0.240145 elapsed=2.1s | cuda=292MiB allocated/2436MiB reserved
[2026-08-30T11:31:26+00:00] epoch 24/40 loss=0.242723 elapsed=2.2s | cuda=292MiB allocated/2436MiB reserved
[2026-08-30T11:31:26+00:00] epoch 25/40 loss=0.245845 elapsed=2.3s | cuda=292MiB allocated/2436MiB reserved
[2026-08-30T11:31:26+00:00] epoch 26/40 loss=0.249774 elapsed=2.4s | cuda=292MiB allocated/2436MiB reserved
[2026-08-30T11:31:26+00:00] epoch 27/40 loss=0.254116 elapsed=2.5s | cuda=292MiB allocated/2436MiB reserved
[2026-08-30T11:31:26+00:00] epoch 28/40 loss=0.259456 elapsed=2.6s | cuda=292MiB allocated/2436MiB reserved
[2026-08-30T11:31:26+00:00] epoch 29/40 loss=0.265685 elapsed=2.7s | cuda=292MiB allocated/2436MiB reserved
[2026-08-30T11:31:26+00:00] epoch 30/40 loss=0.272786 elapsed=2.7s | cuda=292MiB allocated/2436MiB reserved
[2026-08-30T11:31:26+00:00] epoch 31/40 loss=0.280612 elapsed=2.8s | cuda=292MiB allocated/2436MiB reserved
[2026-08-30T11:31:26+00:00] epoch 32/40 loss=0.288538 elapsed=2.9s | cuda=292MiB allocated/2436MiB reserved
[2026-08-30T11:31:26+00:00] epoch 33/40 loss=0.297695 elapsed=3.0s | cuda=292MiB allocated/2436MiB reserved
[2026-08-30T11:31:27+00:00] epoch 34/40 loss=0.306800 elapsed=3.1s | cuda=292MiB allocated/2436MiB reserved
[2026-08-30T11:31:27+00:00] epoch 35/40 loss=0.317161 elapsed=3.2s | cuda=292MiB allocated/2436MiB reserved
[2026-08-30T11:31:27+00:00] epoch 36/40 loss=0.328445 elapsed=3.3s | cuda=292MiB allocated/2436MiB reserved
[2026-08-30T11:31:27+00:00] epoch 37/40 loss=0.340203 elapsed=3.4s | cuda=292MiB allocated/2436MiB reserved
[2026-08-30T11:31:27+00:00] epoch 38/40 loss=0.353086 elapsed=3.5s | cuda=292MiB allocated/2436MiB reserved
[2026-08-30T11:31:27+00:00] epoch 39/40 loss=0.366825 elapsed=3.6s | cuda=292MiB allocated/2436MiB reserved
[2026-08-30T11:31:27+00:00] epoch 40/40 loss=0.380776 elapsed=3.6s | cuda=292MiB allocated/2436MiB reserved
[2026-08-30T11:31:28+00:00] DONE LODO1 | DG-Hetero-GNN | seed=3407 | F1=0.000000 | cuda=17MiB allocated/3272MiB reserved
[2026-08-30T11:31:28+00:00] START LODO1 | DG-Hetero-GNN | seed=2025 | cuda=17MiB allocated/68MiB reserved
[2026-08-30T11:31:29+00:00] epoch 1/40 loss=0.406326 elapsed=0.1s | cuda=292MiB allocated/2434MiB reserved
[2026-08-30T11:31:29+00:00] epoch 2/40 loss=0.391008 elapsed=0.2s | cuda=292MiB allocated/2436MiB reserved
[2026-08-30T11:31:29+00:00] epoch 3/40 loss=0.375192 elapsed=0.3s | cuda=292MiB allocated/2436MiB reserved
[2026-08-30T11:31:29+00:00] epoch 4/40 loss=0.358713 elapsed=0.4s | cuda=292MiB allocated/2436MiB reserved
[2026-08-30T11:31:29+00:00] epoch 5/40 loss=0.341771 elapsed=0.5s | cuda=292MiB allocated/2436MiB reserved
[2026-08-30T11:31:29+00:00] epoch 6/40 loss=0.324224 elapsed=0.6s | cuda=292MiB allocated/2436MiB reserved
[2026-08-30T11:31:29+00:00] epoch 7/40 loss=0.306873 elapsed=0.7s | cuda=292MiB allocated/2436MiB reserved
[2026-08-30T11:31:29+00:00] epoch 8/40 loss=0.289768 elapsed=0.8s | cuda=292MiB allocated/2436MiB reserved
[2026-08-30T11:31:29+00:00] epoch 9/40 loss=0.273053 elapsed=0.8s | cuda=292MiB allocated/2436MiB reserved
[2026-08-30T11:31:29+00:00] epoch 10/40 loss=0.258414 elapsed=0.9s | cuda=292MiB allocated/2436MiB reserved
[2026-08-30T11:31:30+00:00] epoch 11/40 loss=0.245573 elapsed=1.0s | cuda=292MiB allocated/2436MiB reserved
[2026-08-30T11:31:30+00:00] epoch 12/40 loss=0.235606 elapsed=1.1s | cuda=292MiB allocated/2436MiB reserved
[2026-08-30T11:31:30+00:00] epoch 13/40 loss=0.229501 elapsed=1.2s | cuda=292MiB allocated/2436MiB reserved
[2026-08-30T11:31:30+00:00] epoch 14/40 loss=0.227009 elapsed=1.3s | cuda=292MiB allocated/2436MiB reserved
[2026-08-30T11:31:30+00:00] epoch 15/40 loss=0.228022 elapsed=1.4s | cuda=292MiB allocated/2436MiB reserved
[2026-08-30T11:31:30+00:00] epoch 16/40 loss=0.232475 elapsed=1.5s | cuda=292MiB allocated/2436MiB reserved
[2026-08-30T11:31:30+00:00] epoch 17/40 loss=0.239723 elapsed=1.6s | cuda=292MiB allocated/2436MiB reserved
[2026-08-30T11:31:30+00:00] epoch 18/40 loss=0.247755 elapsed=1.7s | cuda=292MiB allocated/2436MiB reserved
[2026-08-30T11:31:30+00:00] epoch 19/40 loss=0.257408 elapsed=1.8s | cuda=292MiB allocated/2436MiB reserved
[2026-08-30T11:31:30+00:00] epoch 20/40 loss=0.266426 elapsed=1.9s | cuda=292MiB allocated/2436MiB reserved
[2026-08-30T11:31:30+00:00] epoch 21/40 loss=0.275674 elapsed=1.9s | cuda=292MiB allocated/2436MiB reserved
[2026-08-30T11:31:31+00:00] epoch 22/40 loss=0.284776 elapsed=2.0s | cuda=292MiB allocated/2436MiB reserved
[2026-08-30T11:31:31+00:00] epoch 23/40 loss=0.294105 elapsed=2.1s | cuda=292MiB allocated/2436MiB reserved
[2026-08-30T11:31:31+00:00] epoch 24/40 loss=0.303302 elapsed=2.2s | cuda=292MiB allocated/2436MiB reserved
[2026-08-30T11:31:31+00:00] epoch 25/40 loss=0.311775 elapsed=2.3s | cuda=292MiB allocated/2436MiB reserved
[2026-08-30T11:31:31+00:00] epoch 26/40 loss=0.321095 elapsed=2.4s | cuda=292MiB allocated/2436MiB reserved
[2026-08-30T11:31:31+00:00] epoch 27/40 loss=0.330688 elapsed=2.5s | cuda=292MiB allocated/2436MiB reserved
[2026-08-30T11:31:31+00:00] epoch 28/40 loss=0.340250 elapsed=2.6s | cuda=292MiB allocated/2436MiB reserved
[2026-08-30T11:31:31+00:00] epoch 29/40 loss=0.351215 elapsed=2.7s | cuda=292MiB allocated/2436MiB reserved
[2026-08-30T11:31:31+00:00] epoch 30/40 loss=0.362182 elapsed=2.7s | cuda=292MiB allocated/2436MiB reserved
[2026-08-30T11:31:31+00:00] epoch 31/40 loss=0.373773 elapsed=2.8s | cuda=292MiB allocated/2436MiB reserved
[2026-08-30T11:31:31+00:00] epoch 32/40 loss=0.386172 elapsed=2.9s | cuda=292MiB allocated/2436MiB reserved
[2026-08-30T11:31:32+00:00] epoch 33/40 loss=0.399496 elapsed=3.0s | cuda=292MiB allocated/2436MiB reserved
[2026-08-30T11:31:32+00:00] epoch 34/40 loss=0.413984 elapsed=3.1s | cuda=292MiB allocated/2436MiB reserved
[2026-08-30T11:31:32+00:00] epoch 35/40 loss=0.429203 elapsed=3.2s | cuda=292MiB allocated/2436MiB reserved
[2026-08-30T11:31:32+00:00] epoch 36/40 loss=0.445402 elapsed=3.3s | cuda=292MiB allocated/2436MiB reserved
[2026-08-30T11:31:32+00:00] epoch 37/40 loss=0.462346 elapsed=3.4s | cuda=292MiB allocated/2436MiB reserved
[2026-08-30T11:31:32+00:00] epoch 38/40 loss=0.479765 elapsed=3.5s | cuda=292MiB allocated/2436MiB reserved
[2026-08-30T11:31:32+00:00] epoch 39/40 loss=0.497772 elapsed=3.6s | cuda=292MiB allocated/2436MiB reserved
[2026-08-30T11:31:32+00:00] epoch 40/40 loss=0.515770 elapsed=3.7s | cuda=292MiB allocated/2436MiB reserved
[2026-08-30T11:31:33+00:00] DONE LODO1 | DG-Hetero-GNN | seed=2025 | F1=0.000580 | cuda=17MiB allocated/3272MiB reserved
[2026-08-30T11:31:33+00:00] START LODO1 | DG-Hetero-GNN | seed=9999 | cuda=17MiB allocated/68MiB reserved
[2026-08-30T11:31:34+00:00] epoch 1/40 loss=0.402519 elapsed=0.1s | cuda=292MiB allocated/2434MiB reserved
[2026-08-30T11:31:34+00:00] epoch 2/40 loss=0.383033 elapsed=0.2s | cuda=292MiB allocated/2436MiB reserved
[2026-08-30T11:31:34+00:00] epoch 3/40 loss=0.361750 elapsed=0.3s | cuda=292MiB allocated/2436MiB reserved
[2026-08-30T11:31:34+00:00] epoch 4/40 loss=0.338657 elapsed=0.4s | cuda=292MiB allocated/2436MiB reserved
[2026-08-30T11:31:34+00:00] epoch 5/40 loss=0.314943 elapsed=0.5s | cuda=292MiB allocated/2436MiB reserved
[2026-08-30T11:31:34+00:00] epoch 6/40 loss=0.291013 elapsed=0.6s | cuda=292MiB allocated/2436MiB reserved
[2026-08-30T11:31:34+00:00] epoch 7/40 loss=0.268541 elapsed=0.7s | cuda=292MiB allocated/2436MiB reserved
[2026-08-30T11:31:34+00:00] epoch 8/40 loss=0.248898 elapsed=0.8s | cuda=292MiB allocated/2436MiB reserved
[2026-08-30T11:31:34+00:00] epoch 9/40 loss=0.232504 elapsed=0.8s | cuda=292MiB allocated/2436MiB reserved
[2026-08-30T11:31:34+00:00] epoch 10/40 loss=0.221308 elapsed=0.9s | cuda=292MiB allocated/2436MiB reserved
[2026-08-30T11:31:35+00:00] epoch 11/40 loss=0.215015 elapsed=1.0s | cuda=292MiB allocated/2436MiB reserved
[2026-08-30T11:31:35+00:00] epoch 12/40 loss=0.214231 elapsed=1.1s | cuda=292MiB allocated/2436MiB reserved
[2026-08-30T11:31:35+00:00] epoch 13/40 loss=0.217873 elapsed=1.2s | cuda=292MiB allocated/2436MiB reserved
[2026-08-30T11:31:35+00:00] epoch 14/40 loss=0.224840 elapsed=1.3s | cuda=292MiB allocated/2436MiB reserved
[2026-08-30T11:31:35+00:00] epoch 15/40 loss=0.232947 elapsed=1.4s | cuda=292MiB allocated/2436MiB reserved
[2026-08-30T11:31:35+00:00] epoch 16/40 loss=0.242259 elapsed=1.5s | cuda=292MiB allocated/2436MiB reserved
[2026-08-30T11:31:35+00:00] epoch 17/40 loss=0.251130 elapsed=1.6s | cuda=292MiB allocated/2436MiB reserved
[2026-08-30T11:31:35+00:00] epoch 18/40 loss=0.258617 elapsed=1.7s | cuda=292MiB allocated/2436MiB reserved
[2026-08-30T11:31:35+00:00] epoch 19/40 loss=0.265637 elapsed=1.8s | cuda=292MiB allocated/2436MiB reserved
[2026-08-30T11:31:35+00:00] epoch 20/40 loss=0.272410 elapsed=1.8s | cuda=292MiB allocated/2436MiB reserved
[2026-08-30T11:31:35+00:00] epoch 21/40 loss=0.277621 elapsed=1.9s | cuda=292MiB allocated/2436MiB reserved
[2026-08-30T11:31:36+00:00] epoch 22/40 loss=0.282641 elapsed=2.0s | cuda=292MiB allocated/2436MiB reserved
[2026-08-30T11:31:36+00:00] epoch 23/40 loss=0.287429 elapsed=2.1s | cuda=292MiB allocated/2436MiB reserved
[2026-08-30T11:31:36+00:00] epoch 24/40 loss=0.292142 elapsed=2.2s | cuda=292MiB allocated/2436MiB reserved
[2026-08-30T11:31:36+00:00] epoch 25/40 loss=0.296834 elapsed=2.3s | cuda=292MiB allocated/2436MiB reserved
[2026-08-30T11:31:36+00:00] epoch 26/40 loss=0.302855 elapsed=2.4s | cuda=292MiB allocated/2436MiB reserved
[2026-08-30T11:31:36+00:00] epoch 27/40 loss=0.309025 elapsed=2.5s | cuda=292MiB allocated/2436MiB reserved
[2026-08-30T11:31:36+00:00] epoch 28/40 loss=0.316192 elapsed=2.6s | cuda=292MiB allocated/2436MiB reserved
[2026-08-30T11:31:36+00:00] epoch 29/40 loss=0.324384 elapsed=2.7s | cuda=292MiB allocated/2436MiB reserved
[2026-08-30T11:31:36+00:00] epoch 30/40 loss=0.332610 elapsed=2.7s | cuda=292MiB allocated/2436MiB reserved
[2026-08-30T11:31:36+00:00] epoch 31/40 loss=0.341718 elapsed=2.8s | cuda=292MiB allocated/2436MiB reserved
[2026-08-30T11:31:36+00:00] epoch 32/40 loss=0.351370 elapsed=2.9s | cuda=292MiB allocated/2436MiB reserved
[2026-08-30T11:31:37+00:00] epoch 33/40 loss=0.360969 elapsed=3.0s | cuda=292MiB allocated/2436MiB reserved
[2026-08-30T11:31:37+00:00] epoch 34/40 loss=0.371260 elapsed=3.1s | cuda=292MiB allocated/2436MiB reserved
[2026-08-30T11:31:37+00:00] epoch 35/40 loss=0.380791 elapsed=3.2s | cuda=292MiB allocated/2436MiB reserved
[2026-08-30T11:31:37+00:00] epoch 36/40 loss=0.390613 elapsed=3.3s | cuda=292MiB allocated/2436MiB reserved
[2026-08-30T11:31:37+00:00] epoch 37/40 loss=0.399764 elapsed=3.4s | cuda=292MiB allocated/2436MiB reserved
[2026-08-30T11:31:37+00:00] epoch 38/40 loss=0.410169 elapsed=3.5s | cuda=292MiB allocated/2436MiB reserved
[2026-08-30T11:31:37+00:00] epoch 39/40 loss=0.420465 elapsed=3.6s | cuda=292MiB allocated/2436MiB reserved
[2026-08-30T11:31:37+00:00] epoch 40/40 loss=0.431832 elapsed=3.6s | cuda=292MiB allocated/2436MiB reserved
[2026-08-30T11:31:38+00:00] DONE LODO1 | DG-Hetero-GNN | seed=9999 | F1=0.000000 | cuda=17MiB allocated/3272MiB reserved
[2026-08-30T11:31:38+00:00] START LODO1 | XGBoost | seed=42 | cuda=17MiB allocated/68MiB reserved
[2026-08-30T11:31:45+00:00] DONE LODO1 | XGBoost | seed=42 | F1=0.064838 | cuda=17MiB allocated/68MiB reserved
[2026-08-30T11:31:45+00:00] START LODO1 | XGBoost | seed=123 | cuda=17MiB allocated/68MiB reserved
[2026-08-30T11:31:51+00:00] DONE LODO1 | XGBoost | seed=123 | F1=0.082586 | cuda=17MiB allocated/68MiB reserved
[2026-08-30T11:31:51+00:00] START LODO1 | XGBoost | seed=3407 | cuda=17MiB allocated/68MiB reserved
[2026-08-30T11:31:57+00:00] DONE LODO1 | XGBoost | seed=3407 | F1=0.000374 | cuda=17MiB allocated/68MiB reserved
[2026-08-30T11:31:57+00:00] START LODO1 | XGBoost | seed=2025 | cuda=17MiB allocated/68MiB reserved
[2026-08-30T11:32:03+00:00] DONE LODO1 | XGBoost | seed=2025 | F1=0.026158 | cuda=17MiB allocated/68MiB reserved
[2026-08-30T11:32:03+00:00] START LODO1 | XGBoost | seed=9999 | cuda=17MiB allocated/68MiB reserved
[2026-08-30T11:32:09+00:00] DONE LODO1 | XGBoost | seed=9999 | F1=0.014553 | cuda=17MiB allocated/68MiB reserved
[2026-08-30T11:32:09+00:00] START LODO1 | MLP | seed=42 | cuda=17MiB allocated/68MiB reserved
[2026-08-30T11:32:11+00:00] DONE LODO1 | MLP | seed=42 | F1=0.067586 | cuda=17MiB allocated/950MiB reserved
[2026-08-30T11:32:11+00:00] START LODO1 | MLP | seed=123 | cuda=17MiB allocated/68MiB reserved
[2026-08-30T11:32:13+00:00] DONE LODO1 | MLP | seed=123 | F1=0.067380 | cuda=17MiB allocated/950MiB reserved
[2026-08-30T11:32:13+00:00] START LODO1 | MLP | seed=3407 | cuda=17MiB allocated/68MiB reserved
[2026-08-30T11:32:15+00:00] DONE LODO1 | MLP | seed=3407 | F1=0.067494 | cuda=17MiB allocated/950MiB reserved
[2026-08-30T11:32:15+00:00] START LODO1 | MLP | seed=2025 | cuda=17MiB allocated/68MiB reserved
[2026-08-30T11:32:16+00:00] DONE LODO1 | MLP | seed=2025 | F1=0.067569 | cuda=17MiB allocated/950MiB reserved
[2026-08-30T11:32:16+00:00] START LODO1 | MLP | seed=9999 | cuda=17MiB allocated/68MiB reserved
[2026-08-30T11:32:18+00:00] DONE LODO1 | MLP | seed=9999 | F1=0.067658 | cuda=17MiB allocated/950MiB reserved
[2026-08-30T11:32:18+00:00] START LODO1 | GCN | seed=42 | cuda=17MiB allocated/68MiB reserved
[2026-08-30T11:32:22+00:00] DONE LODO1 | GCN | seed=42 | F1=0.067618 | cuda=17MiB allocated/2934MiB reserved
[2026-08-30T11:32:22+00:00] START LODO1 | GCN | seed=123 | cuda=17MiB allocated/68MiB reserved
[2026-08-30T11:32:26+00:00] DONE LODO1 | GCN | seed=123 | F1=0.067617 | cuda=17MiB allocated/2934MiB reserved
[2026-08-30T11:32:26+00:00] START LODO1 | GCN | seed=3407 | cuda=17MiB allocated/68MiB reserved
[2026-08-30T11:32:30+00:00] DONE LODO1 | GCN | seed=3407 | F1=0.067619 | cuda=17MiB allocated/2934MiB reserved
[2026-08-30T11:32:30+00:00] START LODO1 | GCN | seed=2025 | cuda=17MiB allocated/68MiB reserved
[2026-08-30T11:32:33+00:00] DONE LODO1 | GCN | seed=2025 | F1=0.067581 | cuda=17MiB allocated/2934MiB reserved
[2026-08-30T11:32:33+00:00] START LODO1 | GCN | seed=9999 | cuda=17MiB allocated/68MiB reserved
[2026-08-30T11:32:37+00:00] DONE LODO1 | GCN | seed=9999 | F1=0.067619 | cuda=17MiB allocated/2934MiB reserved
[2026-08-30T11:32:37+00:00] START LODO1 | GraphSAGE | seed=42 | cuda=17MiB allocated/68MiB reserved
[2026-08-30T11:32:41+00:00] DONE LODO1 | GraphSAGE | seed=42 | F1=0.023177 | cuda=17MiB allocated/4108MiB reserved
[2026-08-30T11:32:41+00:00] START LODO1 | GraphSAGE | seed=123 | cuda=17MiB allocated/68MiB reserved
[2026-08-30T11:32:44+00:00] DONE LODO1 | GraphSAGE | seed=123 | F1=0.067489 | cuda=17MiB allocated/4108MiB reserved
[2026-08-30T11:32:44+00:00] START LODO1 | GraphSAGE | seed=3407 | cuda=17MiB allocated/68MiB reserved
[2026-08-30T11:32:47+00:00] DONE LODO1 | GraphSAGE | seed=3407 | F1=0.067031 | cuda=17MiB allocated/4108MiB reserved
[2026-08-30T11:32:47+00:00] START LODO1 | GraphSAGE | seed=2025 | cuda=17MiB allocated/68MiB reserved
[2026-08-30T11:32:51+00:00] DONE LODO1 | GraphSAGE | seed=2025 | F1=0.067200 | cuda=17MiB allocated/4108MiB reserved
[2026-08-30T11:32:51+00:00] START LODO1 | GraphSAGE | seed=9999 | cuda=17MiB allocated/68MiB reserved
[2026-08-30T11:32:54+00:00] DONE LODO1 | GraphSAGE | seed=9999 | F1=0.067617 | cuda=17MiB allocated/4108MiB reserved
[2026-08-30T11:32:54+00:00] START LODO1 | GAT | seed=42 | cuda=17MiB allocated/68MiB reserved
[2026-08-30T11:33:15+00:00] DONE LODO1 | GAT | seed=42 | F1=0.069187 | cuda=17MiB allocated/11424MiB reserved
[2026-08-30T11:33:15+00:00] START LODO1 | GAT | seed=123 | cuda=17MiB allocated/68MiB reserved
[2026-08-30T11:33:36+00:00] DONE LODO1 | GAT | seed=123 | F1=0.067567 | cuda=17MiB allocated/11424MiB reserved
[2026-08-30T11:33:36+00:00] START LODO1 | GAT | seed=3407 | cuda=17MiB allocated/68MiB reserved
[2026-08-30T11:33:57+00:00] DONE LODO1 | GAT | seed=3407 | F1=0.067614 | cuda=17MiB allocated/11424MiB reserved
[2026-08-30T11:33:57+00:00] START LODO1 | GAT | seed=2025 | cuda=17MiB allocated/68MiB reserved
[2026-08-30T11:34:18+00:00] DONE LODO1 | GAT | seed=2025 | F1=0.046177 | cuda=17MiB allocated/11424MiB reserved
[2026-08-30T11:34:18+00:00] START LODO1 | GAT | seed=9999 | cuda=17MiB allocated/68MiB reserved
[2026-08-30T11:34:39+00:00] DONE LODO1 | GAT | seed=9999 | F1=0.045864 | cuda=17MiB allocated/11424MiB reserved
[2026-08-30T11:34:39+00:00] START LODO1 | HeteroGraphSAGE | seed=42 | cuda=17MiB allocated/68MiB reserved
[2026-08-30T11:34:39+00:00] HeteroGraphSAGE epoch 1/40 loss=0.138614 | cuda=290MiB allocated/2344MiB reserved
[2026-08-30T11:34:39+00:00] HeteroGraphSAGE epoch 2/40 loss=0.092024 | cuda=290MiB allocated/2346MiB reserved
[2026-08-30T11:34:39+00:00] HeteroGraphSAGE epoch 3/40 loss=0.066362 | cuda=290MiB allocated/2346MiB reserved
[2026-08-30T11:34:39+00:00] HeteroGraphSAGE epoch 4/40 loss=0.056273 | cuda=290MiB allocated/2346MiB reserved
[2026-08-30T11:34:39+00:00] HeteroGraphSAGE epoch 5/40 loss=0.055315 | cuda=290MiB allocated/2346MiB reserved
[2026-08-30T11:34:39+00:00] HeteroGraphSAGE epoch 6/40 loss=0.058395 | cuda=290MiB allocated/2346MiB reserved
[2026-08-30T11:34:39+00:00] HeteroGraphSAGE epoch 7/40 loss=0.061811 | cuda=290MiB allocated/2346MiB reserved
[2026-08-30T11:34:40+00:00] HeteroGraphSAGE epoch 8/40 loss=0.064037 | cuda=290MiB allocated/2346MiB reserved
[2026-08-30T11:34:40+00:00] HeteroGraphSAGE epoch 9/40 loss=0.064644 | cuda=290MiB allocated/2346MiB reserved
[2026-08-30T11:34:40+00:00] HeteroGraphSAGE epoch 10/40 loss=0.063612 | cuda=290MiB allocated/2346MiB reserved
[2026-08-30T11:34:40+00:00] HeteroGraphSAGE epoch 11/40 loss=0.061704 | cuda=290MiB allocated/2346MiB reserved
[2026-08-30T11:34:40+00:00] HeteroGraphSAGE epoch 12/40 loss=0.059129 | cuda=290MiB allocated/2346MiB reserved
[2026-08-30T11:34:40+00:00] HeteroGraphSAGE epoch 13/40 loss=0.056459 | cuda=290MiB allocated/2346MiB reserved
[2026-08-30T11:34:40+00:00] HeteroGraphSAGE epoch 14/40 loss=0.053972 | cuda=290MiB allocated/2346MiB reserved
[2026-08-30T11:34:40+00:00] HeteroGraphSAGE epoch 15/40 loss=0.051971 | cuda=290MiB allocated/2346MiB reserved
[2026-08-30T11:34:40+00:00] HeteroGraphSAGE epoch 16/40 loss=0.050364 | cuda=290MiB allocated/2346MiB reserved
[2026-08-30T11:34:40+00:00] HeteroGraphSAGE epoch 17/40 loss=0.049712 | cuda=290MiB allocated/2346MiB reserved
[2026-08-30T11:34:40+00:00] HeteroGraphSAGE epoch 18/40 loss=0.049454 | cuda=290MiB allocated/2346MiB reserved
[2026-08-30T11:34:40+00:00] HeteroGraphSAGE epoch 19/40 loss=0.049747 | cuda=290MiB allocated/2346MiB reserved
[2026-08-30T11:34:41+00:00] HeteroGraphSAGE epoch 20/40 loss=0.050133 | cuda=290MiB allocated/2346MiB reserved
[2026-08-30T11:34:41+00:00] HeteroGraphSAGE epoch 21/40 loss=0.050452 | cuda=290MiB allocated/2346MiB reserved
[2026-08-30T11:34:41+00:00] HeteroGraphSAGE epoch 22/40 loss=0.050736 | cuda=290MiB allocated/2346MiB reserved
[2026-08-30T11:34:41+00:00] HeteroGraphSAGE epoch 23/40 loss=0.050725 | cuda=290MiB allocated/2346MiB reserved
[2026-08-30T11:34:41+00:00] HeteroGraphSAGE epoch 24/40 loss=0.050341 | cuda=290MiB allocated/2346MiB reserved
[2026-08-30T11:34:41+00:00] HeteroGraphSAGE epoch 25/40 loss=0.049754 | cuda=290MiB allocated/2346MiB reserved
[2026-08-30T11:34:41+00:00] HeteroGraphSAGE epoch 26/40 loss=0.049239 | cuda=290MiB allocated/2346MiB reserved
[2026-08-30T11:34:41+00:00] HeteroGraphSAGE epoch 27/40 loss=0.048497 | cuda=290MiB allocated/2346MiB reserved
[2026-08-30T11:34:41+00:00] HeteroGraphSAGE epoch 28/40 loss=0.047850 | cuda=290MiB allocated/2346MiB reserved
[2026-08-30T11:34:41+00:00] HeteroGraphSAGE epoch 29/40 loss=0.047185 | cuda=290MiB allocated/2346MiB reserved
[2026-08-30T11:34:41+00:00] HeteroGraphSAGE epoch 30/40 loss=0.046963 | cuda=290MiB allocated/2346MiB reserved
[2026-08-30T11:34:41+00:00] HeteroGraphSAGE epoch 31/40 loss=0.046735 | cuda=290MiB allocated/2346MiB reserved
[2026-08-30T11:34:42+00:00] HeteroGraphSAGE epoch 32/40 loss=0.046663 | cuda=290MiB allocated/2346MiB reserved
[2026-08-30T11:34:42+00:00] HeteroGraphSAGE epoch 33/40 loss=0.046752 | cuda=290MiB allocated/2346MiB reserved
[2026-08-30T11:34:42+00:00] HeteroGraphSAGE epoch 34/40 loss=0.046774 | cuda=290MiB allocated/2346MiB reserved
[2026-08-30T11:34:42+00:00] HeteroGraphSAGE epoch 35/40 loss=0.046731 | cuda=290MiB allocated/2346MiB reserved
[2026-08-30T11:34:42+00:00] HeteroGraphSAGE epoch 36/40 loss=0.046649 | cuda=290MiB allocated/2346MiB reserved
[2026-08-30T11:34:42+00:00] HeteroGraphSAGE epoch 37/40 loss=0.046469 | cuda=290MiB allocated/2346MiB reserved
[2026-08-30T11:34:42+00:00] HeteroGraphSAGE epoch 38/40 loss=0.046143 | cuda=290MiB allocated/2346MiB reserved
[2026-08-30T11:34:42+00:00] HeteroGraphSAGE epoch 39/40 loss=0.045872 | cuda=290MiB allocated/2346MiB reserved
[2026-08-30T11:34:42+00:00] HeteroGraphSAGE epoch 40/40 loss=0.045577 | cuda=290MiB allocated/2346MiB reserved
[2026-08-30T11:34:43+00:00] DONE LODO1 | HeteroGraphSAGE | seed=42 | F1=0.001919 | cuda=355MiB allocated/3182MiB reserved
[2026-08-30T11:34:43+00:00] START LODO1 | HeteroGraphSAGE | seed=123 | cuda=355MiB allocated/410MiB reserved
[2026-08-30T11:34:44+00:00] HeteroGraphSAGE epoch 1/40 loss=0.118838 | cuda=627MiB allocated/2724MiB reserved
[2026-08-30T11:34:44+00:00] HeteroGraphSAGE epoch 2/40 loss=0.083253 | cuda=627MiB allocated/2726MiB reserved
[2026-08-30T11:34:44+00:00] HeteroGraphSAGE epoch 3/40 loss=0.064216 | cuda=627MiB allocated/2726MiB reserved
[2026-08-30T11:34:44+00:00] HeteroGraphSAGE epoch 4/40 loss=0.056843 | cuda=627MiB allocated/2726MiB reserved
[2026-08-30T11:34:44+00:00] HeteroGraphSAGE epoch 5/40 loss=0.056433 | cuda=627MiB allocated/2726MiB reserved
[2026-08-30T11:34:44+00:00] HeteroGraphSAGE epoch 6/40 loss=0.058842 | cuda=627MiB allocated/2726MiB reserved
[2026-08-30T11:34:44+00:00] HeteroGraphSAGE epoch 7/40 loss=0.061229 | cuda=627MiB allocated/2726MiB reserved
[2026-08-30T11:34:44+00:00] HeteroGraphSAGE epoch 8/40 loss=0.062639 | cuda=627MiB allocated/2726MiB reserved
[2026-08-30T11:34:44+00:00] HeteroGraphSAGE epoch 9/40 loss=0.062590 | cuda=627MiB allocated/2726MiB reserved
[2026-08-30T11:34:44+00:00] HeteroGraphSAGE epoch 10/40 loss=0.061369 | cuda=627MiB allocated/2726MiB reserved
[2026-08-30T11:34:44+00:00] HeteroGraphSAGE epoch 11/40 loss=0.059259 | cuda=627MiB allocated/2726MiB reserved
[2026-08-30T11:34:45+00:00] HeteroGraphSAGE epoch 12/40 loss=0.057085 | cuda=627MiB allocated/2726MiB reserved
[2026-08-30T11:34:45+00:00] HeteroGraphSAGE epoch 13/40 loss=0.054675 | cuda=627MiB allocated/2726MiB reserved
[2026-08-30T11:34:45+00:00] HeteroGraphSAGE epoch 14/40 loss=0.052647 | cuda=627MiB allocated/2726MiB reserved
[2026-08-30T11:34:45+00:00] HeteroGraphSAGE epoch 15/40 loss=0.051372 | cuda=627MiB allocated/2726MiB reserved
[2026-08-30T11:34:45+00:00] HeteroGraphSAGE epoch 16/40 loss=0.050469 | cuda=627MiB allocated/2726MiB reserved
[2026-08-30T11:34:45+00:00] HeteroGraphSAGE epoch 17/40 loss=0.050281 | cuda=627MiB allocated/2726MiB reserved
[2026-08-30T11:34:45+00:00] HeteroGraphSAGE epoch 18/40 loss=0.050541 | cuda=627MiB allocated/2726MiB reserved
[2026-08-30T11:34:45+00:00] HeteroGraphSAGE epoch 19/40 loss=0.051049 | cuda=627MiB allocated/2726MiB reserved
[2026-08-30T11:34:45+00:00] HeteroGraphSAGE epoch 20/40 loss=0.051350 | cuda=627MiB allocated/2726MiB reserved
[2026-08-30T11:34:45+00:00] HeteroGraphSAGE epoch 21/40 loss=0.051285 | cuda=627MiB allocated/2726MiB reserved
[2026-08-30T11:34:45+00:00] HeteroGraphSAGE epoch 22/40 loss=0.051085 | cuda=627MiB allocated/2726MiB reserved
[2026-08-30T11:34:45+00:00] HeteroGraphSAGE epoch 23/40 loss=0.050574 | cuda=627MiB allocated/2726MiB reserved
[2026-08-30T11:34:46+00:00] HeteroGraphSAGE epoch 24/40 loss=0.049873 | cuda=627MiB allocated/2726MiB reserved
[2026-08-30T11:34:46+00:00] HeteroGraphSAGE epoch 25/40 loss=0.049227 | cuda=627MiB allocated/2726MiB reserved
[2026-08-30T11:34:46+00:00] HeteroGraphSAGE epoch 26/40 loss=0.048406 | cuda=627MiB allocated/2726MiB reserved
[2026-08-30T11:34:46+00:00] HeteroGraphSAGE epoch 27/40 loss=0.048061 | cuda=627MiB allocated/2726MiB reserved
[2026-08-30T11:34:46+00:00] HeteroGraphSAGE epoch 28/40 loss=0.047783 | cuda=627MiB allocated/2726MiB reserved
[2026-08-30T11:34:46+00:00] HeteroGraphSAGE epoch 29/40 loss=0.047779 | cuda=627MiB allocated/2726MiB reserved
[2026-08-30T11:34:46+00:00] HeteroGraphSAGE epoch 30/40 loss=0.047795 | cuda=627MiB allocated/2726MiB reserved
[2026-08-30T11:34:46+00:00] HeteroGraphSAGE epoch 31/40 loss=0.047868 | cuda=627MiB allocated/2726MiB reserved
[2026-08-30T11:34:46+00:00] HeteroGraphSAGE epoch 32/40 loss=0.047774 | cuda=627MiB allocated/2726MiB reserved
[2026-08-30T11:34:46+00:00] HeteroGraphSAGE epoch 33/40 loss=0.047743 | cuda=627MiB allocated/2726MiB reserved
[2026-08-30T11:34:46+00:00] HeteroGraphSAGE epoch 34/40 loss=0.047401 | cuda=627MiB allocated/2726MiB reserved
[2026-08-30T11:34:46+00:00] HeteroGraphSAGE epoch 35/40 loss=0.047130 | cuda=627MiB allocated/2726MiB reserved
[2026-08-30T11:34:47+00:00] HeteroGraphSAGE epoch 36/40 loss=0.046763 | cuda=627MiB allocated/2726MiB reserved
[2026-08-30T11:34:47+00:00] HeteroGraphSAGE epoch 37/40 loss=0.046381 | cuda=627MiB allocated/2726MiB reserved
[2026-08-30T11:34:47+00:00] HeteroGraphSAGE epoch 38/40 loss=0.046207 | cuda=627MiB allocated/2726MiB reserved
[2026-08-30T11:34:47+00:00] HeteroGraphSAGE epoch 39/40 loss=0.045989 | cuda=627MiB allocated/2726MiB reserved
[2026-08-30T11:34:47+00:00] HeteroGraphSAGE epoch 40/40 loss=0.045913 | cuda=627MiB allocated/2726MiB reserved
[2026-08-30T11:34:48+00:00] DONE LODO1 | HeteroGraphSAGE | seed=123 | F1=0.000000 | cuda=354MiB allocated/3342MiB reserved
[2026-08-30T11:34:48+00:00] START LODO1 | HeteroGraphSAGE | seed=3407 | cuda=354MiB allocated/442MiB reserved
[2026-08-30T11:34:48+00:00] HeteroGraphSAGE epoch 1/40 loss=0.301999 | cuda=627MiB allocated/2724MiB reserved
[2026-08-30T11:34:48+00:00] HeteroGraphSAGE epoch 2/40 loss=0.213393 | cuda=627MiB allocated/2726MiB reserved
[2026-08-30T11:34:49+00:00] HeteroGraphSAGE epoch 3/40 loss=0.151285 | cuda=627MiB allocated/2726MiB reserved
[2026-08-30T11:34:49+00:00] HeteroGraphSAGE epoch 4/40 loss=0.109920 | cuda=627MiB allocated/2726MiB reserved
[2026-08-30T11:34:49+00:00] HeteroGraphSAGE epoch 5/40 loss=0.083727 | cuda=627MiB allocated/2726MiB reserved
[2026-08-30T11:34:49+00:00] HeteroGraphSAGE epoch 6/40 loss=0.068575 | cuda=627MiB allocated/2726MiB reserved
[2026-08-30T11:34:49+00:00] HeteroGraphSAGE epoch 7/40 loss=0.061320 | cuda=627MiB allocated/2726MiB reserved
[2026-08-30T11:34:49+00:00] HeteroGraphSAGE epoch 8/40 loss=0.059404 | cuda=627MiB allocated/2726MiB reserved
[2026-08-30T11:34:49+00:00] HeteroGraphSAGE epoch 9/40 loss=0.060507 | cuda=627MiB allocated/2726MiB reserved
[2026-08-30T11:34:49+00:00] HeteroGraphSAGE epoch 10/40 loss=0.063215 | cuda=627MiB allocated/2726MiB reserved
[2026-08-30T11:34:49+00:00] HeteroGraphSAGE epoch 11/40 loss=0.066283 | cuda=627MiB allocated/2726MiB reserved
[2026-08-30T11:34:49+00:00] HeteroGraphSAGE epoch 12/40 loss=0.068729 | cuda=627MiB allocated/2726MiB reserved
[2026-08-30T11:34:49+00:00] HeteroGraphSAGE epoch 13/40 loss=0.070281 | cuda=627MiB allocated/2726MiB reserved
[2026-08-30T11:34:49+00:00] HeteroGraphSAGE epoch 14/40 loss=0.070703 | cuda=627MiB allocated/2726MiB reserved
[2026-08-30T11:34:50+00:00] HeteroGraphSAGE epoch 15/40 loss=0.070167 | cuda=627MiB allocated/2726MiB reserved
[2026-08-30T11:34:50+00:00] HeteroGraphSAGE epoch 16/40 loss=0.068843 | cuda=627MiB allocated/2726MiB reserved
[2026-08-30T11:34:50+00:00] HeteroGraphSAGE epoch 17/40 loss=0.066836 | cuda=627MiB allocated/2726MiB reserved
[2026-08-30T11:34:50+00:00] HeteroGraphSAGE epoch 18/40 loss=0.064730 | cuda=627MiB allocated/2726MiB reserved
[2026-08-30T11:34:50+00:00] HeteroGraphSAGE epoch 19/40 loss=0.062151 | cuda=627MiB allocated/2726MiB reserved
[2026-08-30T11:34:50+00:00] HeteroGraphSAGE epoch 20/40 loss=0.059756 | cuda=627MiB allocated/2726MiB reserved
[2026-08-30T11:34:50+00:00] HeteroGraphSAGE epoch 21/40 loss=0.057543 | cuda=627MiB allocated/2726MiB reserved
[2026-08-30T11:34:50+00:00] HeteroGraphSAGE epoch 22/40 loss=0.055553 | cuda=627MiB allocated/2726MiB reserved
[2026-08-30T11:34:50+00:00] HeteroGraphSAGE epoch 23/40 loss=0.053963 | cuda=627MiB allocated/2726MiB reserved
[2026-08-30T11:34:50+00:00] HeteroGraphSAGE epoch 24/40 loss=0.052742 | cuda=627MiB allocated/2726MiB reserved
[2026-08-30T11:34:50+00:00] HeteroGraphSAGE epoch 25/40 loss=0.052013 | cuda=627MiB allocated/2726MiB reserved
[2026-08-30T11:34:50+00:00] HeteroGraphSAGE epoch 26/40 loss=0.051668 | cuda=627MiB allocated/2726MiB reserved
[2026-08-30T11:34:51+00:00] HeteroGraphSAGE epoch 27/40 loss=0.051491 | cuda=627MiB allocated/2726MiB reserved
[2026-08-30T11:34:51+00:00] HeteroGraphSAGE epoch 28/40 loss=0.051582 | cuda=627MiB allocated/2726MiB reserved
[2026-08-30T11:34:51+00:00] HeteroGraphSAGE epoch 29/40 loss=0.051789 | cuda=627MiB allocated/2726MiB reserved
[2026-08-30T11:34:51+00:00] HeteroGraphSAGE epoch 30/40 loss=0.051973 | cuda=627MiB allocated/2726MiB reserved
[2026-08-30T11:34:51+00:00] HeteroGraphSAGE epoch 31/40 loss=0.052045 | cuda=627MiB allocated/2726MiB reserved
[2026-08-30T11:34:51+00:00] HeteroGraphSAGE epoch 32/40 loss=0.052099 | cuda=627MiB allocated/2726MiB reserved
[2026-08-30T11:34:51+00:00] HeteroGraphSAGE epoch 33/40 loss=0.051947 | cuda=627MiB allocated/2726MiB reserved
[2026-08-30T11:34:51+00:00] HeteroGraphSAGE epoch 34/40 loss=0.051686 | cuda=627MiB allocated/2726MiB reserved
[2026-08-30T11:34:51+00:00] HeteroGraphSAGE epoch 35/40 loss=0.051237 | cuda=627MiB allocated/2726MiB reserved
[2026-08-30T11:34:51+00:00] HeteroGraphSAGE epoch 36/40 loss=0.050783 | cuda=627MiB allocated/2726MiB reserved
[2026-08-30T11:34:51+00:00] HeteroGraphSAGE epoch 37/40 loss=0.050278 | cuda=627MiB allocated/2726MiB reserved
[2026-08-30T11:34:51+00:00] HeteroGraphSAGE epoch 38/40 loss=0.049799 | cuda=627MiB allocated/2726MiB reserved
[2026-08-30T11:34:52+00:00] HeteroGraphSAGE epoch 39/40 loss=0.049436 | cuda=627MiB allocated/2726MiB reserved
[2026-08-30T11:34:52+00:00] HeteroGraphSAGE epoch 40/40 loss=0.049020 | cuda=627MiB allocated/2726MiB reserved
[2026-08-30T11:34:53+00:00] DONE LODO1 | HeteroGraphSAGE | seed=3407 | F1=0.000000 | cuda=355MiB allocated/3342MiB reserved
[2026-08-30T11:34:53+00:00] START LODO1 | HeteroGraphSAGE | seed=2025 | cuda=355MiB allocated/430MiB reserved
[2026-08-30T11:34:53+00:00] HeteroGraphSAGE epoch 1/40 loss=0.083598 | cuda=627MiB allocated/2724MiB reserved
[2026-08-30T11:34:53+00:00] HeteroGraphSAGE epoch 2/40 loss=0.063125 | cuda=627MiB allocated/2726MiB reserved
[2026-08-30T11:34:53+00:00] HeteroGraphSAGE epoch 3/40 loss=0.056781 | cuda=627MiB allocated/2726MiB reserved
[2026-08-30T11:34:53+00:00] HeteroGraphSAGE epoch 4/40 loss=0.057403 | cuda=627MiB allocated/2726MiB reserved
[2026-08-30T11:34:53+00:00] HeteroGraphSAGE epoch 5/40 loss=0.058917 | cuda=627MiB allocated/2726MiB reserved
[2026-08-30T11:34:54+00:00] HeteroGraphSAGE epoch 6/40 loss=0.059217 | cuda=627MiB allocated/2726MiB reserved
[2026-08-30T11:34:54+00:00] HeteroGraphSAGE epoch 7/40 loss=0.057838 | cuda=627MiB allocated/2726MiB reserved
[2026-08-30T11:34:54+00:00] HeteroGraphSAGE epoch 8/40 loss=0.055923 | cuda=627MiB allocated/2726MiB reserved
[2026-08-30T11:34:54+00:00] HeteroGraphSAGE epoch 9/40 loss=0.053752 | cuda=627MiB allocated/2726MiB reserved
[2026-08-30T11:34:54+00:00] HeteroGraphSAGE epoch 10/40 loss=0.051911 | cuda=627MiB allocated/2726MiB reserved
[2026-08-30T11:34:54+00:00] HeteroGraphSAGE epoch 11/40 loss=0.050589 | cuda=627MiB allocated/2726MiB reserved
[2026-08-30T11:34:54+00:00] HeteroGraphSAGE epoch 12/40 loss=0.050165 | cuda=627MiB allocated/2726MiB reserved
[2026-08-30T11:34:54+00:00] HeteroGraphSAGE epoch 13/40 loss=0.050096 | cuda=627MiB allocated/2726MiB reserved
[2026-08-30T11:34:54+00:00] HeteroGraphSAGE epoch 14/40 loss=0.050251 | cuda=627MiB allocated/2726MiB reserved
[2026-08-30T11:34:54+00:00] HeteroGraphSAGE epoch 15/40 loss=0.050390 | cuda=627MiB allocated/2726MiB reserved
[2026-08-30T11:34:54+00:00] HeteroGraphSAGE epoch 16/40 loss=0.050350 | cuda=627MiB allocated/2726MiB reserved
[2026-08-30T11:34:54+00:00] HeteroGraphSAGE epoch 17/40 loss=0.049996 | cuda=627MiB allocated/2726MiB reserved
[2026-08-30T11:34:55+00:00] HeteroGraphSAGE epoch 18/40 loss=0.049452 | cuda=627MiB allocated/2726MiB reserved
[2026-08-30T11:34:55+00:00] HeteroGraphSAGE epoch 19/40 loss=0.048870 | cuda=627MiB allocated/2726MiB reserved
[2026-08-30T11:34:55+00:00] HeteroGraphSAGE epoch 20/40 loss=0.048297 | cuda=627MiB allocated/2726MiB reserved
[2026-08-30T11:34:55+00:00] HeteroGraphSAGE epoch 21/40 loss=0.047910 | cuda=627MiB allocated/2726MiB reserved
[2026-08-30T11:34:55+00:00] HeteroGraphSAGE epoch 22/40 loss=0.047774 | cuda=627MiB allocated/2726MiB reserved
[2026-08-30T11:34:55+00:00] HeteroGraphSAGE epoch 23/40 loss=0.047783 | cuda=627MiB allocated/2726MiB reserved
[2026-08-30T11:34:55+00:00] HeteroGraphSAGE epoch 24/40 loss=0.047700 | cuda=627MiB allocated/2726MiB reserved
[2026-08-30T11:34:55+00:00] HeteroGraphSAGE epoch 25/40 loss=0.047813 | cuda=627MiB allocated/2726MiB reserved
[2026-08-30T11:34:55+00:00] HeteroGraphSAGE epoch 26/40 loss=0.047577 | cuda=627MiB allocated/2726MiB reserved
[2026-08-30T11:34:55+00:00] HeteroGraphSAGE epoch 27/40 loss=0.047343 | cuda=627MiB allocated/2726MiB reserved
[2026-08-30T11:34:55+00:00] HeteroGraphSAGE epoch 28/40 loss=0.046935 | cuda=627MiB allocated/2726MiB reserved
[2026-08-30T11:34:55+00:00] HeteroGraphSAGE epoch 29/40 loss=0.046714 | cuda=627MiB allocated/2726MiB reserved
[2026-08-30T11:34:56+00:00] HeteroGraphSAGE epoch 30/40 loss=0.046372 | cuda=627MiB allocated/2726MiB reserved
[2026-08-30T11:34:56+00:00] HeteroGraphSAGE epoch 31/40 loss=0.046213 | cuda=627MiB allocated/2726MiB reserved
[2026-08-30T11:34:56+00:00] HeteroGraphSAGE epoch 32/40 loss=0.046144 | cuda=627MiB allocated/2726MiB reserved
[2026-08-30T11:34:56+00:00] HeteroGraphSAGE epoch 33/40 loss=0.045928 | cuda=627MiB allocated/2726MiB reserved
[2026-08-30T11:34:56+00:00] HeteroGraphSAGE epoch 34/40 loss=0.045762 | cuda=627MiB allocated/2726MiB reserved
[2026-08-30T11:34:56+00:00] HeteroGraphSAGE epoch 35/40 loss=0.045655 | cuda=627MiB allocated/2726MiB reserved
[2026-08-30T11:34:56+00:00] HeteroGraphSAGE epoch 36/40 loss=0.045566 | cuda=627MiB allocated/2726MiB reserved
[2026-08-30T11:34:56+00:00] HeteroGraphSAGE epoch 37/40 loss=0.045316 | cuda=627MiB allocated/2726MiB reserved
[2026-08-30T11:34:56+00:00] HeteroGraphSAGE epoch 38/40 loss=0.045168 | cuda=627MiB allocated/2726MiB reserved
[2026-08-30T11:34:56+00:00] HeteroGraphSAGE epoch 39/40 loss=0.044900 | cuda=627MiB allocated/2726MiB reserved
[2026-08-30T11:34:56+00:00] HeteroGraphSAGE epoch 40/40 loss=0.044772 | cuda=627MiB allocated/2726MiB reserved
[2026-08-30T11:34:58+00:00] DONE LODO1 | HeteroGraphSAGE | seed=2025 | F1=0.000000 | cuda=354MiB allocated/3342MiB reserved
[2026-08-30T11:34:58+00:00] START LODO1 | HeteroGraphSAGE | seed=9999 | cuda=354MiB allocated/462MiB reserved
[2026-08-30T11:34:58+00:00] HeteroGraphSAGE epoch 1/40 loss=0.246768 | cuda=626MiB allocated/2688MiB reserved
[2026-08-30T11:34:58+00:00] HeteroGraphSAGE epoch 2/40 loss=0.189669 | cuda=626MiB allocated/2688MiB reserved
[2026-08-30T11:34:58+00:00] HeteroGraphSAGE epoch 3/40 loss=0.146755 | cuda=626MiB allocated/2688MiB reserved
[2026-08-30T11:34:58+00:00] HeteroGraphSAGE epoch 4/40 loss=0.114412 | cuda=626MiB allocated/2688MiB reserved
[2026-08-30T11:34:58+00:00] HeteroGraphSAGE epoch 5/40 loss=0.090335 | cuda=626MiB allocated/2688MiB reserved
[2026-08-30T11:34:58+00:00] HeteroGraphSAGE epoch 6/40 loss=0.073405 | cuda=626MiB allocated/2688MiB reserved
[2026-08-30T11:34:58+00:00] HeteroGraphSAGE epoch 7/40 loss=0.062547 | cuda=626MiB allocated/2688MiB reserved
[2026-08-30T11:34:58+00:00] HeteroGraphSAGE epoch 8/40 loss=0.056781 | cuda=626MiB allocated/2688MiB reserved
[2026-08-30T11:34:59+00:00] HeteroGraphSAGE epoch 9/40 loss=0.054963 | cuda=626MiB allocated/2688MiB reserved
[2026-08-30T11:34:59+00:00] HeteroGraphSAGE epoch 10/40 loss=0.055498 | cuda=626MiB allocated/2688MiB reserved
[2026-08-30T11:34:59+00:00] HeteroGraphSAGE epoch 11/40 loss=0.057418 | cuda=626MiB allocated/2688MiB reserved
[2026-08-30T11:34:59+00:00] HeteroGraphSAGE epoch 12/40 loss=0.059611 | cuda=626MiB allocated/2688MiB reserved
[2026-08-30T11:34:59+00:00] HeteroGraphSAGE epoch 13/40 loss=0.061473 | cuda=626MiB allocated/2688MiB reserved
[2026-08-30T11:34:59+00:00] HeteroGraphSAGE epoch 14/40 loss=0.062533 | cuda=626MiB allocated/2688MiB reserved
[2026-08-30T11:34:59+00:00] HeteroGraphSAGE epoch 15/40 loss=0.062856 | cuda=626MiB allocated/2688MiB reserved
[2026-08-30T11:34:59+00:00] HeteroGraphSAGE epoch 16/40 loss=0.062159 | cuda=626MiB allocated/2688MiB reserved
[2026-08-30T11:34:59+00:00] HeteroGraphSAGE epoch 17/40 loss=0.060737 | cuda=626MiB allocated/2688MiB reserved
[2026-08-30T11:34:59+00:00] HeteroGraphSAGE epoch 18/40 loss=0.059069 | cuda=626MiB allocated/2688MiB reserved
[2026-08-30T11:34:59+00:00] HeteroGraphSAGE epoch 19/40 loss=0.056946 | cuda=626MiB allocated/2688MiB reserved
[2026-08-30T11:34:59+00:00] HeteroGraphSAGE epoch 20/40 loss=0.055083 | cuda=626MiB allocated/2688MiB reserved
[2026-08-30T11:35:00+00:00] HeteroGraphSAGE epoch 21/40 loss=0.052982 | cuda=626MiB allocated/2688MiB reserved
[2026-08-30T11:35:00+00:00] HeteroGraphSAGE epoch 22/40 loss=0.051405 | cuda=626MiB allocated/2688MiB reserved
[2026-08-30T11:35:00+00:00] HeteroGraphSAGE epoch 23/40 loss=0.050089 | cuda=626MiB allocated/2688MiB reserved
[2026-08-30T11:35:00+00:00] HeteroGraphSAGE epoch 24/40 loss=0.049149 | cuda=626MiB allocated/2688MiB reserved
[2026-08-30T11:35:00+00:00] HeteroGraphSAGE epoch 25/40 loss=0.048535 | cuda=626MiB allocated/2688MiB reserved
[2026-08-30T11:35:00+00:00] HeteroGraphSAGE epoch 26/40 loss=0.048274 | cuda=626MiB allocated/2688MiB reserved
[2026-08-30T11:35:00+00:00] HeteroGraphSAGE epoch 27/40 loss=0.048307 | cuda=626MiB allocated/2688MiB reserved
[2026-08-30T11:35:00+00:00] HeteroGraphSAGE epoch 28/40 loss=0.048379 | cuda=626MiB allocated/2688MiB reserved
[2026-08-30T11:35:00+00:00] HeteroGraphSAGE epoch 29/40 loss=0.048615 | cuda=626MiB allocated/2688MiB reserved
[2026-08-30T11:35:00+00:00] HeteroGraphSAGE epoch 30/40 loss=0.048834 | cuda=626MiB allocated/2688MiB reserved
[2026-08-30T11:35:00+00:00] HeteroGraphSAGE epoch 31/40 loss=0.049045 | cuda=626MiB allocated/2688MiB reserved
[2026-08-30T11:35:00+00:00] HeteroGraphSAGE epoch 32/40 loss=0.049188 | cuda=626MiB allocated/2688MiB reserved
[2026-08-30T11:35:01+00:00] HeteroGraphSAGE epoch 33/40 loss=0.048953 | cuda=626MiB allocated/2688MiB reserved
[2026-08-30T11:35:01+00:00] HeteroGraphSAGE epoch 34/40 loss=0.048816 | cuda=626MiB allocated/2688MiB reserved
[2026-08-30T11:35:01+00:00] HeteroGraphSAGE epoch 35/40 loss=0.048480 | cuda=626MiB allocated/2688MiB reserved
[2026-08-30T11:35:01+00:00] HeteroGraphSAGE epoch 36/40 loss=0.048202 | cuda=626MiB allocated/2688MiB reserved
[2026-08-30T11:35:01+00:00] HeteroGraphSAGE epoch 37/40 loss=0.047779 | cuda=626MiB allocated/2688MiB reserved
[2026-08-30T11:35:01+00:00] HeteroGraphSAGE epoch 38/40 loss=0.047378 | cuda=626MiB allocated/2688MiB reserved
[2026-08-30T11:35:01+00:00] HeteroGraphSAGE epoch 39/40 loss=0.047063 | cuda=626MiB allocated/2688MiB reserved
[2026-08-30T11:35:01+00:00] HeteroGraphSAGE epoch 40/40 loss=0.046723 | cuda=626MiB allocated/2688MiB reserved
[2026-08-30T11:35:02+00:00] DONE LODO1 | HeteroGraphSAGE | seed=9999 | F1=0.000000 | cuda=355MiB allocated/3304MiB reserved
[2026-08-30T11:35:02+00:00] START LODO2 | DG-Hetero-GNN | seed=42 | cuda=17MiB allocated/438MiB reserved
[2026-08-30T11:35:03+00:00] epoch 1/40 loss=0.377052 elapsed=0.5s | cuda=417MiB allocated/3494MiB reserved
[2026-08-30T11:35:04+00:00] epoch 2/40 loss=0.357394 elapsed=0.9s | cuda=417MiB allocated/3494MiB reserved
[2026-08-30T11:35:04+00:00] epoch 3/40 loss=0.342828 elapsed=1.4s | cuda=417MiB allocated/3494MiB reserved
[2026-08-30T11:35:05+00:00] epoch 4/40 loss=0.330707 elapsed=1.8s | cuda=417MiB allocated/3494MiB reserved
[2026-08-30T11:35:05+00:00] epoch 5/40 loss=0.318486 elapsed=2.3s | cuda=417MiB allocated/3494MiB reserved
[2026-08-30T11:35:05+00:00] epoch 6/40 loss=0.305231 elapsed=2.7s | cuda=417MiB allocated/3494MiB reserved
[2026-08-30T11:35:06+00:00] epoch 7/40 loss=0.289406 elapsed=3.2s | cuda=417MiB allocated/3494MiB reserved
[2026-08-30T11:35:06+00:00] epoch 8/40 loss=0.273562 elapsed=3.6s | cuda=417MiB allocated/3494MiB reserved
[2026-08-30T11:35:07+00:00] epoch 9/40 loss=0.256681 elapsed=4.1s | cuda=417MiB allocated/3494MiB reserved
[2026-08-30T11:35:07+00:00] epoch 10/40 loss=0.241002 elapsed=4.5s | cuda=417MiB allocated/3494MiB reserved
[2026-08-30T11:35:08+00:00] epoch 11/40 loss=0.226911 elapsed=4.9s | cuda=417MiB allocated/3494MiB reserved
[2026-08-30T11:35:08+00:00] epoch 12/40 loss=0.216431 elapsed=5.4s | cuda=417MiB allocated/3494MiB reserved
[2026-08-30T11:35:09+00:00] epoch 13/40 loss=0.209604 elapsed=5.8s | cuda=417MiB allocated/3494MiB reserved
[2026-08-30T11:35:09+00:00] epoch 14/40 loss=0.207023 elapsed=6.3s | cuda=417MiB allocated/3494MiB reserved
[2026-08-30T11:35:09+00:00] epoch 15/40 loss=0.207638 elapsed=6.7s | cuda=417MiB allocated/3494MiB reserved
[2026-08-30T11:35:10+00:00] epoch 16/40 loss=0.213123 elapsed=7.2s | cuda=417MiB allocated/3494MiB reserved
[2026-08-30T11:35:10+00:00] epoch 17/40 loss=0.221261 elapsed=7.6s | cuda=417MiB allocated/3494MiB reserved
[2026-08-30T11:35:11+00:00] epoch 18/40 loss=0.230921 elapsed=8.1s | cuda=417MiB allocated/3494MiB reserved
[2026-08-30T11:35:11+00:00] epoch 19/40 loss=0.242533 elapsed=8.5s | cuda=417MiB allocated/3494MiB reserved
[2026-08-30T11:35:12+00:00] epoch 20/40 loss=0.255483 elapsed=9.0s | cuda=417MiB allocated/3494MiB reserved
[2026-08-30T11:35:12+00:00] epoch 21/40 loss=0.268351 elapsed=9.4s | cuda=417MiB allocated/3494MiB reserved
[2026-08-30T11:35:13+00:00] epoch 22/40 loss=0.281847 elapsed=9.9s | cuda=417MiB allocated/3494MiB reserved
[2026-08-30T11:35:13+00:00] epoch 23/40 loss=0.294773 elapsed=10.3s | cuda=417MiB allocated/3494MiB reserved
[2026-08-30T11:35:13+00:00] epoch 24/40 loss=0.308997 elapsed=10.8s | cuda=417MiB allocated/3494MiB reserved
[2026-08-30T11:35:14+00:00] epoch 25/40 loss=0.322375 elapsed=11.2s | cuda=417MiB allocated/3494MiB reserved
[2026-08-30T11:35:14+00:00] epoch 26/40 loss=0.337286 elapsed=11.7s | cuda=417MiB allocated/3494MiB reserved
[2026-08-30T11:35:15+00:00] epoch 27/40 loss=0.351001 elapsed=12.1s | cuda=417MiB allocated/3494MiB reserved
[2026-08-30T11:35:15+00:00] epoch 28/40 loss=0.364914 elapsed=12.6s | cuda=417MiB allocated/3494MiB reserved
[2026-08-30T11:35:16+00:00] epoch 29/40 loss=0.378915 elapsed=13.0s | cuda=417MiB allocated/3494MiB reserved
[2026-08-30T11:35:16+00:00] epoch 30/40 loss=0.395681 elapsed=13.5s | cuda=417MiB allocated/3494MiB reserved
[2026-08-30T11:35:17+00:00] epoch 31/40 loss=0.409514 elapsed=13.9s | cuda=417MiB allocated/3494MiB reserved
[2026-08-30T11:35:17+00:00] epoch 32/40 loss=0.425276 elapsed=14.4s | cuda=417MiB allocated/3494MiB reserved
[2026-08-30T11:35:18+00:00] epoch 33/40 loss=0.440787 elapsed=14.8s | cuda=417MiB allocated/3494MiB reserved
[2026-08-30T11:35:18+00:00] epoch 34/40 loss=0.457190 elapsed=15.3s | cuda=417MiB allocated/3494MiB reserved
[2026-08-30T11:35:18+00:00] epoch 35/40 loss=0.474105 elapsed=15.7s | cuda=417MiB allocated/3494MiB reserved
[2026-08-30T11:35:19+00:00] epoch 36/40 loss=0.490250 elapsed=16.2s | cuda=417MiB allocated/3494MiB reserved
[2026-08-30T11:35:19+00:00] epoch 37/40 loss=0.508407 elapsed=16.6s | cuda=417MiB allocated/3494MiB reserved
[2026-08-30T11:35:20+00:00] epoch 38/40 loss=0.523578 elapsed=17.1s | cuda=417MiB allocated/3494MiB reserved
[2026-08-30T11:35:20+00:00] epoch 39/40 loss=0.540669 elapsed=17.5s | cuda=417MiB allocated/3494MiB reserved
[2026-08-30T11:35:21+00:00] epoch 40/40 loss=0.558445 elapsed=18.0s | cuda=417MiB allocated/3494MiB reserved
[2026-08-30T11:35:21+00:00] DONE LODO2 | DG-Hetero-GNN | seed=42 | F1=0.116971 | cuda=17MiB allocated/3494MiB reserved
[2026-08-30T11:35:21+00:00] START LODO2 | DG-Hetero-GNN | seed=123 | cuda=17MiB allocated/68MiB reserved
[2026-08-30T11:35:22+00:00] epoch 1/40 loss=0.447523 elapsed=0.5s | cuda=418MiB allocated/3486MiB reserved
[2026-08-30T11:35:23+00:00] epoch 2/40 loss=0.436671 elapsed=0.9s | cuda=418MiB allocated/3632MiB reserved
[2026-08-30T11:35:23+00:00] epoch 3/40 loss=0.429255 elapsed=1.4s | cuda=418MiB allocated/3632MiB reserved
[2026-08-30T11:35:23+00:00] epoch 4/40 loss=0.422485 elapsed=1.8s | cuda=418MiB allocated/3632MiB reserved
[2026-08-30T11:35:24+00:00] epoch 5/40 loss=0.415330 elapsed=2.3s | cuda=418MiB allocated/3632MiB reserved
[2026-08-30T11:35:24+00:00] epoch 6/40 loss=0.407879 elapsed=2.7s | cuda=418MiB allocated/3632MiB reserved
[2026-08-30T11:35:25+00:00] epoch 7/40 loss=0.400613 elapsed=3.2s | cuda=418MiB allocated/3632MiB reserved
[2026-08-30T11:35:25+00:00] epoch 8/40 loss=0.392072 elapsed=3.6s | cuda=418MiB allocated/3632MiB reserved
[2026-08-30T11:35:26+00:00] epoch 9/40 loss=0.383495 elapsed=4.1s | cuda=418MiB allocated/3632MiB reserved
[2026-08-30T11:35:26+00:00] epoch 10/40 loss=0.373656 elapsed=4.5s | cuda=418MiB allocated/3632MiB reserved
[2026-08-30T11:35:27+00:00] epoch 11/40 loss=0.362990 elapsed=5.0s | cuda=418MiB allocated/3632MiB reserved
[2026-08-30T11:35:27+00:00] epoch 12/40 loss=0.351286 elapsed=5.4s | cuda=418MiB allocated/3632MiB reserved
[2026-08-30T11:35:27+00:00] epoch 13/40 loss=0.340454 elapsed=5.9s | cuda=418MiB allocated/3632MiB reserved
[2026-08-30T11:35:28+00:00] epoch 14/40 loss=0.330559 elapsed=6.3s | cuda=418MiB allocated/3632MiB reserved
[2026-08-30T11:35:28+00:00] epoch 15/40 loss=0.323088 elapsed=6.8s | cuda=418MiB allocated/3632MiB reserved
[2026-08-30T11:35:29+00:00] epoch 16/40 loss=0.316665 elapsed=7.2s | cuda=418MiB allocated/3632MiB reserved
[2026-08-30T11:35:29+00:00] epoch 17/40 loss=0.313156 elapsed=7.7s | cuda=418MiB allocated/3632MiB reserved
[2026-08-30T11:35:30+00:00] epoch 18/40 loss=0.312497 elapsed=8.1s | cuda=418MiB allocated/3632MiB reserved
[2026-08-30T11:35:30+00:00] epoch 19/40 loss=0.313858 elapsed=8.5s | cuda=418MiB allocated/3632MiB reserved
[2026-08-30T11:35:31+00:00] epoch 20/40 loss=0.318896 elapsed=9.0s | cuda=418MiB allocated/3632MiB reserved
[2026-08-30T11:35:31+00:00] epoch 21/40 loss=0.327368 elapsed=9.4s | cuda=418MiB allocated/3632MiB reserved
[2026-08-30T11:35:32+00:00] epoch 22/40 loss=0.337037 elapsed=9.9s | cuda=418MiB allocated/3632MiB reserved
[2026-08-30T11:35:32+00:00] epoch 23/40 loss=0.351161 elapsed=10.3s | cuda=418MiB allocated/3632MiB reserved
[2026-08-30T11:35:32+00:00] epoch 24/40 loss=0.367013 elapsed=10.8s | cuda=418MiB allocated/3632MiB reserved
[2026-08-30T11:35:33+00:00] epoch 25/40 loss=0.380209 elapsed=11.2s | cuda=418MiB allocated/3632MiB reserved
[2026-08-30T11:35:33+00:00] epoch 26/40 loss=0.401197 elapsed=11.7s | cuda=418MiB allocated/3632MiB reserved
[2026-08-30T11:35:34+00:00] epoch 27/40 loss=0.419753 elapsed=12.1s | cuda=418MiB allocated/3632MiB reserved
[2026-08-30T11:35:34+00:00] epoch 28/40 loss=0.438859 elapsed=12.6s | cuda=418MiB allocated/3632MiB reserved
[2026-08-30T11:35:35+00:00] epoch 29/40 loss=0.454299 elapsed=13.0s | cuda=418MiB allocated/3632MiB reserved
[2026-08-30T11:35:35+00:00] epoch 30/40 loss=0.476215 elapsed=13.5s | cuda=418MiB allocated/3632MiB reserved
[2026-08-30T11:35:36+00:00] epoch 31/40 loss=0.487939 elapsed=13.9s | cuda=418MiB allocated/3632MiB reserved
[2026-08-30T11:35:36+00:00] epoch 32/40 loss=0.506458 elapsed=14.4s | cuda=418MiB allocated/3632MiB reserved
[2026-08-30T11:35:36+00:00] epoch 33/40 loss=0.524317 elapsed=14.8s | cuda=418MiB allocated/3632MiB reserved
[2026-08-30T11:35:37+00:00] epoch 34/40 loss=0.537633 elapsed=15.3s | cuda=418MiB allocated/3632MiB reserved
[2026-08-30T11:35:37+00:00] epoch 35/40 loss=0.549483 elapsed=15.7s | cuda=418MiB allocated/3632MiB reserved
[2026-08-30T11:35:38+00:00] epoch 36/40 loss=0.568568 elapsed=16.2s | cuda=418MiB allocated/3632MiB reserved
[2026-08-30T11:35:38+00:00] epoch 37/40 loss=0.581620 elapsed=16.6s | cuda=418MiB allocated/3632MiB reserved
[2026-08-30T11:35:39+00:00] epoch 38/40 loss=0.592351 elapsed=17.1s | cuda=418MiB allocated/3632MiB reserved
[2026-08-30T11:35:39+00:00] epoch 39/40 loss=0.601673 elapsed=17.5s | cuda=418MiB allocated/3632MiB reserved
[2026-08-30T11:35:40+00:00] epoch 40/40 loss=0.612350 elapsed=18.0s | cuda=418MiB allocated/3632MiB reserved
[2026-08-30T11:35:40+00:00] DONE LODO2 | DG-Hetero-GNN | seed=123 | F1=0.117523 | cuda=17MiB allocated/3632MiB reserved
[2026-08-30T11:35:40+00:00] START LODO2 | DG-Hetero-GNN | seed=3407 | cuda=17MiB allocated/68MiB reserved
[2026-08-30T11:35:41+00:00] epoch 1/40 loss=0.314362 elapsed=0.5s | cuda=418MiB allocated/3486MiB reserved
[2026-08-30T11:35:42+00:00] epoch 2/40 loss=0.296195 elapsed=0.9s | cuda=418MiB allocated/3632MiB reserved
[2026-08-30T11:35:42+00:00] epoch 3/40 loss=0.277456 elapsed=1.4s | cuda=418MiB allocated/3632MiB reserved
[2026-08-30T11:35:42+00:00] epoch 4/40 loss=0.258538 elapsed=1.8s | cuda=418MiB allocated/3632MiB reserved
[2026-08-30T11:35:43+00:00] epoch 5/40 loss=0.240547 elapsed=2.3s | cuda=418MiB allocated/3632MiB reserved
[2026-08-30T11:35:43+00:00] epoch 6/40 loss=0.225259 elapsed=2.7s | cuda=418MiB allocated/3632MiB reserved
[2026-08-30T11:35:44+00:00] epoch 7/40 loss=0.212580 elapsed=3.2s | cuda=418MiB allocated/3632MiB reserved
[2026-08-30T11:35:44+00:00] epoch 8/40 loss=0.202708 elapsed=3.6s | cuda=418MiB allocated/3632MiB reserved
[2026-08-30T11:35:45+00:00] epoch 9/40 loss=0.195835 elapsed=4.1s | cuda=418MiB allocated/3632MiB reserved
[2026-08-30T11:35:45+00:00] epoch 10/40 loss=0.192936 elapsed=4.5s | cuda=418MiB allocated/3632MiB reserved
[2026-08-30T11:35:46+00:00] epoch 11/40 loss=0.192916 elapsed=5.0s | cuda=418MiB allocated/3632MiB reserved
[2026-08-30T11:35:46+00:00] epoch 12/40 loss=0.195528 elapsed=5.4s | cuda=418MiB allocated/3632MiB reserved
[2026-08-30T11:35:46+00:00] epoch 13/40 loss=0.198978 elapsed=5.9s | cuda=418MiB allocated/3632MiB reserved
[2026-08-30T11:35:47+00:00] epoch 14/40 loss=0.202757 elapsed=6.3s | cuda=418MiB allocated/3632MiB reserved
[2026-08-30T11:35:47+00:00] epoch 15/40 loss=0.207010 elapsed=6.8s | cuda=418MiB allocated/3632MiB reserved
[2026-08-30T11:35:48+00:00] epoch 16/40 loss=0.209706 elapsed=7.2s | cuda=418MiB allocated/3632MiB reserved
[2026-08-30T11:35:48+00:00] epoch 17/40 loss=0.212390 elapsed=7.7s | cuda=418MiB allocated/3632MiB reserved
[2026-08-30T11:35:49+00:00] epoch 18/40 loss=0.214216 elapsed=8.1s | cuda=418MiB allocated/3632MiB reserved
[2026-08-30T11:35:49+00:00] epoch 19/40 loss=0.215500 elapsed=8.6s | cuda=418MiB allocated/3632MiB reserved
[2026-08-30T11:35:50+00:00] epoch 20/40 loss=0.216543 elapsed=9.0s | cuda=418MiB allocated/3632MiB reserved
[2026-08-30T11:35:50+00:00] epoch 21/40 loss=0.217452 elapsed=9.5s | cuda=418MiB allocated/3632MiB reserved
[2026-08-30T11:35:51+00:00] epoch 22/40 loss=0.218644 elapsed=9.9s | cuda=418MiB allocated/3632MiB reserved
[2026-08-30T11:35:51+00:00] epoch 23/40 loss=0.219898 elapsed=10.4s | cuda=418MiB allocated/3632MiB reserved
[2026-08-30T11:35:51+00:00] epoch 24/40 loss=0.220911 elapsed=10.8s | cuda=418MiB allocated/3632MiB reserved
[2026-08-30T11:35:52+00:00] epoch 25/40 loss=0.222593 elapsed=11.3s | cuda=418MiB allocated/3632MiB reserved
[2026-08-30T11:35:52+00:00] epoch 26/40 loss=0.224991 elapsed=11.7s | cuda=418MiB allocated/3632MiB reserved
[2026-08-30T11:35:53+00:00] epoch 27/40 loss=0.227592 elapsed=12.2s | cuda=418MiB allocated/3632MiB reserved
[2026-08-30T11:35:53+00:00] epoch 28/40 loss=0.230231 elapsed=12.6s | cuda=418MiB allocated/3632MiB reserved
[2026-08-30T11:35:54+00:00] epoch 29/40 loss=0.233748 elapsed=13.1s | cuda=418MiB allocated/3632MiB reserved
[2026-08-30T11:35:54+00:00] epoch 30/40 loss=0.237853 elapsed=13.5s | cuda=418MiB allocated/3632MiB reserved
[2026-08-30T11:35:55+00:00] epoch 31/40 loss=0.242374 elapsed=14.0s | cuda=418MiB allocated/3632MiB reserved
[2026-08-30T11:35:55+00:00] epoch 32/40 loss=0.247314 elapsed=14.4s | cuda=418MiB allocated/3632MiB reserved
[2026-08-30T11:35:55+00:00] epoch 33/40 loss=0.252669 elapsed=14.9s | cuda=418MiB allocated/3632MiB reserved
[2026-08-30T11:35:56+00:00] epoch 34/40 loss=0.258688 elapsed=15.3s | cuda=418MiB allocated/3632MiB reserved
[2026-08-30T11:35:56+00:00] epoch 35/40 loss=0.265666 elapsed=15.7s | cuda=418MiB allocated/3632MiB reserved
[2026-08-30T11:35:57+00:00] epoch 36/40 loss=0.272949 elapsed=16.2s | cuda=418MiB allocated/3632MiB reserved
[2026-08-30T11:35:57+00:00] epoch 37/40 loss=0.282484 elapsed=16.6s | cuda=418MiB allocated/3632MiB reserved
[2026-08-30T11:35:58+00:00] epoch 38/40 loss=0.292718 elapsed=17.1s | cuda=418MiB allocated/3632MiB reserved
[2026-08-30T11:35:58+00:00] epoch 39/40 loss=0.303899 elapsed=17.5s | cuda=418MiB allocated/3632MiB reserved
[2026-08-30T11:35:59+00:00] epoch 40/40 loss=0.316934 elapsed=18.0s | cuda=418MiB allocated/3632MiB reserved
[2026-08-30T11:35:59+00:00] DONE LODO2 | DG-Hetero-GNN | seed=3407 | F1=0.116663 | cuda=17MiB allocated/3632MiB reserved
[2026-08-30T11:35:59+00:00] START LODO2 | DG-Hetero-GNN | seed=2025 | cuda=17MiB allocated/68MiB reserved
[2026-08-30T11:36:00+00:00] epoch 1/40 loss=0.414853 elapsed=0.5s | cuda=418MiB allocated/3486MiB reserved
[2026-08-30T11:36:01+00:00] epoch 2/40 loss=0.397092 elapsed=0.9s | cuda=418MiB allocated/3632MiB reserved
[2026-08-30T11:36:01+00:00] epoch 3/40 loss=0.378380 elapsed=1.4s | cuda=418MiB allocated/3632MiB reserved
[2026-08-30T11:36:01+00:00] epoch 4/40 loss=0.358536 elapsed=1.8s | cuda=418MiB allocated/3632MiB reserved
[2026-08-30T11:36:02+00:00] epoch 5/40 loss=0.337141 elapsed=2.3s | cuda=418MiB allocated/3632MiB reserved
[2026-08-30T11:36:02+00:00] epoch 6/40 loss=0.317466 elapsed=2.7s | cuda=418MiB allocated/3632MiB reserved
[2026-08-30T11:36:03+00:00] epoch 7/40 loss=0.298855 elapsed=3.2s | cuda=418MiB allocated/3632MiB reserved
[2026-08-30T11:36:03+00:00] epoch 8/40 loss=0.280084 elapsed=3.6s | cuda=418MiB allocated/3632MiB reserved
[2026-08-30T11:36:04+00:00] epoch 9/40 loss=0.264896 elapsed=4.1s | cuda=418MiB allocated/3632MiB reserved
[2026-08-30T11:36:04+00:00] epoch 10/40 loss=0.252282 elapsed=4.5s | cuda=418MiB allocated/3632MiB reserved
[2026-08-30T11:36:05+00:00] epoch 11/40 loss=0.243163 elapsed=5.0s | cuda=418MiB allocated/3632MiB reserved
[2026-08-30T11:36:05+00:00] epoch 12/40 loss=0.238342 elapsed=5.4s | cuda=418MiB allocated/3632MiB reserved
[2026-08-30T11:36:06+00:00] epoch 13/40 loss=0.237627 elapsed=5.9s | cuda=418MiB allocated/3632MiB reserved
[2026-08-30T11:36:06+00:00] epoch 14/40 loss=0.241288 elapsed=6.3s | cuda=418MiB allocated/3632MiB reserved
[2026-08-30T11:36:06+00:00] epoch 15/40 loss=0.249764 elapsed=6.8s | cuda=418MiB allocated/3632MiB reserved
[2026-08-30T11:36:07+00:00] epoch 16/40 loss=0.258398 elapsed=7.2s | cuda=418MiB allocated/3632MiB reserved
[2026-08-30T11:36:07+00:00] epoch 17/40 loss=0.271503 elapsed=7.7s | cuda=418MiB allocated/3632MiB reserved
[2026-08-30T11:36:08+00:00] epoch 18/40 loss=0.286717 elapsed=8.1s | cuda=418MiB allocated/3632MiB reserved
[2026-08-30T11:36:08+00:00] epoch 19/40 loss=0.305581 elapsed=8.6s | cuda=418MiB allocated/3632MiB reserved
[2026-08-30T11:36:09+00:00] epoch 20/40 loss=0.320757 elapsed=9.0s | cuda=418MiB allocated/3632MiB reserved
[2026-08-30T11:36:09+00:00] epoch 21/40 loss=0.340606 elapsed=9.5s | cuda=418MiB allocated/3632MiB reserved
[2026-08-30T11:36:10+00:00] epoch 22/40 loss=0.360700 elapsed=9.9s | cuda=418MiB allocated/3632MiB reserved
[2026-08-30T11:36:10+00:00] epoch 23/40 loss=0.377295 elapsed=10.3s | cuda=418MiB allocated/3632MiB reserved
[2026-08-30T11:36:10+00:00] epoch 24/40 loss=0.400512 elapsed=10.8s | cuda=418MiB allocated/3632MiB reserved
[2026-08-30T11:36:11+00:00] epoch 25/40 loss=0.419704 elapsed=11.2s | cuda=418MiB allocated/3632MiB reserved
[2026-08-30T11:36:11+00:00] epoch 26/40 loss=0.442437 elapsed=11.7s | cuda=418MiB allocated/3632MiB reserved
[2026-08-30T11:36:12+00:00] epoch 27/40 loss=0.466724 elapsed=12.1s | cuda=418MiB allocated/3632MiB reserved
[2026-08-30T11:36:12+00:00] epoch 28/40 loss=0.493518 elapsed=12.6s | cuda=418MiB allocated/3632MiB reserved
[2026-08-30T11:36:13+00:00] epoch 29/40 loss=0.514026 elapsed=13.0s | cuda=418MiB allocated/3632MiB reserved
[2026-08-30T11:36:13+00:00] epoch 30/40 loss=0.540411 elapsed=13.5s | cuda=418MiB allocated/3632MiB reserved
[2026-08-30T11:36:14+00:00] epoch 31/40 loss=0.563158 elapsed=13.9s | cuda=418MiB allocated/3632MiB reserved
[2026-08-30T11:36:14+00:00] epoch 32/40 loss=0.591318 elapsed=14.4s | cuda=418MiB allocated/3632MiB reserved
[2026-08-30T11:36:14+00:00] epoch 33/40 loss=0.615000 elapsed=14.8s | cuda=418MiB allocated/3632MiB reserved
[2026-08-30T11:36:15+00:00] epoch 34/40 loss=0.640696 elapsed=15.3s | cuda=418MiB allocated/3632MiB reserved
[2026-08-30T11:36:15+00:00] epoch 35/40 loss=0.667981 elapsed=15.7s | cuda=418MiB allocated/3632MiB reserved
[2026-08-30T11:36:16+00:00] epoch 36/40 loss=0.689187 elapsed=16.2s | cuda=418MiB allocated/3632MiB reserved
[2026-08-30T11:36:16+00:00] epoch 37/40 loss=0.708511 elapsed=16.6s | cuda=418MiB allocated/3632MiB reserved
[2026-08-30T11:36:17+00:00] epoch 38/40 loss=0.733950 elapsed=17.1s | cuda=418MiB allocated/3632MiB reserved
[2026-08-30T11:36:17+00:00] epoch 39/40 loss=0.750485 elapsed=17.5s | cuda=418MiB allocated/3632MiB reserved
[2026-08-30T11:36:18+00:00] epoch 40/40 loss=0.764621 elapsed=18.0s | cuda=418MiB allocated/3632MiB reserved
[2026-08-30T11:36:18+00:00] DONE LODO2 | DG-Hetero-GNN | seed=2025 | F1=0.117229 | cuda=17MiB allocated/3632MiB reserved
[2026-08-30T11:36:18+00:00] START LODO2 | DG-Hetero-GNN | seed=9999 | cuda=17MiB allocated/68MiB reserved
[2026-08-30T11:36:19+00:00] epoch 1/40 loss=0.400050 elapsed=0.5s | cuda=418MiB allocated/3486MiB reserved
[2026-08-30T11:36:20+00:00] epoch 2/40 loss=0.376692 elapsed=0.9s | cuda=418MiB allocated/3632MiB reserved
[2026-08-30T11:36:20+00:00] epoch 3/40 loss=0.353185 elapsed=1.4s | cuda=418MiB allocated/3632MiB reserved
[2026-08-30T11:36:20+00:00] epoch 4/40 loss=0.330225 elapsed=1.8s | cuda=418MiB allocated/3632MiB reserved
[2026-08-30T11:36:21+00:00] epoch 5/40 loss=0.307669 elapsed=2.3s | cuda=418MiB allocated/3632MiB reserved
[2026-08-30T11:36:21+00:00] epoch 6/40 loss=0.287755 elapsed=2.7s | cuda=418MiB allocated/3632MiB reserved
[2026-08-30T11:36:22+00:00] epoch 7/40 loss=0.271281 elapsed=3.2s | cuda=418MiB allocated/3632MiB reserved
[2026-08-30T11:36:22+00:00] epoch 8/40 loss=0.259997 elapsed=3.6s | cuda=418MiB allocated/3632MiB reserved
[2026-08-30T11:36:23+00:00] epoch 9/40 loss=0.253426 elapsed=4.1s | cuda=418MiB allocated/3632MiB reserved
[2026-08-30T11:36:23+00:00] epoch 10/40 loss=0.250826 elapsed=4.5s | cuda=418MiB allocated/3632MiB reserved
[2026-08-30T11:36:24+00:00] epoch 11/40 loss=0.254158 elapsed=4.9s | cuda=418MiB allocated/3632MiB reserved
[2026-08-30T11:36:24+00:00] epoch 12/40 loss=0.261702 elapsed=5.4s | cuda=418MiB allocated/3632MiB reserved
[2026-08-30T11:36:24+00:00] epoch 13/40 loss=0.272711 elapsed=5.8s | cuda=418MiB allocated/3632MiB reserved
[2026-08-30T11:36:25+00:00] epoch 14/40 loss=0.286920 elapsed=6.3s | cuda=418MiB allocated/3632MiB reserved
[2026-08-30T11:36:25+00:00] epoch 15/40 loss=0.305504 elapsed=6.7s | cuda=418MiB allocated/3632MiB reserved
[2026-08-30T11:36:26+00:00] epoch 16/40 loss=0.319200 elapsed=7.2s | cuda=418MiB allocated/3632MiB reserved
[2026-08-30T11:36:26+00:00] epoch 17/40 loss=0.333588 elapsed=7.6s | cuda=418MiB allocated/3632MiB reserved
[2026-08-30T11:36:27+00:00] epoch 18/40 loss=0.349355 elapsed=8.1s | cuda=418MiB allocated/3632MiB reserved
[2026-08-30T11:36:27+00:00] epoch 19/40 loss=0.361231 elapsed=8.5s | cuda=418MiB allocated/3632MiB reserved
[2026-08-30T11:36:28+00:00] epoch 20/40 loss=0.375991 elapsed=9.0s | cuda=418MiB allocated/3632MiB reserved
[2026-08-30T11:36:28+00:00] epoch 21/40 loss=0.384287 elapsed=9.4s | cuda=418MiB allocated/3632MiB reserved
[2026-08-30T11:36:29+00:00] epoch 22/40 loss=0.392601 elapsed=9.9s | cuda=418MiB allocated/3632MiB reserved
[2026-08-30T11:36:29+00:00] epoch 23/40 loss=0.396709 elapsed=10.3s | cuda=418MiB allocated/3632MiB reserved
[2026-08-30T11:36:29+00:00] epoch 24/40 loss=0.395198 elapsed=10.8s | cuda=418MiB allocated/3632MiB reserved
[2026-08-30T11:36:30+00:00] epoch 25/40 loss=0.396272 elapsed=11.2s | cuda=418MiB allocated/3632MiB reserved
[2026-08-30T11:36:30+00:00] epoch 26/40 loss=0.389187 elapsed=11.7s | cuda=418MiB allocated/3632MiB reserved
[2026-08-30T11:36:31+00:00] epoch 27/40 loss=0.379914 elapsed=12.1s | cuda=418MiB allocated/3632MiB reserved
[2026-08-30T11:36:31+00:00] epoch 28/40 loss=0.372229 elapsed=12.6s | cuda=418MiB allocated/3632MiB reserved
[2026-08-30T11:36:32+00:00] epoch 29/40 loss=0.363125 elapsed=13.0s | cuda=418MiB allocated/3632MiB reserved
[2026-08-30T11:36:32+00:00] epoch 30/40 loss=0.349809 elapsed=13.5s | cuda=418MiB allocated/3632MiB reserved
[2026-08-30T11:36:33+00:00] epoch 31/40 loss=0.336679 elapsed=13.9s | cuda=418MiB allocated/3632MiB reserved
[2026-08-30T11:36:33+00:00] epoch 32/40 loss=0.321470 elapsed=14.4s | cuda=418MiB allocated/3632MiB reserved
[2026-08-30T11:36:33+00:00] epoch 33/40 loss=0.312221 elapsed=14.8s | cuda=418MiB allocated/3632MiB reserved
[2026-08-30T11:36:34+00:00] epoch 34/40 loss=0.297712 elapsed=15.3s | cuda=418MiB allocated/3632MiB reserved
[2026-08-30T11:36:34+00:00] epoch 35/40 loss=0.289455 elapsed=15.7s | cuda=418MiB allocated/3632MiB reserved
[2026-08-30T11:36:35+00:00] epoch 36/40 loss=0.281377 elapsed=16.2s | cuda=418MiB allocated/3632MiB reserved
[2026-08-30T11:36:35+00:00] epoch 37/40 loss=0.276964 elapsed=16.6s | cuda=418MiB allocated/3632MiB reserved
[2026-08-30T11:36:36+00:00] epoch 38/40 loss=0.274917 elapsed=17.1s | cuda=418MiB allocated/3632MiB reserved
[2026-08-30T11:36:36+00:00] epoch 39/40 loss=0.278437 elapsed=17.5s | cuda=418MiB allocated/3632MiB reserved
[2026-08-30T11:36:37+00:00] epoch 40/40 loss=0.285255 elapsed=18.0s | cuda=418MiB allocated/3632MiB reserved
[2026-08-30T11:36:37+00:00] DONE LODO2 | DG-Hetero-GNN | seed=9999 | F1=0.110831 | cuda=17MiB allocated/3632MiB reserved
[2026-08-30T11:36:37+00:00] START LODO2 | XGBoost | seed=42 | cuda=17MiB allocated/68MiB reserved
[2026-08-30T11:36:51+00:00] DONE LODO2 | XGBoost | seed=42 | F1=0.001125 | cuda=17MiB allocated/68MiB reserved
[2026-08-30T11:36:51+00:00] START LODO2 | XGBoost | seed=123 | cuda=17MiB allocated/68MiB reserved
[2026-08-30T11:37:05+00:00] DONE LODO2 | XGBoost | seed=123 | F1=0.148822 | cuda=17MiB allocated/68MiB reserved
[2026-08-30T11:37:05+00:00] START LODO2 | XGBoost | seed=3407 | cuda=17MiB allocated/68MiB reserved
[2026-08-30T11:37:22+00:00] DONE LODO2 | XGBoost | seed=3407 | F1=0.151865 | cuda=17MiB allocated/68MiB reserved
[2026-08-30T11:37:22+00:00] START LODO2 | XGBoost | seed=2025 | cuda=17MiB allocated/68MiB reserved
[2026-08-30T11:37:40+00:00] DONE LODO2 | XGBoost | seed=2025 | F1=0.168356 | cuda=17MiB allocated/68MiB reserved
[2026-08-30T11:37:40+00:00] START LODO2 | XGBoost | seed=9999 | cuda=17MiB allocated/68MiB reserved
[2026-08-30T11:37:58+00:00] DONE LODO2 | XGBoost | seed=9999 | F1=0.170133 | cuda=17MiB allocated/68MiB reserved
[2026-08-30T11:37:58+00:00] START LODO2 | MLP | seed=42 | cuda=17MiB allocated/68MiB reserved
[2026-08-30T11:38:01+00:00] DONE LODO2 | MLP | seed=42 | F1=0.117937 | cuda=17MiB allocated/1150MiB reserved
[2026-08-30T11:38:01+00:00] START LODO2 | MLP | seed=123 | cuda=17MiB allocated/68MiB reserved
[2026-08-30T11:38:03+00:00] DONE LODO2 | MLP | seed=123 | F1=0.117011 | cuda=17MiB allocated/1150MiB reserved
[2026-08-30T11:38:03+00:00] START LODO2 | MLP | seed=3407 | cuda=17MiB allocated/68MiB reserved
[2026-08-30T11:38:05+00:00] DONE LODO2 | MLP | seed=3407 | F1=0.117607 | cuda=17MiB allocated/1150MiB reserved
[2026-08-30T11:38:05+00:00] START LODO2 | MLP | seed=2025 | cuda=17MiB allocated/68MiB reserved
[2026-08-30T11:38:08+00:00] DONE LODO2 | MLP | seed=2025 | F1=0.117012 | cuda=17MiB allocated/1150MiB reserved
[2026-08-30T11:38:08+00:00] START LODO2 | MLP | seed=9999 | cuda=17MiB allocated/68MiB reserved
[2026-08-30T11:38:10+00:00] DONE LODO2 | MLP | seed=9999 | F1=0.118524 | cuda=17MiB allocated/1150MiB reserved
[2026-08-30T11:38:10+00:00] START LODO2 | GCN | seed=42 | cuda=17MiB allocated/68MiB reserved
[2026-08-30T11:38:24+00:00] DONE LODO2 | GCN | seed=42 | F1=0.116850 | cuda=17MiB allocated/2752MiB reserved
[2026-08-30T11:38:24+00:00] START LODO2 | GCN | seed=123 | cuda=17MiB allocated/68MiB reserved
[2026-08-30T11:38:39+00:00] DONE LODO2 | GCN | seed=123 | F1=0.116826 | cuda=17MiB allocated/2752MiB reserved
[2026-08-30T11:38:39+00:00] START LODO2 | GCN | seed=3407 | cuda=17MiB allocated/68MiB reserved
[2026-08-30T11:38:53+00:00] DONE LODO2 | GCN | seed=3407 | F1=0.117002 | cuda=17MiB allocated/2752MiB reserved
[2026-08-30T11:38:53+00:00] START LODO2 | GCN | seed=2025 | cuda=17MiB allocated/68MiB reserved
[2026-08-30T11:39:07+00:00] DONE LODO2 | GCN | seed=2025 | F1=0.116930 | cuda=17MiB allocated/2752MiB reserved
[2026-08-30T11:39:07+00:00] START LODO2 | GCN | seed=9999 | cuda=17MiB allocated/68MiB reserved
[2026-08-30T11:39:22+00:00] DONE LODO2 | GCN | seed=9999 | F1=0.116828 | cuda=17MiB allocated/2752MiB reserved
[2026-08-30T11:39:22+00:00] START LODO2 | GraphSAGE | seed=42 | cuda=17MiB allocated/68MiB reserved
[2026-08-30T11:39:34+00:00] DONE LODO2 | GraphSAGE | seed=42 | F1=0.118225 | cuda=17MiB allocated/3404MiB reserved
[2026-08-30T11:39:34+00:00] START LODO2 | GraphSAGE | seed=123 | cuda=17MiB allocated/68MiB reserved
[2026-08-30T11:39:47+00:00] DONE LODO2 | GraphSAGE | seed=123 | F1=0.117709 | cuda=17MiB allocated/3404MiB reserved
[2026-08-30T11:39:47+00:00] START LODO2 | GraphSAGE | seed=3407 | cuda=17MiB allocated/68MiB reserved
[2026-08-30T11:39:59+00:00] DONE LODO2 | GraphSAGE | seed=3407 | F1=0.118051 | cuda=17MiB allocated/3404MiB reserved
[2026-08-30T11:39:59+00:00] START LODO2 | GraphSAGE | seed=2025 | cuda=17MiB allocated/68MiB reserved
[2026-08-30T11:40:12+00:00] DONE LODO2 | GraphSAGE | seed=2025 | F1=0.117898 | cuda=17MiB allocated/3404MiB reserved
[2026-08-30T11:40:12+00:00] START LODO2 | GraphSAGE | seed=9999 | cuda=17MiB allocated/68MiB reserved
[2026-08-30T11:40:24+00:00] DONE LODO2 | GraphSAGE | seed=9999 | F1=0.117722 | cuda=17MiB allocated/3404MiB reserved
[2026-08-30T11:40:24+00:00] START LODO2 | GAT | seed=42 | cuda=17MiB allocated/68MiB reserved
[2026-08-30T11:41:02+00:00] DONE LODO2 | GAT | seed=42 | F1=0.117196 | cuda=17MiB allocated/11570MiB reserved
[2026-08-30T11:41:02+00:00] START LODO2 | GAT | seed=123 | cuda=17MiB allocated/68MiB reserved
[2026-08-30T11:41:40+00:00] DONE LODO2 | GAT | seed=123 | F1=0.116863 | cuda=17MiB allocated/11570MiB reserved
[2026-08-30T11:41:40+00:00] START LODO2 | GAT | seed=3407 | cuda=17MiB allocated/68MiB reserved
[2026-08-30T11:42:18+00:00] DONE LODO2 | GAT | seed=3407 | F1=0.116825 | cuda=17MiB allocated/11570MiB reserved
[2026-08-30T11:42:18+00:00] START LODO2 | GAT | seed=2025 | cuda=17MiB allocated/68MiB reserved
[2026-08-30T11:42:57+00:00] DONE LODO2 | GAT | seed=2025 | F1=0.117930 | cuda=17MiB allocated/11570MiB reserved
[2026-08-30T11:42:57+00:00] START LODO2 | GAT | seed=9999 | cuda=17MiB allocated/68MiB reserved
[2026-08-30T11:43:35+00:00] DONE LODO2 | GAT | seed=9999 | F1=0.117176 | cuda=17MiB allocated/11570MiB reserved
[2026-08-30T11:43:35+00:00] START LODO2 | HeteroGraphSAGE | seed=42 | cuda=17MiB allocated/68MiB reserved
[2026-08-30T11:43:36+00:00] HeteroGraphSAGE epoch 1/40 loss=0.167831 | cuda=413MiB allocated/3338MiB reserved
[2026-08-30T11:43:36+00:00] HeteroGraphSAGE epoch 2/40 loss=0.092995 | cuda=413MiB allocated/3338MiB reserved
[2026-08-30T11:43:37+00:00] HeteroGraphSAGE epoch 3/40 loss=0.061124 | cuda=413MiB allocated/3338MiB reserved
[2026-08-30T11:43:37+00:00] HeteroGraphSAGE epoch 4/40 loss=0.048332 | cuda=413MiB allocated/3338MiB reserved
[2026-08-30T11:43:38+00:00] HeteroGraphSAGE epoch 5/40 loss=0.046710 | cuda=413MiB allocated/3338MiB reserved
[2026-08-30T11:43:38+00:00] HeteroGraphSAGE epoch 6/40 loss=0.050124 | cuda=413MiB allocated/3338MiB reserved
[2026-08-30T11:43:38+00:00] HeteroGraphSAGE epoch 7/40 loss=0.052817 | cuda=413MiB allocated/3338MiB reserved
[2026-08-30T11:43:39+00:00] HeteroGraphSAGE epoch 8/40 loss=0.055727 | cuda=413MiB allocated/3338MiB reserved
[2026-08-30T11:43:39+00:00] HeteroGraphSAGE epoch 9/40 loss=0.057703 | cuda=413MiB allocated/3338MiB reserved
[2026-08-30T11:43:40+00:00] HeteroGraphSAGE epoch 10/40 loss=0.056020 | cuda=413MiB allocated/3338MiB reserved
[2026-08-30T11:43:40+00:00] HeteroGraphSAGE epoch 11/40 loss=0.056370 | cuda=413MiB allocated/3338MiB reserved
[2026-08-30T11:43:41+00:00] HeteroGraphSAGE epoch 12/40 loss=0.054320 | cuda=413MiB allocated/3338MiB reserved
[2026-08-30T11:43:41+00:00] HeteroGraphSAGE epoch 13/40 loss=0.052467 | cuda=413MiB allocated/3338MiB reserved
[2026-08-30T11:43:41+00:00] HeteroGraphSAGE epoch 14/40 loss=0.050074 | cuda=413MiB allocated/3338MiB reserved
[2026-08-30T11:43:42+00:00] HeteroGraphSAGE epoch 15/40 loss=0.047295 | cuda=413MiB allocated/3338MiB reserved
[2026-08-30T11:43:42+00:00] HeteroGraphSAGE epoch 16/40 loss=0.046031 | cuda=413MiB allocated/3338MiB reserved
[2026-08-30T11:43:43+00:00] HeteroGraphSAGE epoch 17/40 loss=0.043976 | cuda=413MiB allocated/3338MiB reserved
[2026-08-30T11:43:43+00:00] HeteroGraphSAGE epoch 18/40 loss=0.042664 | cuda=413MiB allocated/3338MiB reserved
[2026-08-30T11:43:44+00:00] HeteroGraphSAGE epoch 19/40 loss=0.041990 | cuda=413MiB allocated/3338MiB reserved
[2026-08-30T11:43:44+00:00] HeteroGraphSAGE epoch 20/40 loss=0.041897 | cuda=413MiB allocated/3338MiB reserved
[2026-08-30T11:43:45+00:00] HeteroGraphSAGE epoch 21/40 loss=0.041934 | cuda=413MiB allocated/3338MiB reserved
[2026-08-30T11:43:45+00:00] HeteroGraphSAGE epoch 22/40 loss=0.042242 | cuda=413MiB allocated/3338MiB reserved
[2026-08-30T11:43:45+00:00] HeteroGraphSAGE epoch 23/40 loss=0.042607 | cuda=413MiB allocated/3338MiB reserved
[2026-08-30T11:43:46+00:00] HeteroGraphSAGE epoch 24/40 loss=0.042866 | cuda=413MiB allocated/3338MiB reserved
[2026-08-30T11:43:46+00:00] HeteroGraphSAGE epoch 25/40 loss=0.042955 | cuda=413MiB allocated/3338MiB reserved
[2026-08-30T11:43:47+00:00] HeteroGraphSAGE epoch 26/40 loss=0.042776 | cuda=413MiB allocated/3338MiB reserved
[2026-08-30T11:43:47+00:00] HeteroGraphSAGE epoch 27/40 loss=0.042433 | cuda=413MiB allocated/3338MiB reserved
[2026-08-30T11:43:48+00:00] HeteroGraphSAGE epoch 28/40 loss=0.041981 | cuda=413MiB allocated/3338MiB reserved
[2026-08-30T11:43:48+00:00] HeteroGraphSAGE epoch 29/40 loss=0.041465 | cuda=413MiB allocated/3338MiB reserved
[2026-08-30T11:43:48+00:00] HeteroGraphSAGE epoch 30/40 loss=0.040986 | cuda=413MiB allocated/3338MiB reserved
[2026-08-30T11:43:49+00:00] HeteroGraphSAGE epoch 31/40 loss=0.040579 | cuda=413MiB allocated/3338MiB reserved
[2026-08-30T11:43:49+00:00] HeteroGraphSAGE epoch 32/40 loss=0.040141 | cuda=413MiB allocated/3338MiB reserved
[2026-08-30T11:43:50+00:00] HeteroGraphSAGE epoch 33/40 loss=0.040019 | cuda=413MiB allocated/3338MiB reserved
[2026-08-30T11:43:50+00:00] HeteroGraphSAGE epoch 34/40 loss=0.039873 | cuda=413MiB allocated/3338MiB reserved
[2026-08-30T11:43:51+00:00] HeteroGraphSAGE epoch 35/40 loss=0.039704 | cuda=413MiB allocated/3338MiB reserved
[2026-08-30T11:43:51+00:00] HeteroGraphSAGE epoch 36/40 loss=0.039706 | cuda=413MiB allocated/3338MiB reserved
[2026-08-30T11:43:52+00:00] HeteroGraphSAGE epoch 37/40 loss=0.039656 | cuda=413MiB allocated/3338MiB reserved
[2026-08-30T11:43:52+00:00] HeteroGraphSAGE epoch 38/40 loss=0.039748 | cuda=413MiB allocated/3338MiB reserved
[2026-08-30T11:43:52+00:00] HeteroGraphSAGE epoch 39/40 loss=0.039746 | cuda=413MiB allocated/3338MiB reserved
[2026-08-30T11:43:53+00:00] HeteroGraphSAGE epoch 40/40 loss=0.039464 | cuda=413MiB allocated/3338MiB reserved
[2026-08-30T11:43:54+00:00] DONE LODO2 | HeteroGraphSAGE | seed=42 | F1=0.031902 | cuda=235MiB allocated/3338MiB reserved
[2026-08-30T11:43:54+00:00] START LODO2 | HeteroGraphSAGE | seed=123 | cuda=235MiB allocated/470MiB reserved
[2026-08-30T11:43:54+00:00] HeteroGraphSAGE epoch 1/40 loss=0.149799 | cuda=629MiB allocated/3546MiB reserved
[2026-08-30T11:43:55+00:00] HeteroGraphSAGE epoch 2/40 loss=0.096410 | cuda=629MiB allocated/3546MiB reserved
[2026-08-30T11:43:55+00:00] HeteroGraphSAGE epoch 3/40 loss=0.067767 | cuda=629MiB allocated/3546MiB reserved
[2026-08-30T11:43:56+00:00] HeteroGraphSAGE epoch 4/40 loss=0.053084 | cuda=629MiB allocated/3546MiB reserved
[2026-08-30T11:43:56+00:00] HeteroGraphSAGE epoch 5/40 loss=0.049143 | cuda=629MiB allocated/3546MiB reserved
[2026-08-30T11:43:57+00:00] HeteroGraphSAGE epoch 6/40 loss=0.049803 | cuda=629MiB allocated/3546MiB reserved
[2026-08-30T11:43:57+00:00] HeteroGraphSAGE epoch 7/40 loss=0.052134 | cuda=629MiB allocated/3546MiB reserved
[2026-08-30T11:43:57+00:00] HeteroGraphSAGE epoch 8/40 loss=0.053776 | cuda=629MiB allocated/3546MiB reserved
[2026-08-30T11:43:58+00:00] HeteroGraphSAGE epoch 9/40 loss=0.055288 | cuda=629MiB allocated/3546MiB reserved
[2026-08-30T11:43:58+00:00] HeteroGraphSAGE epoch 10/40 loss=0.055109 | cuda=629MiB allocated/3546MiB reserved
[2026-08-30T11:43:59+00:00] HeteroGraphSAGE epoch 11/40 loss=0.054425 | cuda=629MiB allocated/3546MiB reserved
[2026-08-30T11:43:59+00:00] HeteroGraphSAGE epoch 12/40 loss=0.052740 | cuda=629MiB allocated/3546MiB reserved
[2026-08-30T11:44:00+00:00] HeteroGraphSAGE epoch 13/40 loss=0.050544 | cuda=629MiB allocated/3546MiB reserved
[2026-08-30T11:44:00+00:00] HeteroGraphSAGE epoch 14/40 loss=0.048677 | cuda=629MiB allocated/3546MiB reserved
[2026-08-30T11:44:01+00:00] HeteroGraphSAGE epoch 15/40 loss=0.046641 | cuda=629MiB allocated/3546MiB reserved
[2026-08-30T11:44:01+00:00] HeteroGraphSAGE epoch 16/40 loss=0.044684 | cuda=629MiB allocated/3546MiB reserved
[2026-08-30T11:44:01+00:00] HeteroGraphSAGE epoch 17/40 loss=0.043487 | cuda=629MiB allocated/3546MiB reserved
[2026-08-30T11:44:02+00:00] HeteroGraphSAGE epoch 18/40 loss=0.042323 | cuda=629MiB allocated/3546MiB reserved
[2026-08-30T11:44:02+00:00] HeteroGraphSAGE epoch 19/40 loss=0.042012 | cuda=629MiB allocated/3546MiB reserved
[2026-08-30T11:44:03+00:00] HeteroGraphSAGE epoch 20/40 loss=0.042098 | cuda=629MiB allocated/3546MiB reserved
[2026-08-30T11:44:03+00:00] HeteroGraphSAGE epoch 21/40 loss=0.042380 | cuda=629MiB allocated/3546MiB reserved
[2026-08-30T11:44:04+00:00] HeteroGraphSAGE epoch 22/40 loss=0.042789 | cuda=629MiB allocated/3546MiB reserved
[2026-08-30T11:44:04+00:00] HeteroGraphSAGE epoch 23/40 loss=0.043143 | cuda=629MiB allocated/3546MiB reserved
[2026-08-30T11:44:04+00:00] HeteroGraphSAGE epoch 24/40 loss=0.043241 | cuda=629MiB allocated/3546MiB reserved
[2026-08-30T11:44:05+00:00] HeteroGraphSAGE epoch 25/40 loss=0.043235 | cuda=629MiB allocated/3546MiB reserved
[2026-08-30T11:44:05+00:00] HeteroGraphSAGE epoch 26/40 loss=0.042615 | cuda=629MiB allocated/3546MiB reserved
[2026-08-30T11:44:06+00:00] HeteroGraphSAGE epoch 27/40 loss=0.042050 | cuda=629MiB allocated/3546MiB reserved
[2026-08-30T11:44:06+00:00] HeteroGraphSAGE epoch 28/40 loss=0.041532 | cuda=629MiB allocated/3546MiB reserved
[2026-08-30T11:44:07+00:00] HeteroGraphSAGE epoch 29/40 loss=0.040963 | cuda=629MiB allocated/3546MiB reserved
[2026-08-30T11:44:07+00:00] HeteroGraphSAGE epoch 30/40 loss=0.040649 | cuda=629MiB allocated/3546MiB reserved
[2026-08-30T11:44:07+00:00] HeteroGraphSAGE epoch 31/40 loss=0.040375 | cuda=629MiB allocated/3546MiB reserved
[2026-08-30T11:44:08+00:00] HeteroGraphSAGE epoch 32/40 loss=0.040183 | cuda=629MiB allocated/3546MiB reserved
[2026-08-30T11:44:08+00:00] HeteroGraphSAGE epoch 33/40 loss=0.040152 | cuda=629MiB allocated/3546MiB reserved
[2026-08-30T11:44:09+00:00] HeteroGraphSAGE epoch 34/40 loss=0.040205 | cuda=629MiB allocated/3546MiB reserved
[2026-08-30T11:44:09+00:00] HeteroGraphSAGE epoch 35/40 loss=0.040233 | cuda=629MiB allocated/3546MiB reserved
[2026-08-30T11:44:10+00:00] HeteroGraphSAGE epoch 36/40 loss=0.040284 | cuda=629MiB allocated/3546MiB reserved
[2026-08-30T11:44:10+00:00] HeteroGraphSAGE epoch 37/40 loss=0.040119 | cuda=629MiB allocated/3546MiB reserved
[2026-08-30T11:44:11+00:00] HeteroGraphSAGE epoch 38/40 loss=0.039925 | cuda=629MiB allocated/3546MiB reserved
[2026-08-30T11:44:11+00:00] HeteroGraphSAGE epoch 39/40 loss=0.039705 | cuda=629MiB allocated/3546MiB reserved
[2026-08-30T11:44:11+00:00] HeteroGraphSAGE epoch 40/40 loss=0.039306 | cuda=629MiB allocated/3546MiB reserved
[2026-08-30T11:44:12+00:00] DONE LODO2 | HeteroGraphSAGE | seed=123 | F1=0.004629 | cuda=235MiB allocated/3546MiB reserved
[2026-08-30T11:44:12+00:00] START LODO2 | HeteroGraphSAGE | seed=3407 | cuda=235MiB allocated/490MiB reserved
[2026-08-30T11:44:13+00:00] HeteroGraphSAGE epoch 1/40 loss=0.294417 | cuda=630MiB allocated/3546MiB reserved
[2026-08-30T11:44:13+00:00] HeteroGraphSAGE epoch 2/40 loss=0.187423 | cuda=630MiB allocated/3546MiB reserved
[2026-08-30T11:44:14+00:00] HeteroGraphSAGE epoch 3/40 loss=0.120270 | cuda=630MiB allocated/3546MiB reserved
[2026-08-30T11:44:14+00:00] HeteroGraphSAGE epoch 4/40 loss=0.081683 | cuda=630MiB allocated/3546MiB reserved
[2026-08-30T11:44:15+00:00] HeteroGraphSAGE epoch 5/40 loss=0.061243 | cuda=630MiB allocated/3546MiB reserved
[2026-08-30T11:44:15+00:00] HeteroGraphSAGE epoch 6/40 loss=0.051597 | cuda=630MiB allocated/3546MiB reserved
[2026-08-30T11:44:16+00:00] HeteroGraphSAGE epoch 7/40 loss=0.048486 | cuda=630MiB allocated/3546MiB reserved
[2026-08-30T11:44:16+00:00] HeteroGraphSAGE epoch 8/40 loss=0.048845 | cuda=630MiB allocated/3546MiB reserved
[2026-08-30T11:44:17+00:00] HeteroGraphSAGE epoch 9/40 loss=0.050957 | cuda=630MiB allocated/3546MiB reserved
[2026-08-30T11:44:17+00:00] HeteroGraphSAGE epoch 10/40 loss=0.053689 | cuda=630MiB allocated/3546MiB reserved
[2026-08-30T11:44:17+00:00] HeteroGraphSAGE epoch 11/40 loss=0.056589 | cuda=630MiB allocated/3546MiB reserved
[2026-08-30T11:44:18+00:00] HeteroGraphSAGE epoch 12/40 loss=0.058192 | cuda=630MiB allocated/3546MiB reserved
[2026-08-30T11:44:18+00:00] HeteroGraphSAGE epoch 13/40 loss=0.059262 | cuda=630MiB allocated/3546MiB reserved
[2026-08-30T11:44:19+00:00] HeteroGraphSAGE epoch 14/40 loss=0.059912 | cuda=630MiB allocated/3546MiB reserved
[2026-08-30T11:44:19+00:00] HeteroGraphSAGE epoch 15/40 loss=0.058968 | cuda=630MiB allocated/3546MiB reserved
[2026-08-30T11:44:20+00:00] HeteroGraphSAGE epoch 16/40 loss=0.057328 | cuda=630MiB allocated/3546MiB reserved
[2026-08-30T11:44:20+00:00] HeteroGraphSAGE epoch 17/40 loss=0.056801 | cuda=630MiB allocated/3546MiB reserved
[2026-08-30T11:44:21+00:00] HeteroGraphSAGE epoch 18/40 loss=0.054535 | cuda=630MiB allocated/3546MiB reserved
[2026-08-30T11:44:21+00:00] HeteroGraphSAGE epoch 19/40 loss=0.052633 | cuda=630MiB allocated/3546MiB reserved
[2026-08-30T11:44:21+00:00] HeteroGraphSAGE epoch 20/40 loss=0.049974 | cuda=630MiB allocated/3546MiB reserved
[2026-08-30T11:44:22+00:00] HeteroGraphSAGE epoch 21/40 loss=0.048875 | cuda=630MiB allocated/3546MiB reserved
[2026-08-30T11:44:22+00:00] HeteroGraphSAGE epoch 22/40 loss=0.047030 | cuda=630MiB allocated/3546MiB reserved
[2026-08-30T11:44:23+00:00] HeteroGraphSAGE epoch 23/40 loss=0.045782 | cuda=630MiB allocated/3546MiB reserved
[2026-08-30T11:44:23+00:00] HeteroGraphSAGE epoch 24/40 loss=0.045112 | cuda=630MiB allocated/3546MiB reserved
[2026-08-30T11:44:24+00:00] HeteroGraphSAGE epoch 25/40 loss=0.044305 | cuda=630MiB allocated/3546MiB reserved
[2026-08-30T11:44:24+00:00] HeteroGraphSAGE epoch 26/40 loss=0.043981 | cuda=630MiB allocated/3546MiB reserved
[2026-08-30T11:44:25+00:00] HeteroGraphSAGE epoch 27/40 loss=0.043998 | cuda=630MiB allocated/3546MiB reserved
[2026-08-30T11:44:25+00:00] HeteroGraphSAGE epoch 28/40 loss=0.043884 | cuda=630MiB allocated/3546MiB reserved
[2026-08-30T11:44:25+00:00] HeteroGraphSAGE epoch 29/40 loss=0.044014 | cuda=630MiB allocated/3546MiB reserved
[2026-08-30T11:44:26+00:00] HeteroGraphSAGE epoch 30/40 loss=0.044439 | cuda=630MiB allocated/3546MiB reserved
[2026-08-30T11:44:26+00:00] HeteroGraphSAGE epoch 31/40 loss=0.044478 | cuda=630MiB allocated/3546MiB reserved
[2026-08-30T11:44:27+00:00] HeteroGraphSAGE epoch 32/40 loss=0.044446 | cuda=630MiB allocated/3546MiB reserved
[2026-08-30T11:44:27+00:00] HeteroGraphSAGE epoch 33/40 loss=0.044566 | cuda=630MiB allocated/3546MiB reserved
[2026-08-30T11:44:28+00:00] HeteroGraphSAGE epoch 34/40 loss=0.044292 | cuda=630MiB allocated/3546MiB reserved
[2026-08-30T11:44:28+00:00] HeteroGraphSAGE epoch 35/40 loss=0.043976 | cuda=630MiB allocated/3546MiB reserved
[2026-08-30T11:44:28+00:00] HeteroGraphSAGE epoch 36/40 loss=0.043710 | cuda=630MiB allocated/3546MiB reserved
[2026-08-30T11:44:29+00:00] HeteroGraphSAGE epoch 37/40 loss=0.043213 | cuda=630MiB allocated/3546MiB reserved
[2026-08-30T11:44:29+00:00] HeteroGraphSAGE epoch 38/40 loss=0.042873 | cuda=630MiB allocated/3546MiB reserved
[2026-08-30T11:44:30+00:00] HeteroGraphSAGE epoch 39/40 loss=0.042574 | cuda=630MiB allocated/3546MiB reserved
[2026-08-30T11:44:30+00:00] HeteroGraphSAGE epoch 40/40 loss=0.042110 | cuda=630MiB allocated/3546MiB reserved
[2026-08-30T11:44:31+00:00] DONE LODO2 | HeteroGraphSAGE | seed=3407 | F1=0.116359 | cuda=235MiB allocated/3546MiB reserved
[2026-08-30T11:44:31+00:00] START LODO2 | HeteroGraphSAGE | seed=2025 | cuda=235MiB allocated/490MiB reserved
[2026-08-30T11:44:32+00:00] HeteroGraphSAGE epoch 1/40 loss=0.078984 | cuda=630MiB allocated/3546MiB reserved
[2026-08-30T11:44:32+00:00] HeteroGraphSAGE epoch 2/40 loss=0.053829 | cuda=630MiB allocated/3546MiB reserved
[2026-08-30T11:44:33+00:00] HeteroGraphSAGE epoch 3/40 loss=0.047648 | cuda=630MiB allocated/3546MiB reserved
[2026-08-30T11:44:33+00:00] HeteroGraphSAGE epoch 4/40 loss=0.049071 | cuda=630MiB allocated/3546MiB reserved
[2026-08-30T11:44:34+00:00] HeteroGraphSAGE epoch 5/40 loss=0.051088 | cuda=630MiB allocated/3546MiB reserved
[2026-08-30T11:44:34+00:00] HeteroGraphSAGE epoch 6/40 loss=0.052191 | cuda=630MiB allocated/3546MiB reserved
[2026-08-30T11:44:34+00:00] HeteroGraphSAGE epoch 7/40 loss=0.050636 | cuda=630MiB allocated/3546MiB reserved
[2026-08-30T11:44:35+00:00] HeteroGraphSAGE epoch 8/40 loss=0.048115 | cuda=630MiB allocated/3546MiB reserved
[2026-08-30T11:44:35+00:00] HeteroGraphSAGE epoch 9/40 loss=0.046754 | cuda=630MiB allocated/3546MiB reserved
[2026-08-30T11:44:36+00:00] HeteroGraphSAGE epoch 10/40 loss=0.045142 | cuda=630MiB allocated/3546MiB reserved
[2026-08-30T11:44:36+00:00] HeteroGraphSAGE epoch 11/40 loss=0.044433 | cuda=630MiB allocated/3546MiB reserved
[2026-08-30T11:44:37+00:00] HeteroGraphSAGE epoch 12/40 loss=0.042762 | cuda=630MiB allocated/3546MiB reserved
[2026-08-30T11:44:37+00:00] HeteroGraphSAGE epoch 13/40 loss=0.043041 | cuda=630MiB allocated/3546MiB reserved
[2026-08-30T11:44:37+00:00] HeteroGraphSAGE epoch 14/40 loss=0.043243 | cuda=630MiB allocated/3546MiB reserved
[2026-08-30T11:44:38+00:00] HeteroGraphSAGE epoch 15/40 loss=0.043679 | cuda=630MiB allocated/3546MiB reserved
[2026-08-30T11:44:38+00:00] HeteroGraphSAGE epoch 16/40 loss=0.043408 | cuda=630MiB allocated/3546MiB reserved
[2026-08-30T11:44:39+00:00] HeteroGraphSAGE epoch 17/40 loss=0.043210 | cuda=630MiB allocated/3546MiB reserved
[2026-08-30T11:44:39+00:00] HeteroGraphSAGE epoch 18/40 loss=0.042746 | cuda=630MiB allocated/3546MiB reserved
[2026-08-30T11:44:40+00:00] HeteroGraphSAGE epoch 19/40 loss=0.042134 | cuda=630MiB allocated/3546MiB reserved
[2026-08-30T11:44:40+00:00] HeteroGraphSAGE epoch 20/40 loss=0.041768 | cuda=630MiB allocated/3546MiB reserved
[2026-08-30T11:44:41+00:00] HeteroGraphSAGE epoch 21/40 loss=0.041288 | cuda=630MiB allocated/3546MiB reserved
[2026-08-30T11:44:41+00:00] HeteroGraphSAGE epoch 22/40 loss=0.041082 | cuda=630MiB allocated/3546MiB reserved
[2026-08-30T11:44:41+00:00] HeteroGraphSAGE epoch 23/40 loss=0.040999 | cuda=630MiB allocated/3546MiB reserved
[2026-08-30T11:44:42+00:00] HeteroGraphSAGE epoch 24/40 loss=0.041105 | cuda=630MiB allocated/3546MiB reserved
[2026-08-30T11:44:42+00:00] HeteroGraphSAGE epoch 25/40 loss=0.041075 | cuda=630MiB allocated/3546MiB reserved
[2026-08-30T11:44:43+00:00] HeteroGraphSAGE epoch 26/40 loss=0.040895 | cuda=630MiB allocated/3546MiB reserved
[2026-08-30T11:44:43+00:00] HeteroGraphSAGE epoch 27/40 loss=0.040669 | cuda=630MiB allocated/3546MiB reserved
[2026-08-30T11:44:44+00:00] HeteroGraphSAGE epoch 28/40 loss=0.040281 | cuda=630MiB allocated/3546MiB reserved
[2026-08-30T11:44:44+00:00] HeteroGraphSAGE epoch 29/40 loss=0.040318 | cuda=630MiB allocated/3546MiB reserved
[2026-08-30T11:44:45+00:00] HeteroGraphSAGE epoch 30/40 loss=0.039884 | cuda=630MiB allocated/3546MiB reserved
[2026-08-30T11:44:45+00:00] HeteroGraphSAGE epoch 31/40 loss=0.039540 | cuda=630MiB allocated/3546MiB reserved
[2026-08-30T11:44:45+00:00] HeteroGraphSAGE epoch 32/40 loss=0.039386 | cuda=630MiB allocated/3546MiB reserved
[2026-08-30T11:44:46+00:00] HeteroGraphSAGE epoch 33/40 loss=0.039296 | cuda=630MiB allocated/3546MiB reserved
[2026-08-30T11:44:46+00:00] HeteroGraphSAGE epoch 34/40 loss=0.039188 | cuda=630MiB allocated/3546MiB reserved
[2026-08-30T11:44:47+00:00] HeteroGraphSAGE epoch 35/40 loss=0.039095 | cuda=630MiB allocated/3546MiB reserved
[2026-08-30T11:44:47+00:00] HeteroGraphSAGE epoch 36/40 loss=0.038954 | cuda=630MiB allocated/3546MiB reserved
[2026-08-30T11:44:48+00:00] HeteroGraphSAGE epoch 37/40 loss=0.038650 | cuda=630MiB allocated/3546MiB reserved
[2026-08-30T11:44:48+00:00] HeteroGraphSAGE epoch 38/40 loss=0.038480 | cuda=630MiB allocated/3546MiB reserved
[2026-08-30T11:44:48+00:00] HeteroGraphSAGE epoch 39/40 loss=0.038227 | cuda=630MiB allocated/3546MiB reserved
[2026-08-30T11:44:49+00:00] HeteroGraphSAGE epoch 40/40 loss=0.038109 | cuda=630MiB allocated/3546MiB reserved
[2026-08-30T11:44:50+00:00] DONE LODO2 | HeteroGraphSAGE | seed=2025 | F1=0.085086 | cuda=235MiB allocated/3546MiB reserved
[2026-08-30T11:44:50+00:00] START LODO2 | HeteroGraphSAGE | seed=9999 | cuda=235MiB allocated/488MiB reserved
[2026-08-30T11:44:51+00:00] HeteroGraphSAGE epoch 1/40 loss=0.234590 | cuda=630MiB allocated/3546MiB reserved
[2026-08-30T11:44:51+00:00] HeteroGraphSAGE epoch 2/40 loss=0.164250 | cuda=630MiB allocated/3546MiB reserved
[2026-08-30T11:44:51+00:00] HeteroGraphSAGE epoch 3/40 loss=0.116634 | cuda=630MiB allocated/3546MiB reserved
[2026-08-30T11:44:52+00:00] HeteroGraphSAGE epoch 4/40 loss=0.085000 | cuda=630MiB allocated/3546MiB reserved
[2026-08-30T11:44:52+00:00] HeteroGraphSAGE epoch 5/40 loss=0.065034 | cuda=630MiB allocated/3546MiB reserved
[2026-08-30T11:44:53+00:00] HeteroGraphSAGE epoch 6/40 loss=0.052146 | cuda=630MiB allocated/3546MiB reserved
[2026-08-30T11:44:53+00:00] HeteroGraphSAGE epoch 7/40 loss=0.046543 | cuda=630MiB allocated/3546MiB reserved
[2026-08-30T11:44:54+00:00] HeteroGraphSAGE epoch 8/40 loss=0.045226 | cuda=630MiB allocated/3546MiB reserved
[2026-08-30T11:44:54+00:00] HeteroGraphSAGE epoch 9/40 loss=0.046673 | cuda=630MiB allocated/3546MiB reserved
[2026-08-30T11:44:55+00:00] HeteroGraphSAGE epoch 10/40 loss=0.048738 | cuda=630MiB allocated/3546MiB reserved
[2026-08-30T11:44:55+00:00] HeteroGraphSAGE epoch 11/40 loss=0.051454 | cuda=630MiB allocated/3546MiB reserved
[2026-08-30T11:44:55+00:00] HeteroGraphSAGE epoch 12/40 loss=0.053176 | cuda=630MiB allocated/3546MiB reserved
[2026-08-30T11:44:56+00:00] HeteroGraphSAGE epoch 13/40 loss=0.054639 | cuda=630MiB allocated/3546MiB reserved
[2026-08-30T11:44:56+00:00] HeteroGraphSAGE epoch 14/40 loss=0.054731 | cuda=630MiB allocated/3546MiB reserved
[2026-08-30T11:44:57+00:00] HeteroGraphSAGE epoch 15/40 loss=0.055442 | cuda=630MiB allocated/3546MiB reserved
[2026-08-30T11:44:57+00:00] HeteroGraphSAGE epoch 16/40 loss=0.053902 | cuda=630MiB allocated/3546MiB reserved
[2026-08-30T11:44:58+00:00] HeteroGraphSAGE epoch 17/40 loss=0.052459 | cuda=630MiB allocated/3546MiB reserved
[2026-08-30T11:44:58+00:00] HeteroGraphSAGE epoch 18/40 loss=0.050399 | cuda=630MiB allocated/3546MiB reserved
[2026-08-30T11:44:58+00:00] HeteroGraphSAGE epoch 19/40 loss=0.048541 | cuda=630MiB allocated/3546MiB reserved
[2026-08-30T11:44:59+00:00] HeteroGraphSAGE epoch 20/40 loss=0.047389 | cuda=630MiB allocated/3546MiB reserved
[2026-08-30T11:44:59+00:00] HeteroGraphSAGE epoch 21/40 loss=0.045454 | cuda=630MiB allocated/3546MiB reserved
[2026-08-30T11:45:00+00:00] HeteroGraphSAGE epoch 22/40 loss=0.044556 | cuda=630MiB allocated/3546MiB reserved
[2026-08-30T11:45:00+00:00] HeteroGraphSAGE epoch 23/40 loss=0.043420 | cuda=630MiB allocated/3546MiB reserved
[2026-08-30T11:45:01+00:00] HeteroGraphSAGE epoch 24/40 loss=0.042671 | cuda=630MiB allocated/3546MiB reserved
[2026-08-30T11:45:01+00:00] HeteroGraphSAGE epoch 25/40 loss=0.042291 | cuda=630MiB allocated/3546MiB reserved
[2026-08-30T11:45:02+00:00] HeteroGraphSAGE epoch 26/40 loss=0.041910 | cuda=630MiB allocated/3546MiB reserved
[2026-08-30T11:45:02+00:00] HeteroGraphSAGE epoch 27/40 loss=0.041919 | cuda=630MiB allocated/3546MiB reserved
[2026-08-30T11:45:02+00:00] HeteroGraphSAGE epoch 28/40 loss=0.041982 | cuda=630MiB allocated/3546MiB reserved
[2026-08-30T11:45:03+00:00] HeteroGraphSAGE epoch 29/40 loss=0.042117 | cuda=630MiB allocated/3546MiB reserved
[2026-08-30T11:45:03+00:00] HeteroGraphSAGE epoch 30/40 loss=0.042352 | cuda=630MiB allocated/3546MiB reserved
[2026-08-30T11:45:04+00:00] HeteroGraphSAGE epoch 31/40 loss=0.042246 | cuda=630MiB allocated/3546MiB reserved
[2026-08-30T11:45:04+00:00] HeteroGraphSAGE epoch 32/40 loss=0.042247 | cuda=630MiB allocated/3546MiB reserved
[2026-08-30T11:45:05+00:00] HeteroGraphSAGE epoch 33/40 loss=0.042292 | cuda=630MiB allocated/3546MiB reserved
[2026-08-30T11:45:05+00:00] HeteroGraphSAGE epoch 34/40 loss=0.041879 | cuda=630MiB allocated/3546MiB reserved
[2026-08-30T11:45:05+00:00] HeteroGraphSAGE epoch 35/40 loss=0.041493 | cuda=630MiB allocated/3546MiB reserved
[2026-08-30T11:45:06+00:00] HeteroGraphSAGE epoch 36/40 loss=0.041299 | cuda=630MiB allocated/3546MiB reserved
[2026-08-30T11:45:06+00:00] HeteroGraphSAGE epoch 37/40 loss=0.040702 | cuda=630MiB allocated/3546MiB reserved
[2026-08-30T11:45:07+00:00] HeteroGraphSAGE epoch 38/40 loss=0.040260 | cuda=630MiB allocated/3546MiB reserved
[2026-08-30T11:45:07+00:00] HeteroGraphSAGE epoch 39/40 loss=0.039975 | cuda=630MiB allocated/3546MiB reserved
[2026-08-30T11:45:08+00:00] HeteroGraphSAGE epoch 40/40 loss=0.039738 | cuda=630MiB allocated/3546MiB reserved
[2026-08-30T11:45:09+00:00] DONE LODO2 | HeteroGraphSAGE | seed=9999 | F1=0.147825 | cuda=235MiB allocated/3546MiB reserved
[2026-08-30T11:45:09+00:00] START OOD | DG-Hetero-GNN | seed=42 | cuda=17MiB allocated/490MiB reserved
[2026-08-30T11:45:09+00:00] epoch 1/40 loss=0.693159 elapsed=0.5s | cuda=634MiB allocated/5076MiB reserved
[2026-08-30T11:45:10+00:00] epoch 2/40 loss=0.667197 elapsed=1.1s | cuda=634MiB allocated/5076MiB reserved
[2026-08-30T11:45:10+00:00] epoch 3/40 loss=0.647324 elapsed=1.6s | cuda=634MiB allocated/5076MiB reserved
[2026-08-30T11:45:11+00:00] epoch 4/40 loss=0.630042 elapsed=2.1s | cuda=634MiB allocated/5076MiB reserved
[2026-08-30T11:45:12+00:00] epoch 5/40 loss=0.612142 elapsed=2.7s | cuda=634MiB allocated/5076MiB reserved
[2026-08-30T11:45:12+00:00] epoch 6/40 loss=0.592777 elapsed=3.2s | cuda=634MiB allocated/5076MiB reserved
[2026-08-30T11:45:13+00:00] epoch 7/40 loss=0.571530 elapsed=3.7s | cuda=634MiB allocated/5076MiB reserved
[2026-08-30T11:45:13+00:00] epoch 8/40 loss=0.548510 elapsed=4.2s | cuda=634MiB allocated/5076MiB reserved
[2026-08-30T11:45:14+00:00] epoch 9/40 loss=0.525501 elapsed=4.7s | cuda=634MiB allocated/5076MiB reserved
[2026-08-30T11:45:14+00:00] epoch 10/40 loss=0.503880 elapsed=5.2s | cuda=634MiB allocated/5076MiB reserved
[2026-08-30T11:45:15+00:00] epoch 11/40 loss=0.484660 elapsed=5.8s | cuda=634MiB allocated/5076MiB reserved
[2026-08-30T11:45:15+00:00] epoch 12/40 loss=0.469585 elapsed=6.3s | cuda=634MiB allocated/5076MiB reserved
[2026-08-30T11:45:16+00:00] epoch 13/40 loss=0.459346 elapsed=6.8s | cuda=634MiB allocated/5076MiB reserved
[2026-08-30T11:45:16+00:00] epoch 14/40 loss=0.455144 elapsed=7.4s | cuda=634MiB allocated/5076MiB reserved
[2026-08-30T11:45:17+00:00] epoch 15/40 loss=0.457283 elapsed=7.9s | cuda=634MiB allocated/5076MiB reserved
[2026-08-30T11:45:17+00:00] epoch 16/40 loss=0.465984 elapsed=8.4s | cuda=634MiB allocated/5076MiB reserved
[2026-08-30T11:45:18+00:00] epoch 17/40 loss=0.478754 elapsed=8.9s | cuda=634MiB allocated/5076MiB reserved
[2026-08-30T11:45:18+00:00] epoch 18/40 loss=0.495940 elapsed=9.5s | cuda=634MiB allocated/5076MiB reserved
[2026-08-30T11:45:19+00:00] epoch 19/40 loss=0.514267 elapsed=10.0s | cuda=634MiB allocated/5076MiB reserved
[2026-08-30T11:45:19+00:00] epoch 20/40 loss=0.535262 elapsed=10.5s | cuda=634MiB allocated/5076MiB reserved
[2026-08-30T11:45:20+00:00] epoch 21/40 loss=0.555476 elapsed=11.0s | cuda=634MiB allocated/5076MiB reserved
[2026-08-30T11:45:20+00:00] epoch 22/40 loss=0.576820 elapsed=11.6s | cuda=634MiB allocated/5076MiB reserved
[2026-08-30T11:45:21+00:00] epoch 23/40 loss=0.599052 elapsed=12.1s | cuda=634MiB allocated/5076MiB reserved
[2026-08-30T11:45:21+00:00] epoch 24/40 loss=0.620243 elapsed=12.6s | cuda=634MiB allocated/5076MiB reserved
[2026-08-30T11:45:22+00:00] epoch 25/40 loss=0.641611 elapsed=13.1s | cuda=634MiB allocated/5076MiB reserved
[2026-08-30T11:45:23+00:00] epoch 26/40 loss=0.663094 elapsed=13.6s | cuda=634MiB allocated/5076MiB reserved
[2026-08-30T11:45:23+00:00] epoch 27/40 loss=0.686284 elapsed=14.2s | cuda=634MiB allocated/5076MiB reserved
[2026-08-30T11:45:24+00:00] epoch 28/40 loss=0.708371 elapsed=14.7s | cuda=634MiB allocated/5076MiB reserved
[2026-08-30T11:45:24+00:00] epoch 29/40 loss=0.730657 elapsed=15.2s | cuda=634MiB allocated/5076MiB reserved
[2026-08-30T11:45:25+00:00] epoch 30/40 loss=0.754650 elapsed=15.7s | cuda=634MiB allocated/5076MiB reserved
[2026-08-30T11:45:25+00:00] epoch 31/40 loss=0.777655 elapsed=16.2s | cuda=634MiB allocated/5076MiB reserved
[2026-08-30T11:45:26+00:00] epoch 32/40 loss=0.801542 elapsed=16.8s | cuda=634MiB allocated/5076MiB reserved
[2026-08-30T11:45:26+00:00] epoch 33/40 loss=0.827624 elapsed=17.3s | cuda=634MiB allocated/5076MiB reserved
[2026-08-30T11:45:27+00:00] epoch 34/40 loss=0.853461 elapsed=17.8s | cuda=634MiB allocated/5076MiB reserved
[2026-08-30T11:45:27+00:00] epoch 35/40 loss=0.881078 elapsed=18.3s | cuda=634MiB allocated/5076MiB reserved
[2026-08-30T11:45:28+00:00] epoch 36/40 loss=0.908025 elapsed=18.9s | cuda=634MiB allocated/5076MiB reserved
[2026-08-30T11:45:28+00:00] epoch 37/40 loss=0.936976 elapsed=19.4s | cuda=634MiB allocated/5076MiB reserved
[2026-08-30T11:45:29+00:00] epoch 38/40 loss=0.967943 elapsed=19.9s | cuda=634MiB allocated/5076MiB reserved
[2026-08-30T11:45:29+00:00] epoch 39/40 loss=0.998667 elapsed=20.4s | cuda=634MiB allocated/5076MiB reserved
[2026-08-30T11:45:30+00:00] epoch 40/40 loss=1.028678 elapsed=20.9s | cuda=634MiB allocated/5076MiB reserved
[2026-08-30T11:45:30+00:00] DONE OOD | DG-Hetero-GNN | seed=42 | F1=0.666667 | cuda=17MiB allocated/5076MiB reserved
[2026-08-30T11:45:30+00:00] START OOD | DG-Hetero-GNN | seed=123 | cuda=17MiB allocated/68MiB reserved
[2026-08-30T11:45:31+00:00] epoch 1/40 loss=0.800470 elapsed=0.5s | cuda=634MiB allocated/5084MiB reserved
[2026-08-30T11:45:32+00:00] epoch 2/40 loss=0.782659 elapsed=1.1s | cuda=635MiB allocated/5084MiB reserved
[2026-08-30T11:45:32+00:00] epoch 3/40 loss=0.768261 elapsed=1.6s | cuda=635MiB allocated/5084MiB reserved
[2026-08-30T11:45:33+00:00] epoch 4/40 loss=0.756504 elapsed=2.1s | cuda=635MiB allocated/5084MiB reserved
[2026-08-30T11:45:33+00:00] epoch 5/40 loss=0.745461 elapsed=2.6s | cuda=635MiB allocated/5084MiB reserved
[2026-08-30T11:45:34+00:00] epoch 6/40 loss=0.735798 elapsed=3.1s | cuda=635MiB allocated/5084MiB reserved
[2026-08-30T11:45:34+00:00] epoch 7/40 loss=0.725410 elapsed=3.7s | cuda=635MiB allocated/5084MiB reserved
[2026-08-30T11:45:35+00:00] epoch 8/40 loss=0.715209 elapsed=4.2s | cuda=635MiB allocated/5084MiB reserved
[2026-08-30T11:45:35+00:00] epoch 9/40 loss=0.704299 elapsed=4.7s | cuda=635MiB allocated/5084MiB reserved
[2026-08-30T11:45:36+00:00] epoch 10/40 loss=0.691664 elapsed=5.2s | cuda=635MiB allocated/5084MiB reserved
[2026-08-30T11:45:36+00:00] epoch 11/40 loss=0.680592 elapsed=5.8s | cuda=635MiB allocated/5084MiB reserved
[2026-08-30T11:45:37+00:00] epoch 12/40 loss=0.668455 elapsed=6.3s | cuda=635MiB allocated/5084MiB reserved
[2026-08-30T11:45:37+00:00] epoch 13/40 loss=0.656791 elapsed=6.8s | cuda=635MiB allocated/5084MiB reserved
[2026-08-30T11:45:38+00:00] epoch 14/40 loss=0.646991 elapsed=7.3s | cuda=635MiB allocated/5084MiB reserved
[2026-08-30T11:45:38+00:00] epoch 15/40 loss=0.640061 elapsed=7.8s | cuda=635MiB allocated/5084MiB reserved
[2026-08-30T11:45:39+00:00] epoch 16/40 loss=0.634461 elapsed=8.4s | cuda=635MiB allocated/5084MiB reserved
[2026-08-30T11:45:40+00:00] epoch 17/40 loss=0.633388 elapsed=8.9s | cuda=635MiB allocated/5084MiB reserved
[2026-08-30T11:45:40+00:00] epoch 18/40 loss=0.637160 elapsed=9.4s | cuda=635MiB allocated/5084MiB reserved
[2026-08-30T11:45:41+00:00] epoch 19/40 loss=0.646107 elapsed=9.9s | cuda=635MiB allocated/5084MiB reserved
[2026-08-30T11:45:41+00:00] epoch 20/40 loss=0.660601 elapsed=10.5s | cuda=635MiB allocated/5084MiB reserved
[2026-08-30T11:45:42+00:00] epoch 21/40 loss=0.680790 elapsed=11.0s | cuda=635MiB allocated/5084MiB reserved
[2026-08-30T11:45:42+00:00] epoch 22/40 loss=0.706337 elapsed=11.5s | cuda=635MiB allocated/5084MiB reserved
[2026-08-30T11:45:43+00:00] epoch 23/40 loss=0.737295 elapsed=12.0s | cuda=635MiB allocated/5084MiB reserved
[2026-08-30T11:45:43+00:00] epoch 24/40 loss=0.771003 elapsed=12.5s | cuda=635MiB allocated/5084MiB reserved
[2026-08-30T11:45:44+00:00] epoch 25/40 loss=0.810631 elapsed=13.1s | cuda=635MiB allocated/5084MiB reserved
[2026-08-30T11:45:44+00:00] epoch 26/40 loss=0.855499 elapsed=13.6s | cuda=635MiB allocated/5084MiB reserved
[2026-08-30T11:45:45+00:00] epoch 27/40 loss=0.905296 elapsed=14.1s | cuda=635MiB allocated/5084MiB reserved
[2026-08-30T11:45:45+00:00] epoch 28/40 loss=0.954175 elapsed=14.6s | cuda=635MiB allocated/5084MiB reserved
[2026-08-30T11:45:46+00:00] epoch 29/40 loss=1.006206 elapsed=15.2s | cuda=635MiB allocated/5084MiB reserved
[2026-08-30T11:45:46+00:00] epoch 30/40 loss=1.064347 elapsed=15.7s | cuda=635MiB allocated/5084MiB reserved
[2026-08-30T11:45:47+00:00] epoch 31/40 loss=1.120487 elapsed=16.2s | cuda=635MiB allocated/5084MiB reserved
[2026-08-30T11:45:47+00:00] epoch 32/40 loss=1.178684 elapsed=16.7s | cuda=635MiB allocated/5084MiB reserved
[2026-08-30T11:45:48+00:00] epoch 33/40 loss=1.233882 elapsed=17.2s | cuda=635MiB allocated/5084MiB reserved
[2026-08-30T11:45:48+00:00] epoch 34/40 loss=1.288881 elapsed=17.8s | cuda=635MiB allocated/5084MiB reserved
[2026-08-30T11:45:49+00:00] epoch 35/40 loss=1.336493 elapsed=18.3s | cuda=635MiB allocated/5084MiB reserved
[2026-08-30T11:45:49+00:00] epoch 36/40 loss=1.389160 elapsed=18.8s | cuda=635MiB allocated/5084MiB reserved
[2026-08-30T11:45:50+00:00] epoch 37/40 loss=1.436977 elapsed=19.3s | cuda=635MiB allocated/5084MiB reserved
[2026-08-30T11:45:50+00:00] epoch 38/40 loss=1.481006 elapsed=19.9s | cuda=635MiB allocated/5084MiB reserved
[2026-08-30T11:45:51+00:00] epoch 39/40 loss=1.523936 elapsed=20.4s | cuda=635MiB allocated/5084MiB reserved
[2026-08-30T11:45:52+00:00] epoch 40/40 loss=1.565986 elapsed=20.9s | cuda=635MiB allocated/5084MiB reserved
[2026-08-30T11:45:52+00:00] DONE OOD | DG-Hetero-GNN | seed=123 | F1=0.676923 | cuda=17MiB allocated/5084MiB reserved
[2026-08-30T11:45:52+00:00] START OOD | DG-Hetero-GNN | seed=3407 | cuda=17MiB allocated/68MiB reserved
[2026-08-30T11:45:53+00:00] epoch 1/40 loss=0.604716 elapsed=0.5s | cuda=634MiB allocated/5084MiB reserved
[2026-08-30T11:45:53+00:00] epoch 2/40 loss=0.582224 elapsed=1.1s | cuda=635MiB allocated/5084MiB reserved
[2026-08-30T11:45:54+00:00] epoch 3/40 loss=0.557971 elapsed=1.6s | cuda=635MiB allocated/5084MiB reserved
[2026-08-30T11:45:54+00:00] epoch 4/40 loss=0.533603 elapsed=2.1s | cuda=635MiB allocated/5084MiB reserved
[2026-08-30T11:45:55+00:00] epoch 5/40 loss=0.509711 elapsed=2.6s | cuda=635MiB allocated/5084MiB reserved
[2026-08-30T11:45:55+00:00] epoch 6/40 loss=0.488863 elapsed=3.2s | cuda=635MiB allocated/5084MiB reserved
[2026-08-30T11:45:56+00:00] epoch 7/40 loss=0.470606 elapsed=3.7s | cuda=635MiB allocated/5084MiB reserved
[2026-08-30T11:45:57+00:00] epoch 8/40 loss=0.456651 elapsed=4.2s | cuda=635MiB allocated/5084MiB reserved
[2026-08-30T11:45:57+00:00] epoch 9/40 loss=0.447895 elapsed=4.7s | cuda=635MiB allocated/5084MiB reserved
[2026-08-30T11:45:58+00:00] epoch 10/40 loss=0.444922 elapsed=5.2s | cuda=635MiB allocated/5084MiB reserved
[2026-08-30T11:45:58+00:00] epoch 11/40 loss=0.447235 elapsed=5.8s | cuda=635MiB allocated/5084MiB reserved
[2026-08-30T11:45:59+00:00] epoch 12/40 loss=0.453819 elapsed=6.3s | cuda=635MiB allocated/5084MiB reserved
[2026-08-30T11:45:59+00:00] epoch 13/40 loss=0.463621 elapsed=6.8s | cuda=635MiB allocated/5084MiB reserved
[2026-08-30T11:46:00+00:00] epoch 14/40 loss=0.475239 elapsed=7.3s | cuda=635MiB allocated/5084MiB reserved
[2026-08-30T11:46:00+00:00] epoch 15/40 loss=0.488982 elapsed=7.8s | cuda=635MiB allocated/5084MiB reserved
[2026-08-30T11:46:01+00:00] epoch 16/40 loss=0.502788 elapsed=8.4s | cuda=635MiB allocated/5084MiB reserved
[2026-08-30T11:46:01+00:00] epoch 17/40 loss=0.516954 elapsed=8.9s | cuda=635MiB allocated/5084MiB reserved
[2026-08-30T11:46:02+00:00] epoch 18/40 loss=0.529567 elapsed=9.4s | cuda=635MiB allocated/5084MiB reserved
[2026-08-30T11:46:02+00:00] epoch 19/40 loss=0.543521 elapsed=10.0s | cuda=635MiB allocated/5084MiB reserved
[2026-08-30T11:46:03+00:00] epoch 20/40 loss=0.558202 elapsed=10.5s | cuda=635MiB allocated/5084MiB reserved
[2026-08-30T11:46:03+00:00] epoch 21/40 loss=0.571647 elapsed=11.0s | cuda=635MiB allocated/5084MiB reserved
[2026-08-30T11:46:04+00:00] epoch 22/40 loss=0.585502 elapsed=11.6s | cuda=635MiB allocated/5084MiB reserved
[2026-08-30T11:46:04+00:00] epoch 23/40 loss=0.603994 elapsed=12.1s | cuda=635MiB allocated/5084MiB reserved
[2026-08-30T11:46:05+00:00] epoch 24/40 loss=0.617395 elapsed=12.6s | cuda=635MiB allocated/5084MiB reserved
[2026-08-30T11:46:05+00:00] epoch 25/40 loss=0.635054 elapsed=13.1s | cuda=635MiB allocated/5084MiB reserved
[2026-08-30T11:46:06+00:00] epoch 26/40 loss=0.654501 elapsed=13.7s | cuda=635MiB allocated/5084MiB reserved
[2026-08-30T11:46:07+00:00] epoch 27/40 loss=0.673610 elapsed=14.2s | cuda=635MiB allocated/5084MiB reserved
[2026-08-30T11:46:07+00:00] epoch 28/40 loss=0.693712 elapsed=14.7s | cuda=635MiB allocated/5084MiB reserved
[2026-08-30T11:46:08+00:00] epoch 29/40 loss=0.714438 elapsed=15.3s | cuda=635MiB allocated/5084MiB reserved
[2026-08-30T11:46:08+00:00] epoch 30/40 loss=0.735582 elapsed=15.8s | cuda=635MiB allocated/5084MiB reserved
[2026-08-30T11:46:09+00:00] epoch 31/40 loss=0.761444 elapsed=16.3s | cuda=635MiB allocated/5084MiB reserved
[2026-08-30T11:46:09+00:00] epoch 32/40 loss=0.786830 elapsed=16.8s | cuda=635MiB allocated/5084MiB reserved
[2026-08-30T11:46:10+00:00] epoch 33/40 loss=0.815335 elapsed=17.3s | cuda=635MiB allocated/5084MiB reserved
[2026-08-30T11:46:10+00:00] epoch 34/40 loss=0.844014 elapsed=17.9s | cuda=635MiB allocated/5084MiB reserved
[2026-08-30T11:46:11+00:00] epoch 35/40 loss=0.873989 elapsed=18.4s | cuda=635MiB allocated/5084MiB reserved
[2026-08-30T11:46:11+00:00] epoch 36/40 loss=0.906220 elapsed=18.9s | cuda=635MiB allocated/5084MiB reserved
[2026-08-30T11:46:12+00:00] epoch 37/40 loss=0.941597 elapsed=19.4s | cuda=635MiB allocated/5084MiB reserved
[2026-08-30T11:46:12+00:00] epoch 38/40 loss=0.972948 elapsed=20.0s | cuda=635MiB allocated/5084MiB reserved
[2026-08-30T11:46:13+00:00] epoch 39/40 loss=1.005768 elapsed=20.5s | cuda=635MiB allocated/5084MiB reserved
[2026-08-30T11:46:13+00:00] epoch 40/40 loss=1.036268 elapsed=21.0s | cuda=635MiB allocated/5084MiB reserved
[2026-08-30T11:46:14+00:00] DONE OOD | DG-Hetero-GNN | seed=3407 | F1=0.391304 | cuda=17MiB allocated/5084MiB reserved
[2026-08-30T11:46:14+00:00] START OOD | DG-Hetero-GNN | seed=2025 | cuda=17MiB allocated/68MiB reserved
[2026-08-30T11:46:15+00:00] epoch 1/40 loss=0.733335 elapsed=0.5s | cuda=634MiB allocated/5084MiB reserved
[2026-08-30T11:46:15+00:00] epoch 2/40 loss=0.713379 elapsed=1.1s | cuda=635MiB allocated/5084MiB reserved
[2026-08-30T11:46:16+00:00] epoch 3/40 loss=0.692618 elapsed=1.6s | cuda=635MiB allocated/5084MiB reserved
[2026-08-30T11:46:16+00:00] epoch 4/40 loss=0.669160 elapsed=2.1s | cuda=635MiB allocated/5084MiB reserved
[2026-08-30T11:46:17+00:00] epoch 5/40 loss=0.647084 elapsed=2.6s | cuda=635MiB allocated/5084MiB reserved
[2026-08-30T11:46:17+00:00] epoch 6/40 loss=0.625133 elapsed=3.2s | cuda=635MiB allocated/5084MiB reserved
[2026-08-30T11:46:18+00:00] epoch 7/40 loss=0.605393 elapsed=3.7s | cuda=635MiB allocated/5084MiB reserved
[2026-08-30T11:46:18+00:00] epoch 8/40 loss=0.587679 elapsed=4.2s | cuda=635MiB allocated/5084MiB reserved
[2026-08-30T11:46:19+00:00] epoch 9/40 loss=0.574878 elapsed=4.7s | cuda=635MiB allocated/5084MiB reserved
[2026-08-30T11:46:19+00:00] epoch 10/40 loss=0.567630 elapsed=5.3s | cuda=635MiB allocated/5084MiB reserved
[2026-08-30T11:46:20+00:00] epoch 11/40 loss=0.564940 elapsed=5.8s | cuda=635MiB allocated/5084MiB reserved
[2026-08-30T11:46:20+00:00] epoch 12/40 loss=0.566372 elapsed=6.3s | cuda=635MiB allocated/5084MiB reserved
[2026-08-30T11:46:21+00:00] epoch 13/40 loss=0.574776 elapsed=6.8s | cuda=635MiB allocated/5084MiB reserved
[2026-08-30T11:46:22+00:00] epoch 14/40 loss=0.590666 elapsed=7.4s | cuda=635MiB allocated/5084MiB reserved
[2026-08-30T11:46:22+00:00] epoch 15/40 loss=0.614246 elapsed=7.9s | cuda=635MiB allocated/5084MiB reserved
[2026-08-30T11:46:23+00:00] epoch 16/40 loss=0.641199 elapsed=8.4s | cuda=635MiB allocated/5084MiB reserved
[2026-08-30T11:46:23+00:00] epoch 17/40 loss=0.675981 elapsed=9.0s | cuda=635MiB allocated/5084MiB reserved
[2026-08-30T11:46:24+00:00] epoch 18/40 loss=0.711678 elapsed=9.5s | cuda=635MiB allocated/5084MiB reserved
[2026-08-30T11:46:24+00:00] epoch 19/40 loss=0.755847 elapsed=10.0s | cuda=635MiB allocated/5084MiB reserved
[2026-08-30T11:46:25+00:00] epoch 20/40 loss=0.792224 elapsed=10.5s | cuda=635MiB allocated/5084MiB reserved
[2026-08-30T11:46:25+00:00] epoch 21/40 loss=0.841533 elapsed=11.0s | cuda=635MiB allocated/5084MiB reserved
[2026-08-30T11:46:26+00:00] epoch 22/40 loss=0.882171 elapsed=11.5s | cuda=635MiB allocated/5084MiB reserved
[2026-08-30T11:46:26+00:00] epoch 23/40 loss=0.935892 elapsed=12.1s | cuda=635MiB allocated/5084MiB reserved
[2026-08-30T11:46:27+00:00] epoch 24/40 loss=0.975440 elapsed=12.6s | cuda=635MiB allocated/5084MiB reserved
[2026-08-30T11:46:27+00:00] epoch 25/40 loss=1.029495 elapsed=13.1s | cuda=635MiB allocated/5084MiB reserved
[2026-08-30T11:46:28+00:00] epoch 26/40 loss=1.088389 elapsed=13.7s | cuda=635MiB allocated/5084MiB reserved
[2026-08-30T11:46:28+00:00] epoch 27/40 loss=1.152853 elapsed=14.2s | cuda=635MiB allocated/5084MiB reserved
[2026-08-30T11:46:29+00:00] epoch 28/40 loss=1.209547 elapsed=14.7s | cuda=635MiB allocated/5084MiB reserved
[2026-08-30T11:46:29+00:00] epoch 29/40 loss=1.270875 elapsed=15.2s | cuda=635MiB allocated/5084MiB reserved
[2026-08-30T11:46:30+00:00] epoch 30/40 loss=1.328132 elapsed=15.8s | cuda=635MiB allocated/5084MiB reserved
[2026-08-30T11:46:30+00:00] epoch 31/40 loss=1.395504 elapsed=16.3s | cuda=635MiB allocated/5084MiB reserved
[2026-08-30T11:46:31+00:00] epoch 32/40 loss=1.456876 elapsed=16.8s | cuda=635MiB allocated/5084MiB reserved
[2026-08-30T11:46:31+00:00] epoch 33/40 loss=1.524535 elapsed=17.3s | cuda=635MiB allocated/5084MiB reserved
[2026-08-30T11:46:32+00:00] epoch 34/40 loss=1.584470 elapsed=17.8s | cuda=635MiB allocated/5084MiB reserved
[2026-08-30T11:46:32+00:00] epoch 35/40 loss=1.653669 elapsed=18.4s | cuda=635MiB allocated/5084MiB reserved
[2026-08-30T11:46:33+00:00] epoch 36/40 loss=1.718019 elapsed=18.9s | cuda=635MiB allocated/5084MiB reserved
[2026-08-30T11:46:34+00:00] epoch 37/40 loss=1.798832 elapsed=19.4s | cuda=635MiB allocated/5084MiB reserved
[2026-08-30T11:46:34+00:00] epoch 38/40 loss=1.873348 elapsed=19.9s | cuda=635MiB allocated/5084MiB reserved
[2026-08-30T11:46:35+00:00] epoch 39/40 loss=1.934180 elapsed=20.4s | cuda=635MiB allocated/5084MiB reserved
[2026-08-30T11:46:35+00:00] epoch 40/40 loss=2.007279 elapsed=21.0s | cuda=635MiB allocated/5084MiB reserved
[2026-08-30T11:46:35+00:00] DONE OOD | DG-Hetero-GNN | seed=2025 | F1=0.000000 | cuda=17MiB allocated/5084MiB reserved
[2026-08-30T11:46:35+00:00] START OOD | DG-Hetero-GNN | seed=9999 | cuda=17MiB allocated/68MiB reserved
[2026-08-30T11:46:36+00:00] epoch 1/40 loss=0.726931 elapsed=0.5s | cuda=634MiB allocated/5084MiB reserved
[2026-08-30T11:46:37+00:00] epoch 2/40 loss=0.693747 elapsed=1.1s | cuda=635MiB allocated/5084MiB reserved
[2026-08-30T11:46:37+00:00] epoch 3/40 loss=0.659547 elapsed=1.6s | cuda=635MiB allocated/5084MiB reserved
[2026-08-30T11:46:38+00:00] epoch 4/40 loss=0.624435 elapsed=2.1s | cuda=635MiB allocated/5084MiB reserved
[2026-08-30T11:46:39+00:00] epoch 5/40 loss=0.590032 elapsed=2.6s | cuda=635MiB allocated/5084MiB reserved
[2026-08-30T11:46:39+00:00] epoch 6/40 loss=0.558464 elapsed=3.2s | cuda=635MiB allocated/5084MiB reserved
[2026-08-30T11:46:40+00:00] epoch 7/40 loss=0.531167 elapsed=3.7s | cuda=635MiB allocated/5084MiB reserved
[2026-08-30T11:46:40+00:00] epoch 8/40 loss=0.509073 elapsed=4.2s | cuda=635MiB allocated/5084MiB reserved
[2026-08-30T11:46:41+00:00] epoch 9/40 loss=0.494901 elapsed=4.7s | cuda=635MiB allocated/5084MiB reserved
[2026-08-30T11:46:41+00:00] epoch 10/40 loss=0.489619 elapsed=5.3s | cuda=635MiB allocated/5084MiB reserved
[2026-08-30T11:46:42+00:00] epoch 11/40 loss=0.492739 elapsed=5.8s | cuda=635MiB allocated/5084MiB reserved
[2026-08-30T11:46:42+00:00] epoch 12/40 loss=0.503358 elapsed=6.3s | cuda=635MiB allocated/5084MiB reserved
[2026-08-30T11:46:43+00:00] epoch 13/40 loss=0.522485 elapsed=6.8s | cuda=635MiB allocated/5084MiB reserved
[2026-08-30T11:46:43+00:00] epoch 14/40 loss=0.549022 elapsed=7.3s | cuda=635MiB allocated/5084MiB reserved
[2026-08-30T11:46:44+00:00] epoch 15/40 loss=0.578309 elapsed=7.9s | cuda=635MiB allocated/5084MiB reserved
[2026-08-30T11:46:44+00:00] epoch 16/40 loss=0.610298 elapsed=8.4s | cuda=635MiB allocated/5084MiB reserved
[2026-08-30T11:46:45+00:00] epoch 17/40 loss=0.645373 elapsed=8.9s | cuda=635MiB allocated/5084MiB reserved
[2026-08-30T11:46:45+00:00] epoch 18/40 loss=0.681410 elapsed=9.5s | cuda=635MiB allocated/5084MiB reserved
[2026-08-30T11:46:46+00:00] epoch 19/40 loss=0.721403 elapsed=10.0s | cuda=635MiB allocated/5084MiB reserved
[2026-08-30T11:46:46+00:00] epoch 20/40 loss=0.760023 elapsed=10.5s | cuda=635MiB allocated/5084MiB reserved
[2026-08-30T11:46:47+00:00] epoch 21/40 loss=0.796307 elapsed=11.0s | cuda=635MiB allocated/5084MiB reserved
[2026-08-30T11:46:47+00:00] epoch 22/40 loss=0.834052 elapsed=11.5s | cuda=635MiB allocated/5084MiB reserved
[2026-08-30T11:46:48+00:00] epoch 23/40 loss=0.866130 elapsed=12.1s | cuda=635MiB allocated/5084MiB reserved
[2026-08-30T11:46:48+00:00] epoch 24/40 loss=0.902918 elapsed=12.6s | cuda=635MiB allocated/5084MiB reserved
[2026-08-30T11:46:49+00:00] epoch 25/40 loss=0.933337 elapsed=13.1s | cuda=635MiB allocated/5084MiB reserved
[2026-08-30T11:46:49+00:00] epoch 26/40 loss=0.960590 elapsed=13.6s | cuda=635MiB allocated/5084MiB reserved
[2026-08-30T11:46:50+00:00] epoch 27/40 loss=0.987063 elapsed=14.1s | cuda=635MiB allocated/5084MiB reserved
[2026-08-30T11:46:51+00:00] epoch 28/40 loss=1.014085 elapsed=14.7s | cuda=635MiB allocated/5084MiB reserved
[2026-08-30T11:46:51+00:00] epoch 29/40 loss=1.037214 elapsed=15.2s | cuda=635MiB allocated/5084MiB reserved
[2026-08-30T11:46:52+00:00] epoch 30/40 loss=1.063122 elapsed=15.7s | cuda=635MiB allocated/5084MiB reserved
[2026-08-30T11:46:52+00:00] epoch 31/40 loss=1.089189 elapsed=16.2s | cuda=635MiB allocated/5084MiB reserved
[2026-08-30T11:46:53+00:00] epoch 32/40 loss=1.113558 elapsed=16.8s | cuda=635MiB allocated/5084MiB reserved
[2026-08-30T11:46:53+00:00] epoch 33/40 loss=1.138927 elapsed=17.3s | cuda=635MiB allocated/5084MiB reserved
[2026-08-30T11:46:54+00:00] epoch 34/40 loss=1.173654 elapsed=17.8s | cuda=635MiB allocated/5084MiB reserved
[2026-08-30T11:46:54+00:00] epoch 35/40 loss=1.207523 elapsed=18.3s | cuda=635MiB allocated/5084MiB reserved
[2026-08-30T11:46:55+00:00] epoch 36/40 loss=1.248687 elapsed=18.9s | cuda=635MiB allocated/5084MiB reserved
[2026-08-30T11:46:55+00:00] epoch 37/40 loss=1.291878 elapsed=19.4s | cuda=635MiB allocated/5084MiB reserved
[2026-08-30T11:46:56+00:00] epoch 38/40 loss=1.345060 elapsed=19.9s | cuda=635MiB allocated/5084MiB reserved
[2026-08-30T11:46:56+00:00] epoch 39/40 loss=1.400490 elapsed=20.4s | cuda=635MiB allocated/5084MiB reserved
[2026-08-30T11:46:57+00:00] epoch 40/40 loss=1.461669 elapsed=20.9s | cuda=635MiB allocated/5084MiB reserved
[2026-08-30T11:46:57+00:00] DONE OOD | DG-Hetero-GNN | seed=9999 | F1=0.307692 | cuda=17MiB allocated/5084MiB reserved
[2026-08-30T11:46:57+00:00] START OOD | XGBoost | seed=42 | cuda=17MiB allocated/68MiB reserved
[2026-08-30T11:47:21+00:00] DONE OOD | XGBoost | seed=42 | F1=0.000000 | cuda=17MiB allocated/68MiB reserved
[2026-08-30T11:47:21+00:00] START OOD | XGBoost | seed=123 | cuda=17MiB allocated/68MiB reserved
[2026-08-30T11:47:46+00:00] DONE OOD | XGBoost | seed=123 | F1=0.000000 | cuda=17MiB allocated/68MiB reserved
[2026-08-30T11:47:46+00:00] START OOD | XGBoost | seed=3407 | cuda=17MiB allocated/68MiB reserved
[2026-08-30T11:48:08+00:00] DONE OOD | XGBoost | seed=3407 | F1=0.000000 | cuda=17MiB allocated/68MiB reserved
[2026-08-30T11:48:08+00:00] START OOD | XGBoost | seed=2025 | cuda=17MiB allocated/68MiB reserved
[2026-08-30T11:48:31+00:00] DONE OOD | XGBoost | seed=2025 | F1=0.000000 | cuda=17MiB allocated/68MiB reserved
[2026-08-30T11:48:31+00:00] START OOD | XGBoost | seed=9999 | cuda=17MiB allocated/68MiB reserved
[2026-08-30T11:48:54+00:00] DONE OOD | XGBoost | seed=9999 | F1=0.000000 | cuda=17MiB allocated/68MiB reserved
[2026-08-30T11:48:54+00:00] START OOD | MLP | seed=42 | cuda=17MiB allocated/68MiB reserved
[2026-08-30T11:48:57+00:00] DONE OOD | MLP | seed=42 | F1=0.714286 | cuda=17MiB allocated/1102MiB reserved
[2026-08-30T11:48:57+00:00] START OOD | MLP | seed=123 | cuda=17MiB allocated/68MiB reserved
[2026-08-30T11:48:59+00:00] DONE OOD | MLP | seed=123 | F1=0.714286 | cuda=17MiB allocated/1102MiB reserved
[2026-08-30T11:48:59+00:00] START OOD | MLP | seed=3407 | cuda=17MiB allocated/68MiB reserved
[2026-08-30T11:49:02+00:00] DONE OOD | MLP | seed=3407 | F1=0.714286 | cuda=17MiB allocated/1102MiB reserved
[2026-08-30T11:49:02+00:00] START OOD | MLP | seed=2025 | cuda=17MiB allocated/68MiB reserved
[2026-08-30T11:49:04+00:00] DONE OOD | MLP | seed=2025 | F1=0.714286 | cuda=17MiB allocated/1102MiB reserved
[2026-08-30T11:49:04+00:00] START OOD | MLP | seed=9999 | cuda=17MiB allocated/68MiB reserved
[2026-08-30T11:49:07+00:00] DONE OOD | MLP | seed=9999 | F1=0.714286 | cuda=17MiB allocated/1102MiB reserved
[2026-08-30T11:49:07+00:00] START OOD | GCN | seed=42 | cuda=17MiB allocated/68MiB reserved
[2026-08-30T11:49:23+00:00] DONE OOD | GCN | seed=42 | F1=0.714286 | cuda=17MiB allocated/2754MiB reserved
[2026-08-30T11:49:23+00:00] START OOD | GCN | seed=123 | cuda=17MiB allocated/68MiB reserved
[2026-08-30T11:49:39+00:00] DONE OOD | GCN | seed=123 | F1=0.714286 | cuda=17MiB allocated/2754MiB reserved
[2026-08-30T11:49:39+00:00] START OOD | GCN | seed=3407 | cuda=17MiB allocated/68MiB reserved
[2026-08-30T11:49:55+00:00] DONE OOD | GCN | seed=3407 | F1=0.714286 | cuda=17MiB allocated/2754MiB reserved
[2026-08-30T11:49:55+00:00] START OOD | GCN | seed=2025 | cuda=17MiB allocated/68MiB reserved
[2026-08-30T11:50:11+00:00] DONE OOD | GCN | seed=2025 | F1=0.714286 | cuda=17MiB allocated/2754MiB reserved
[2026-08-30T11:50:11+00:00] START OOD | GCN | seed=9999 | cuda=17MiB allocated/68MiB reserved
[2026-08-30T11:50:27+00:00] DONE OOD | GCN | seed=9999 | F1=0.714286 | cuda=17MiB allocated/2754MiB reserved
[2026-08-30T11:50:27+00:00] START OOD | GraphSAGE | seed=42 | cuda=17MiB allocated/68MiB reserved
[2026-08-30T11:50:40+00:00] DONE OOD | GraphSAGE | seed=42 | F1=0.714286 | cuda=17MiB allocated/4002MiB reserved
[2026-08-30T11:50:40+00:00] START OOD | GraphSAGE | seed=123 | cuda=17MiB allocated/68MiB reserved
[2026-08-30T11:50:54+00:00] DONE OOD | GraphSAGE | seed=123 | F1=0.714286 | cuda=17MiB allocated/4002MiB reserved
[2026-08-30T11:50:54+00:00] START OOD | GraphSAGE | seed=3407 | cuda=17MiB allocated/68MiB reserved
[2026-08-30T11:51:07+00:00] DONE OOD | GraphSAGE | seed=3407 | F1=0.714286 | cuda=17MiB allocated/4002MiB reserved
[2026-08-30T11:51:07+00:00] START OOD | GraphSAGE | seed=2025 | cuda=17MiB allocated/68MiB reserved
[2026-08-30T11:51:21+00:00] DONE OOD | GraphSAGE | seed=2025 | F1=0.714286 | cuda=17MiB allocated/4002MiB reserved
[2026-08-30T11:51:21+00:00] START OOD | GraphSAGE | seed=9999 | cuda=17MiB allocated/68MiB reserved
[2026-08-30T11:51:35+00:00] DONE OOD | GraphSAGE | seed=9999 | F1=0.714286 | cuda=17MiB allocated/4002MiB reserved
[2026-08-30T11:51:35+00:00] START OOD | GAT | seed=42 | cuda=17MiB allocated/68MiB reserved
[2026-08-30T11:52:31+00:00] DONE OOD | GAT | seed=42 | F1=0.714286 | cuda=17MiB allocated/11886MiB reserved
[2026-08-30T11:52:31+00:00] START OOD | GAT | seed=123 | cuda=17MiB allocated/68MiB reserved
[2026-08-30T11:53:28+00:00] DONE OOD | GAT | seed=123 | F1=0.714286 | cuda=17MiB allocated/11886MiB reserved
[2026-08-30T11:53:28+00:00] START OOD | GAT | seed=3407 | cuda=17MiB allocated/68MiB reserved
[2026-08-30T11:54:25+00:00] DONE OOD | GAT | seed=3407 | F1=0.714286 | cuda=17MiB allocated/11886MiB reserved
[2026-08-30T11:54:25+00:00] START OOD | GAT | seed=2025 | cuda=17MiB allocated/68MiB reserved
[2026-08-30T11:55:22+00:00] DONE OOD | GAT | seed=2025 | F1=0.714286 | cuda=17MiB allocated/11886MiB reserved
[2026-08-30T11:55:22+00:00] START OOD | GAT | seed=9999 | cuda=17MiB allocated/68MiB reserved
[2026-08-30T11:56:19+00:00] DONE OOD | GAT | seed=9999 | F1=0.714286 | cuda=17MiB allocated/11886MiB reserved
[2026-08-30T11:56:19+00:00] START OOD | HeteroGraphSAGE | seed=42 | cuda=17MiB allocated/68MiB reserved
[2026-08-30T11:56:20+00:00] HeteroGraphSAGE epoch 1/40 loss=0.234729 | cuda=631MiB allocated/4408MiB reserved
[2026-08-30T11:56:20+00:00] HeteroGraphSAGE epoch 2/40 loss=0.141880 | cuda=631MiB allocated/4546MiB reserved
[2026-08-30T11:56:21+00:00] HeteroGraphSAGE epoch 3/40 loss=0.093763 | cuda=631MiB allocated/4546MiB reserved
[2026-08-30T11:56:21+00:00] HeteroGraphSAGE epoch 4/40 loss=0.074437 | cuda=631MiB allocated/4546MiB reserved
[2026-08-30T11:56:22+00:00] HeteroGraphSAGE epoch 5/40 loss=0.071193 | cuda=631MiB allocated/4546MiB reserved
[2026-08-30T11:56:22+00:00] HeteroGraphSAGE epoch 6/40 loss=0.074026 | cuda=631MiB allocated/4546MiB reserved
[2026-08-30T11:56:23+00:00] HeteroGraphSAGE epoch 7/40 loss=0.079499 | cuda=631MiB allocated/4546MiB reserved
[2026-08-30T11:56:23+00:00] HeteroGraphSAGE epoch 8/40 loss=0.083874 | cuda=631MiB allocated/4546MiB reserved
[2026-08-30T11:56:24+00:00] HeteroGraphSAGE epoch 9/40 loss=0.085964 | cuda=631MiB allocated/4546MiB reserved
[2026-08-30T11:56:24+00:00] HeteroGraphSAGE epoch 10/40 loss=0.086468 | cuda=631MiB allocated/4546MiB reserved
[2026-08-30T11:56:25+00:00] HeteroGraphSAGE epoch 11/40 loss=0.086153 | cuda=631MiB allocated/4546MiB reserved
[2026-08-30T11:56:25+00:00] HeteroGraphSAGE epoch 12/40 loss=0.083438 | cuda=631MiB allocated/4546MiB reserved
[2026-08-30T11:56:26+00:00] HeteroGraphSAGE epoch 13/40 loss=0.080212 | cuda=631MiB allocated/4546MiB reserved
[2026-08-30T11:56:26+00:00] HeteroGraphSAGE epoch 14/40 loss=0.077394 | cuda=631MiB allocated/4546MiB reserved
[2026-08-30T11:56:27+00:00] HeteroGraphSAGE epoch 15/40 loss=0.073267 | cuda=631MiB allocated/4546MiB reserved
[2026-08-30T11:56:27+00:00] HeteroGraphSAGE epoch 16/40 loss=0.070569 | cuda=631MiB allocated/4546MiB reserved
[2026-08-30T11:56:28+00:00] HeteroGraphSAGE epoch 17/40 loss=0.067820 | cuda=631MiB allocated/4546MiB reserved
[2026-08-30T11:56:28+00:00] HeteroGraphSAGE epoch 18/40 loss=0.065763 | cuda=631MiB allocated/4546MiB reserved
[2026-08-30T11:56:29+00:00] HeteroGraphSAGE epoch 19/40 loss=0.065203 | cuda=631MiB allocated/4546MiB reserved
[2026-08-30T11:56:29+00:00] HeteroGraphSAGE epoch 20/40 loss=0.064820 | cuda=631MiB allocated/4546MiB reserved
[2026-08-30T11:56:30+00:00] HeteroGraphSAGE epoch 21/40 loss=0.065192 | cuda=631MiB allocated/4546MiB reserved
[2026-08-30T11:56:30+00:00] HeteroGraphSAGE epoch 22/40 loss=0.065512 | cuda=631MiB allocated/4546MiB reserved
[2026-08-30T11:56:31+00:00] HeteroGraphSAGE epoch 23/40 loss=0.066053 | cuda=631MiB allocated/4546MiB reserved
[2026-08-30T11:56:31+00:00] HeteroGraphSAGE epoch 24/40 loss=0.066451 | cuda=631MiB allocated/4546MiB reserved
[2026-08-30T11:56:32+00:00] HeteroGraphSAGE epoch 25/40 loss=0.066593 | cuda=631MiB allocated/4546MiB reserved
[2026-08-30T11:56:32+00:00] HeteroGraphSAGE epoch 26/40 loss=0.066705 | cuda=631MiB allocated/4546MiB reserved
[2026-08-30T11:56:33+00:00] HeteroGraphSAGE epoch 27/40 loss=0.066167 | cuda=631MiB allocated/4546MiB reserved
[2026-08-30T11:56:33+00:00] HeteroGraphSAGE epoch 28/40 loss=0.065701 | cuda=631MiB allocated/4546MiB reserved
[2026-08-30T11:56:34+00:00] HeteroGraphSAGE epoch 29/40 loss=0.064804 | cuda=631MiB allocated/4546MiB reserved
[2026-08-30T11:56:34+00:00] HeteroGraphSAGE epoch 30/40 loss=0.064131 | cuda=631MiB allocated/4546MiB reserved
[2026-08-30T11:56:35+00:00] HeteroGraphSAGE epoch 31/40 loss=0.063460 | cuda=631MiB allocated/4546MiB reserved
[2026-08-30T11:56:35+00:00] HeteroGraphSAGE epoch 32/40 loss=0.062844 | cuda=631MiB allocated/4546MiB reserved
[2026-08-30T11:56:36+00:00] HeteroGraphSAGE epoch 33/40 loss=0.062538 | cuda=631MiB allocated/4546MiB reserved
[2026-08-30T11:56:36+00:00] HeteroGraphSAGE epoch 34/40 loss=0.062336 | cuda=631MiB allocated/4546MiB reserved
[2026-08-30T11:56:37+00:00] HeteroGraphSAGE epoch 35/40 loss=0.062257 | cuda=631MiB allocated/4546MiB reserved
[2026-08-30T11:56:37+00:00] HeteroGraphSAGE epoch 36/40 loss=0.062298 | cuda=631MiB allocated/4546MiB reserved
[2026-08-30T11:56:38+00:00] HeteroGraphSAGE epoch 37/40 loss=0.062232 | cuda=631MiB allocated/4546MiB reserved
[2026-08-30T11:56:38+00:00] HeteroGraphSAGE epoch 38/40 loss=0.062455 | cuda=631MiB allocated/4546MiB reserved
[2026-08-30T11:56:39+00:00] HeteroGraphSAGE epoch 39/40 loss=0.062288 | cuda=631MiB allocated/4546MiB reserved
[2026-08-30T11:56:39+00:00] HeteroGraphSAGE epoch 40/40 loss=0.062474 | cuda=631MiB allocated/4546MiB reserved
[2026-08-30T11:56:40+00:00] DONE OOD | HeteroGraphSAGE | seed=42 | F1=0.206897 | cuda=17MiB allocated/4546MiB reserved
[2026-08-30T11:56:40+00:00] START OOD | HeteroGraphSAGE | seed=123 | cuda=17MiB allocated/68MiB reserved
[2026-08-30T11:56:41+00:00] HeteroGraphSAGE epoch 1/40 loss=0.204384 | cuda=631MiB allocated/4408MiB reserved
[2026-08-30T11:56:41+00:00] HeteroGraphSAGE epoch 2/40 loss=0.134863 | cuda=631MiB allocated/4546MiB reserved
[2026-08-30T11:56:42+00:00] HeteroGraphSAGE epoch 3/40 loss=0.096250 | cuda=631MiB allocated/4546MiB reserved
[2026-08-30T11:56:42+00:00] HeteroGraphSAGE epoch 4/40 loss=0.077492 | cuda=631MiB allocated/4546MiB reserved
[2026-08-30T11:56:43+00:00] HeteroGraphSAGE epoch 5/40 loss=0.072891 | cuda=631MiB allocated/4546MiB reserved
[2026-08-30T11:56:43+00:00] HeteroGraphSAGE epoch 6/40 loss=0.074955 | cuda=631MiB allocated/4546MiB reserved
[2026-08-30T11:56:44+00:00] HeteroGraphSAGE epoch 7/40 loss=0.078419 | cuda=631MiB allocated/4546MiB reserved
[2026-08-30T11:56:44+00:00] HeteroGraphSAGE epoch 8/40 loss=0.081966 | cuda=631MiB allocated/4546MiB reserved
[2026-08-30T11:56:45+00:00] HeteroGraphSAGE epoch 9/40 loss=0.083630 | cuda=631MiB allocated/4546MiB reserved
[2026-08-30T11:56:45+00:00] HeteroGraphSAGE epoch 10/40 loss=0.083632 | cuda=631MiB allocated/4546MiB reserved
[2026-08-30T11:56:46+00:00] HeteroGraphSAGE epoch 11/40 loss=0.082001 | cuda=631MiB allocated/4546MiB reserved
[2026-08-30T11:56:46+00:00] HeteroGraphSAGE epoch 12/40 loss=0.079928 | cuda=631MiB allocated/4546MiB reserved
[2026-08-30T11:56:47+00:00] HeteroGraphSAGE epoch 13/40 loss=0.076636 | cuda=631MiB allocated/4546MiB reserved
[2026-08-30T11:56:47+00:00] HeteroGraphSAGE epoch 14/40 loss=0.073700 | cuda=631MiB allocated/4546MiB reserved
[2026-08-30T11:56:48+00:00] HeteroGraphSAGE epoch 15/40 loss=0.070680 | cuda=631MiB allocated/4546MiB reserved
[2026-08-30T11:56:48+00:00] HeteroGraphSAGE epoch 16/40 loss=0.068261 | cuda=631MiB allocated/4546MiB reserved
[2026-08-30T11:56:49+00:00] HeteroGraphSAGE epoch 17/40 loss=0.066284 | cuda=631MiB allocated/4546MiB reserved
[2026-08-30T11:56:49+00:00] HeteroGraphSAGE epoch 18/40 loss=0.065496 | cuda=631MiB allocated/4546MiB reserved
[2026-08-30T11:56:50+00:00] HeteroGraphSAGE epoch 19/40 loss=0.065053 | cuda=631MiB allocated/4546MiB reserved
[2026-08-30T11:56:50+00:00] HeteroGraphSAGE epoch 20/40 loss=0.065383 | cuda=631MiB allocated/4546MiB reserved
[2026-08-30T11:56:51+00:00] HeteroGraphSAGE epoch 21/40 loss=0.065932 | cuda=631MiB allocated/4546MiB reserved
[2026-08-30T11:56:51+00:00] HeteroGraphSAGE epoch 22/40 loss=0.066633 | cuda=631MiB allocated/4546MiB reserved
[2026-08-30T11:56:52+00:00] HeteroGraphSAGE epoch 23/40 loss=0.066839 | cuda=631MiB allocated/4546MiB reserved
[2026-08-30T11:56:52+00:00] HeteroGraphSAGE epoch 24/40 loss=0.067072 | cuda=631MiB allocated/4546MiB reserved
[2026-08-30T11:56:53+00:00] HeteroGraphSAGE epoch 25/40 loss=0.066631 | cuda=631MiB allocated/4546MiB reserved
[2026-08-30T11:56:53+00:00] HeteroGraphSAGE epoch 26/40 loss=0.066080 | cuda=631MiB allocated/4546MiB reserved
[2026-08-30T11:56:54+00:00] HeteroGraphSAGE epoch 27/40 loss=0.065115 | cuda=631MiB allocated/4546MiB reserved
[2026-08-30T11:56:54+00:00] HeteroGraphSAGE epoch 28/40 loss=0.064340 | cuda=631MiB allocated/4546MiB reserved
[2026-08-30T11:56:55+00:00] HeteroGraphSAGE epoch 29/40 loss=0.063667 | cuda=631MiB allocated/4546MiB reserved
[2026-08-30T11:56:55+00:00] HeteroGraphSAGE epoch 30/40 loss=0.063282 | cuda=631MiB allocated/4546MiB reserved
[2026-08-30T11:56:56+00:00] HeteroGraphSAGE epoch 31/40 loss=0.062943 | cuda=631MiB allocated/4546MiB reserved
[2026-08-30T11:56:56+00:00] HeteroGraphSAGE epoch 32/40 loss=0.062739 | cuda=631MiB allocated/4546MiB reserved
[2026-08-30T11:56:57+00:00] HeteroGraphSAGE epoch 33/40 loss=0.062828 | cuda=631MiB allocated/4546MiB reserved
[2026-08-30T11:56:57+00:00] HeteroGraphSAGE epoch 34/40 loss=0.062882 | cuda=631MiB allocated/4546MiB reserved
[2026-08-30T11:56:58+00:00] HeteroGraphSAGE epoch 35/40 loss=0.062835 | cuda=631MiB allocated/4546MiB reserved
[2026-08-30T11:56:58+00:00] HeteroGraphSAGE epoch 36/40 loss=0.062943 | cuda=631MiB allocated/4546MiB reserved
[2026-08-30T11:56:59+00:00] HeteroGraphSAGE epoch 37/40 loss=0.062707 | cuda=631MiB allocated/4546MiB reserved
[2026-08-30T11:56:59+00:00] HeteroGraphSAGE epoch 38/40 loss=0.062403 | cuda=631MiB allocated/4546MiB reserved
[2026-08-30T11:57:00+00:00] HeteroGraphSAGE epoch 39/40 loss=0.062201 | cuda=631MiB allocated/4546MiB reserved
[2026-08-30T11:57:00+00:00] HeteroGraphSAGE epoch 40/40 loss=0.061985 | cuda=631MiB allocated/4546MiB reserved
[2026-08-30T11:57:01+00:00] DONE OOD | HeteroGraphSAGE | seed=123 | F1=0.000000 | cuda=17MiB allocated/4546MiB reserved
[2026-08-30T11:57:01+00:00] START OOD | HeteroGraphSAGE | seed=3407 | cuda=17MiB allocated/68MiB reserved
[2026-08-30T11:57:01+00:00] HeteroGraphSAGE epoch 1/40 loss=0.438311 | cuda=631MiB allocated/4408MiB reserved
[2026-08-30T11:57:02+00:00] HeteroGraphSAGE epoch 2/40 loss=0.294472 | cuda=631MiB allocated/4546MiB reserved
[2026-08-30T11:57:02+00:00] HeteroGraphSAGE epoch 3/40 loss=0.199806 | cuda=631MiB allocated/4546MiB reserved
[2026-08-30T11:57:03+00:00] HeteroGraphSAGE epoch 4/40 loss=0.140852 | cuda=631MiB allocated/4546MiB reserved
[2026-08-30T11:57:04+00:00] HeteroGraphSAGE epoch 5/40 loss=0.105260 | cuda=631MiB allocated/4546MiB reserved
[2026-08-30T11:57:04+00:00] HeteroGraphSAGE epoch 6/40 loss=0.085997 | cuda=631MiB allocated/4546MiB reserved
[2026-08-30T11:57:05+00:00] HeteroGraphSAGE epoch 7/40 loss=0.077675 | cuda=631MiB allocated/4546MiB reserved
[2026-08-30T11:57:05+00:00] HeteroGraphSAGE epoch 8/40 loss=0.075679 | cuda=631MiB allocated/4546MiB reserved
[2026-08-30T11:57:06+00:00] HeteroGraphSAGE epoch 9/40 loss=0.077874 | cuda=631MiB allocated/4546MiB reserved
[2026-08-30T11:57:06+00:00] HeteroGraphSAGE epoch 10/40 loss=0.081537 | cuda=631MiB allocated/4546MiB reserved
[2026-08-30T11:57:07+00:00] HeteroGraphSAGE epoch 11/40 loss=0.085132 | cuda=631MiB allocated/4546MiB reserved
[2026-08-30T11:57:07+00:00] HeteroGraphSAGE epoch 12/40 loss=0.088527 | cuda=631MiB allocated/4546MiB reserved
[2026-08-30T11:57:08+00:00] HeteroGraphSAGE epoch 13/40 loss=0.091270 | cuda=631MiB allocated/4546MiB reserved
[2026-08-30T11:57:08+00:00] HeteroGraphSAGE epoch 14/40 loss=0.092257 | cuda=631MiB allocated/4546MiB reserved
[2026-08-30T11:57:09+00:00] HeteroGraphSAGE epoch 15/40 loss=0.092137 | cuda=631MiB allocated/4546MiB reserved
[2026-08-30T11:57:09+00:00] HeteroGraphSAGE epoch 16/40 loss=0.090794 | cuda=631MiB allocated/4546MiB reserved
[2026-08-30T11:57:10+00:00] HeteroGraphSAGE epoch 17/40 loss=0.088382 | cuda=631MiB allocated/4546MiB reserved
[2026-08-30T11:57:10+00:00] HeteroGraphSAGE epoch 18/40 loss=0.086217 | cuda=631MiB allocated/4546MiB reserved
[2026-08-30T11:57:11+00:00] HeteroGraphSAGE epoch 19/40 loss=0.083153 | cuda=631MiB allocated/4546MiB reserved
[2026-08-30T11:57:11+00:00] HeteroGraphSAGE epoch 20/40 loss=0.080140 | cuda=631MiB allocated/4546MiB reserved
[2026-08-30T11:57:12+00:00] HeteroGraphSAGE epoch 21/40 loss=0.076877 | cuda=631MiB allocated/4546MiB reserved
[2026-08-30T11:57:12+00:00] HeteroGraphSAGE epoch 22/40 loss=0.074281 | cuda=631MiB allocated/4546MiB reserved
[2026-08-30T11:57:13+00:00] HeteroGraphSAGE epoch 23/40 loss=0.072089 | cuda=631MiB allocated/4546MiB reserved
[2026-08-30T11:57:13+00:00] HeteroGraphSAGE epoch 24/40 loss=0.069966 | cuda=631MiB allocated/4546MiB reserved
[2026-08-30T11:57:14+00:00] HeteroGraphSAGE epoch 25/40 loss=0.068652 | cuda=631MiB allocated/4546MiB reserved
[2026-08-30T11:57:14+00:00] HeteroGraphSAGE epoch 26/40 loss=0.067934 | cuda=631MiB allocated/4546MiB reserved
[2026-08-30T11:57:15+00:00] HeteroGraphSAGE epoch 27/40 loss=0.067531 | cuda=631MiB allocated/4546MiB reserved
[2026-08-30T11:57:15+00:00] HeteroGraphSAGE epoch 28/40 loss=0.067444 | cuda=631MiB allocated/4546MiB reserved
[2026-08-30T11:57:16+00:00] HeteroGraphSAGE epoch 29/40 loss=0.067538 | cuda=631MiB allocated/4546MiB reserved
[2026-08-30T11:57:16+00:00] HeteroGraphSAGE epoch 30/40 loss=0.067851 | cuda=631MiB allocated/4546MiB reserved
[2026-08-30T11:57:17+00:00] HeteroGraphSAGE epoch 31/40 loss=0.068086 | cuda=631MiB allocated/4546MiB reserved
[2026-08-30T11:57:17+00:00] HeteroGraphSAGE epoch 32/40 loss=0.068338 | cuda=631MiB allocated/4546MiB reserved
[2026-08-30T11:57:18+00:00] HeteroGraphSAGE epoch 33/40 loss=0.068295 | cuda=631MiB allocated/4546MiB reserved
[2026-08-30T11:57:18+00:00] HeteroGraphSAGE epoch 34/40 loss=0.068290 | cuda=631MiB allocated/4546MiB reserved
[2026-08-30T11:57:19+00:00] HeteroGraphSAGE epoch 35/40 loss=0.067917 | cuda=631MiB allocated/4546MiB reserved
[2026-08-30T11:57:19+00:00] HeteroGraphSAGE epoch 36/40 loss=0.067580 | cuda=631MiB allocated/4546MiB reserved
[2026-08-30T11:57:20+00:00] HeteroGraphSAGE epoch 37/40 loss=0.067024 | cuda=631MiB allocated/4546MiB reserved
[2026-08-30T11:57:20+00:00] HeteroGraphSAGE epoch 38/40 loss=0.066406 | cuda=631MiB allocated/4546MiB reserved
[2026-08-30T11:57:21+00:00] HeteroGraphSAGE epoch 39/40 loss=0.065792 | cuda=631MiB allocated/4546MiB reserved
[2026-08-30T11:57:21+00:00] HeteroGraphSAGE epoch 40/40 loss=0.065301 | cuda=631MiB allocated/4546MiB reserved
[2026-08-30T11:57:21+00:00] DONE OOD | HeteroGraphSAGE | seed=3407 | F1=0.322581 | cuda=17MiB allocated/4546MiB reserved
[2026-08-30T11:57:21+00:00] START OOD | HeteroGraphSAGE | seed=2025 | cuda=17MiB allocated/68MiB reserved
[2026-08-30T11:57:22+00:00] HeteroGraphSAGE epoch 1/40 loss=0.121460 | cuda=631MiB allocated/4408MiB reserved
[2026-08-30T11:57:23+00:00] HeteroGraphSAGE epoch 2/40 loss=0.084277 | cuda=631MiB allocated/4546MiB reserved
[2026-08-30T11:57:23+00:00] HeteroGraphSAGE epoch 3/40 loss=0.073639 | cuda=631MiB allocated/4546MiB reserved
[2026-08-30T11:57:24+00:00] HeteroGraphSAGE epoch 4/40 loss=0.075899 | cuda=631MiB allocated/4546MiB reserved
[2026-08-30T11:57:24+00:00] HeteroGraphSAGE epoch 5/40 loss=0.078174 | cuda=631MiB allocated/4546MiB reserved
[2026-08-30T11:57:25+00:00] HeteroGraphSAGE epoch 6/40 loss=0.079985 | cuda=631MiB allocated/4546MiB reserved
[2026-08-30T11:57:25+00:00] HeteroGraphSAGE epoch 7/40 loss=0.078740 | cuda=631MiB allocated/4546MiB reserved
[2026-08-30T11:57:26+00:00] HeteroGraphSAGE epoch 8/40 loss=0.076124 | cuda=631MiB allocated/4546MiB reserved
[2026-08-30T11:57:26+00:00] HeteroGraphSAGE epoch 9/40 loss=0.072965 | cuda=631MiB allocated/4546MiB reserved
[2026-08-30T11:57:27+00:00] HeteroGraphSAGE epoch 10/40 loss=0.070496 | cuda=631MiB allocated/4546MiB reserved
[2026-08-30T11:57:27+00:00] HeteroGraphSAGE epoch 11/40 loss=0.067911 | cuda=631MiB allocated/4546MiB reserved
[2026-08-30T11:57:28+00:00] HeteroGraphSAGE epoch 12/40 loss=0.066420 | cuda=631MiB allocated/4546MiB reserved
[2026-08-30T11:57:28+00:00] HeteroGraphSAGE epoch 13/40 loss=0.066405 | cuda=631MiB allocated/4546MiB reserved
[2026-08-30T11:57:29+00:00] HeteroGraphSAGE epoch 14/40 loss=0.065862 | cuda=631MiB allocated/4546MiB reserved
[2026-08-30T11:57:29+00:00] HeteroGraphSAGE epoch 15/40 loss=0.066318 | cuda=631MiB allocated/4546MiB reserved
[2026-08-30T11:57:30+00:00] HeteroGraphSAGE epoch 16/40 loss=0.066802 | cuda=631MiB allocated/4546MiB reserved
[2026-08-30T11:57:30+00:00] HeteroGraphSAGE epoch 17/40 loss=0.066655 | cuda=631MiB allocated/4546MiB reserved
[2026-08-30T11:57:31+00:00] HeteroGraphSAGE epoch 18/40 loss=0.066460 | cuda=631MiB allocated/4546MiB reserved
[2026-08-30T11:57:31+00:00] HeteroGraphSAGE epoch 19/40 loss=0.065660 | cuda=631MiB allocated/4546MiB reserved
[2026-08-30T11:57:32+00:00] HeteroGraphSAGE epoch 20/40 loss=0.064973 | cuda=631MiB allocated/4546MiB reserved
[2026-08-30T11:57:32+00:00] HeteroGraphSAGE epoch 21/40 loss=0.064240 | cuda=631MiB allocated/4546MiB reserved
[2026-08-30T11:57:33+00:00] HeteroGraphSAGE epoch 22/40 loss=0.063614 | cuda=631MiB allocated/4546MiB reserved
[2026-08-30T11:57:33+00:00] HeteroGraphSAGE epoch 23/40 loss=0.063137 | cuda=631MiB allocated/4546MiB reserved
[2026-08-30T11:57:34+00:00] HeteroGraphSAGE epoch 24/40 loss=0.063220 | cuda=631MiB allocated/4546MiB reserved
[2026-08-30T11:57:34+00:00] HeteroGraphSAGE epoch 25/40 loss=0.063039 | cuda=631MiB allocated/4546MiB reserved
[2026-08-30T11:57:35+00:00] HeteroGraphSAGE epoch 26/40 loss=0.063205 | cuda=631MiB allocated/4546MiB reserved
[2026-08-30T11:57:35+00:00] HeteroGraphSAGE epoch 27/40 loss=0.063347 | cuda=631MiB allocated/4546MiB reserved
[2026-08-30T11:57:36+00:00] HeteroGraphSAGE epoch 28/40 loss=0.063166 | cuda=631MiB allocated/4546MiB reserved
[2026-08-30T11:57:36+00:00] HeteroGraphSAGE epoch 29/40 loss=0.062821 | cuda=631MiB allocated/4546MiB reserved
[2026-08-30T11:57:37+00:00] HeteroGraphSAGE epoch 30/40 loss=0.062598 | cuda=631MiB allocated/4546MiB reserved
[2026-08-30T11:57:37+00:00] HeteroGraphSAGE epoch 31/40 loss=0.062104 | cuda=631MiB allocated/4546MiB reserved
[2026-08-30T11:57:38+00:00] HeteroGraphSAGE epoch 32/40 loss=0.061716 | cuda=631MiB allocated/4546MiB reserved
[2026-08-30T11:57:38+00:00] HeteroGraphSAGE epoch 33/40 loss=0.061440 | cuda=631MiB allocated/4546MiB reserved
[2026-08-30T11:57:39+00:00] HeteroGraphSAGE epoch 34/40 loss=0.061411 | cuda=631MiB allocated/4546MiB reserved
[2026-08-30T11:57:39+00:00] HeteroGraphSAGE epoch 35/40 loss=0.061188 | cuda=631MiB allocated/4546MiB reserved
[2026-08-30T11:57:40+00:00] HeteroGraphSAGE epoch 36/40 loss=0.061245 | cuda=631MiB allocated/4546MiB reserved
[2026-08-30T11:57:40+00:00] HeteroGraphSAGE epoch 37/40 loss=0.061090 | cuda=631MiB allocated/4546MiB reserved
[2026-08-30T11:57:41+00:00] HeteroGraphSAGE epoch 38/40 loss=0.061071 | cuda=631MiB allocated/4546MiB reserved
[2026-08-30T11:57:41+00:00] HeteroGraphSAGE epoch 39/40 loss=0.060993 | cuda=631MiB allocated/4546MiB reserved
[2026-08-30T11:57:42+00:00] HeteroGraphSAGE epoch 40/40 loss=0.060673 | cuda=631MiB allocated/4546MiB reserved
[2026-08-30T11:57:42+00:00] DONE OOD | HeteroGraphSAGE | seed=2025 | F1=0.000000 | cuda=17MiB allocated/4546MiB reserved
[2026-08-30T11:57:42+00:00] START OOD | HeteroGraphSAGE | seed=9999 | cuda=17MiB allocated/68MiB reserved
[2026-08-30T11:57:43+00:00] HeteroGraphSAGE epoch 1/40 loss=0.368206 | cuda=631MiB allocated/4408MiB reserved
[2026-08-30T11:57:44+00:00] HeteroGraphSAGE epoch 2/40 loss=0.269459 | cuda=631MiB allocated/4546MiB reserved
[2026-08-30T11:57:44+00:00] HeteroGraphSAGE epoch 3/40 loss=0.198975 | cuda=631MiB allocated/4546MiB reserved
[2026-08-30T11:57:45+00:00] HeteroGraphSAGE epoch 4/40 loss=0.150467 | cuda=631MiB allocated/4546MiB reserved
[2026-08-30T11:57:45+00:00] HeteroGraphSAGE epoch 5/40 loss=0.115408 | cuda=631MiB allocated/4546MiB reserved
[2026-08-30T11:57:46+00:00] HeteroGraphSAGE epoch 6/40 loss=0.092783 | cuda=631MiB allocated/4546MiB reserved
[2026-08-30T11:57:46+00:00] HeteroGraphSAGE epoch 7/40 loss=0.079404 | cuda=631MiB allocated/4546MiB reserved
[2026-08-30T11:57:47+00:00] HeteroGraphSAGE epoch 8/40 loss=0.072656 | cuda=631MiB allocated/4546MiB reserved
[2026-08-30T11:57:47+00:00] HeteroGraphSAGE epoch 9/40 loss=0.071336 | cuda=631MiB allocated/4546MiB reserved
[2026-08-30T11:57:48+00:00] HeteroGraphSAGE epoch 10/40 loss=0.072810 | cuda=631MiB allocated/4546MiB reserved
[2026-08-30T11:57:48+00:00] HeteroGraphSAGE epoch 11/40 loss=0.075933 | cuda=631MiB allocated/4546MiB reserved
[2026-08-30T11:57:49+00:00] HeteroGraphSAGE epoch 12/40 loss=0.078555 | cuda=631MiB allocated/4546MiB reserved
[2026-08-30T11:57:49+00:00] HeteroGraphSAGE epoch 13/40 loss=0.081797 | cuda=631MiB allocated/4546MiB reserved
[2026-08-30T11:57:50+00:00] HeteroGraphSAGE epoch 14/40 loss=0.083634 | cuda=631MiB allocated/4546MiB reserved
[2026-08-30T11:57:50+00:00] HeteroGraphSAGE epoch 15/40 loss=0.083888 | cuda=631MiB allocated/4546MiB reserved
[2026-08-30T11:57:51+00:00] HeteroGraphSAGE epoch 16/40 loss=0.083778 | cuda=631MiB allocated/4546MiB reserved
[2026-08-30T11:57:51+00:00] HeteroGraphSAGE epoch 17/40 loss=0.082412 | cuda=631MiB allocated/4546MiB reserved
[2026-08-30T11:57:52+00:00] HeteroGraphSAGE epoch 18/40 loss=0.080743 | cuda=631MiB allocated/4546MiB reserved
[2026-08-30T11:57:52+00:00] HeteroGraphSAGE epoch 19/40 loss=0.077831 | cuda=631MiB allocated/4546MiB reserved
[2026-08-30T11:57:53+00:00] HeteroGraphSAGE epoch 20/40 loss=0.075390 | cuda=631MiB allocated/4546MiB reserved
[2026-08-30T11:57:53+00:00] HeteroGraphSAGE epoch 21/40 loss=0.072252 | cuda=631MiB allocated/4546MiB reserved
[2026-08-30T11:57:54+00:00] HeteroGraphSAGE epoch 22/40 loss=0.070085 | cuda=631MiB allocated/4546MiB reserved
[2026-08-30T11:57:54+00:00] HeteroGraphSAGE epoch 23/40 loss=0.068094 | cuda=631MiB allocated/4546MiB reserved
[2026-08-30T11:57:55+00:00] HeteroGraphSAGE epoch 24/40 loss=0.066302 | cuda=631MiB allocated/4546MiB reserved
[2026-08-30T11:57:55+00:00] HeteroGraphSAGE epoch 25/40 loss=0.065079 | cuda=631MiB allocated/4546MiB reserved
[2026-08-30T11:57:56+00:00] HeteroGraphSAGE epoch 26/40 loss=0.064271 | cuda=631MiB allocated/4546MiB reserved
[2026-08-30T11:57:56+00:00] HeteroGraphSAGE epoch 27/40 loss=0.063953 | cuda=631MiB allocated/4546MiB reserved
[2026-08-30T11:57:57+00:00] HeteroGraphSAGE epoch 28/40 loss=0.063907 | cuda=631MiB allocated/4546MiB reserved
[2026-08-30T11:57:57+00:00] HeteroGraphSAGE epoch 29/40 loss=0.064174 | cuda=631MiB allocated/4546MiB reserved
[2026-08-30T11:57:58+00:00] HeteroGraphSAGE epoch 30/40 loss=0.064315 | cuda=631MiB allocated/4546MiB reserved
[2026-08-30T11:57:58+00:00] HeteroGraphSAGE epoch 31/40 loss=0.064643 | cuda=631MiB allocated/4546MiB reserved
[2026-08-30T11:57:59+00:00] HeteroGraphSAGE epoch 32/40 loss=0.064952 | cuda=631MiB allocated/4546MiB reserved
[2026-08-30T11:57:59+00:00] HeteroGraphSAGE epoch 33/40 loss=0.064932 | cuda=631MiB allocated/4546MiB reserved
[2026-08-30T11:58:00+00:00] HeteroGraphSAGE epoch 34/40 loss=0.064923 | cuda=631MiB allocated/4546MiB reserved
[2026-08-30T11:58:00+00:00] HeteroGraphSAGE epoch 35/40 loss=0.064941 | cuda=631MiB allocated/4546MiB reserved
[2026-08-30T11:58:01+00:00] HeteroGraphSAGE epoch 36/40 loss=0.064579 | cuda=631MiB allocated/4546MiB reserved
[2026-08-30T11:58:01+00:00] HeteroGraphSAGE epoch 37/40 loss=0.064212 | cuda=631MiB allocated/4546MiB reserved
[2026-08-30T11:58:02+00:00] HeteroGraphSAGE epoch 38/40 loss=0.063621 | cuda=631MiB allocated/4546MiB reserved
[2026-08-30T11:58:02+00:00] HeteroGraphSAGE epoch 39/40 loss=0.063231 | cuda=631MiB allocated/4546MiB reserved
[2026-08-30T11:58:03+00:00] HeteroGraphSAGE epoch 40/40 loss=0.062734 | cuda=631MiB allocated/4546MiB reserved
[2026-08-30T11:58:03+00:00] DONE OOD | HeteroGraphSAGE | seed=9999 | F1=0.000000 | cuda=17MiB allocated/4546MiB reserved
[2026-08-30T11:58:03+00:00] START ADAPTIVE_OOD | DG-Hetero-GNN | seed=42 | cuda=17MiB allocated/68MiB reserved
[2026-08-30T11:58:04+00:00] epoch 1/40 loss=0.917501 elapsed=0.6s | cuda=632MiB allocated/5084MiB reserved
[2026-08-30T11:58:05+00:00] epoch 2/40 loss=0.892093 elapsed=1.1s | cuda=632MiB allocated/5084MiB reserved
[2026-08-30T11:58:05+00:00] epoch 3/40 loss=0.873219 elapsed=1.7s | cuda=632MiB allocated/5084MiB reserved
[2026-08-30T11:58:06+00:00] epoch 4/40 loss=0.856554 elapsed=2.2s | cuda=632MiB allocated/5086MiB reserved
[2026-08-30T11:58:06+00:00] epoch 5/40 loss=0.839882 elapsed=2.8s | cuda=632MiB allocated/5086MiB reserved
[2026-08-30T11:58:07+00:00] epoch 6/40 loss=0.822931 elapsed=3.3s | cuda=632MiB allocated/5086MiB reserved
[2026-08-30T11:58:08+00:00] epoch 7/40 loss=0.802215 elapsed=3.9s | cuda=632MiB allocated/5086MiB reserved
[2026-08-30T11:58:08+00:00] epoch 8/40 loss=0.784153 elapsed=4.4s | cuda=632MiB allocated/5086MiB reserved
[2026-08-30T11:58:09+00:00] epoch 9/40 loss=0.760420 elapsed=4.9s | cuda=632MiB allocated/5086MiB reserved
[2026-08-30T11:58:09+00:00] epoch 10/40 loss=0.745536 elapsed=5.5s | cuda=632MiB allocated/5086MiB reserved
[2026-08-30T11:58:10+00:00] epoch 11/40 loss=0.728906 elapsed=6.0s | cuda=632MiB allocated/5086MiB reserved
[2026-08-30T11:58:10+00:00] epoch 12/40 loss=0.717764 elapsed=6.6s | cuda=632MiB allocated/5086MiB reserved
[2026-08-30T11:58:11+00:00] epoch 13/40 loss=0.711878 elapsed=7.1s | cuda=632MiB allocated/5086MiB reserved
[2026-08-30T11:58:11+00:00] epoch 14/40 loss=0.711657 elapsed=7.7s | cuda=632MiB allocated/5086MiB reserved
[2026-08-30T11:58:12+00:00] epoch 15/40 loss=0.718745 elapsed=8.2s | cuda=632MiB allocated/5086MiB reserved
[2026-08-30T11:58:12+00:00] epoch 16/40 loss=0.731331 elapsed=8.8s | cuda=632MiB allocated/5086MiB reserved
[2026-08-30T11:58:13+00:00] epoch 17/40 loss=0.750266 elapsed=9.3s | cuda=632MiB allocated/5086MiB reserved
[2026-08-30T11:58:14+00:00] epoch 18/40 loss=0.775551 elapsed=9.8s | cuda=632MiB allocated/5086MiB reserved
[2026-08-30T11:58:14+00:00] epoch 19/40 loss=0.811326 elapsed=10.4s | cuda=632MiB allocated/5086MiB reserved
[2026-08-30T11:58:15+00:00] epoch 20/40 loss=0.842985 elapsed=10.9s | cuda=632MiB allocated/5086MiB reserved
[2026-08-30T11:58:15+00:00] epoch 21/40 loss=0.875907 elapsed=11.5s | cuda=632MiB allocated/5086MiB reserved
[2026-08-30T11:58:16+00:00] epoch 22/40 loss=0.912166 elapsed=12.1s | cuda=632MiB allocated/5086MiB reserved
[2026-08-30T11:58:16+00:00] epoch 23/40 loss=0.944641 elapsed=12.6s | cuda=632MiB allocated/5086MiB reserved
[2026-08-30T11:58:17+00:00] epoch 24/40 loss=0.979139 elapsed=13.1s | cuda=632MiB allocated/5086MiB reserved
[2026-08-30T11:58:17+00:00] epoch 25/40 loss=1.011989 elapsed=13.7s | cuda=632MiB allocated/5086MiB reserved
[2026-08-30T11:58:18+00:00] epoch 26/40 loss=1.052028 elapsed=14.2s | cuda=632MiB allocated/5086MiB reserved
[2026-08-30T11:58:18+00:00] epoch 27/40 loss=1.098511 elapsed=14.8s | cuda=632MiB allocated/5086MiB reserved
[2026-08-30T11:58:19+00:00] epoch 28/40 loss=1.126237 elapsed=15.3s | cuda=632MiB allocated/5086MiB reserved
[2026-08-30T11:58:20+00:00] epoch 29/40 loss=1.175538 elapsed=15.9s | cuda=632MiB allocated/5086MiB reserved
[2026-08-30T11:58:20+00:00] epoch 30/40 loss=1.205425 elapsed=16.4s | cuda=632MiB allocated/5086MiB reserved
[2026-08-30T11:58:21+00:00] epoch 31/40 loss=1.233763 elapsed=17.0s | cuda=632MiB allocated/5086MiB reserved
[2026-08-30T11:58:21+00:00] epoch 32/40 loss=1.273380 elapsed=17.5s | cuda=632MiB allocated/5086MiB reserved
[2026-08-30T11:58:22+00:00] epoch 33/40 loss=1.314086 elapsed=18.1s | cuda=632MiB allocated/5086MiB reserved
[2026-08-30T11:58:22+00:00] epoch 34/40 loss=1.347451 elapsed=18.6s | cuda=632MiB allocated/5086MiB reserved
[2026-08-30T11:58:23+00:00] epoch 35/40 loss=1.372589 elapsed=19.2s | cuda=632MiB allocated/5086MiB reserved
[2026-08-30T11:58:23+00:00] epoch 36/40 loss=1.427037 elapsed=19.7s | cuda=632MiB allocated/5086MiB reserved
[2026-08-30T11:58:24+00:00] epoch 37/40 loss=1.464067 elapsed=20.3s | cuda=632MiB allocated/5086MiB reserved
[2026-08-30T11:58:24+00:00] epoch 38/40 loss=1.475817 elapsed=20.8s | cuda=632MiB allocated/5086MiB reserved
[2026-08-30T11:58:25+00:00] epoch 39/40 loss=1.532221 elapsed=21.4s | cuda=632MiB allocated/5086MiB reserved
[2026-08-30T11:58:26+00:00] epoch 40/40 loss=1.565543 elapsed=21.9s | cuda=632MiB allocated/5086MiB reserved
[2026-08-30T11:58:26+00:00] DONE ADAPTIVE_OOD | DG-Hetero-GNN | seed=42 | F1=0.714286 | cuda=17MiB allocated/5086MiB reserved
[2026-08-30T11:58:26+00:00] START ADAPTIVE_OOD | DG-Hetero-GNN | seed=123 | cuda=17MiB allocated/68MiB reserved
[2026-08-30T11:58:27+00:00] epoch 1/40 loss=1.028238 elapsed=0.6s | cuda=632MiB allocated/5084MiB reserved
[2026-08-30T11:58:28+00:00] epoch 2/40 loss=1.011632 elapsed=1.1s | cuda=632MiB allocated/5084MiB reserved
[2026-08-30T11:58:28+00:00] epoch 3/40 loss=1.004224 elapsed=1.7s | cuda=632MiB allocated/5084MiB reserved
[2026-08-30T11:58:29+00:00] epoch 4/40 loss=0.993541 elapsed=2.2s | cuda=632MiB allocated/5086MiB reserved
[2026-08-30T11:58:29+00:00] epoch 5/40 loss=0.989526 elapsed=2.8s | cuda=632MiB allocated/5086MiB reserved
[2026-08-30T11:58:30+00:00] epoch 6/40 loss=0.983448 elapsed=3.3s | cuda=632MiB allocated/5086MiB reserved
[2026-08-30T11:58:30+00:00] epoch 7/40 loss=0.978463 elapsed=3.8s | cuda=632MiB allocated/5086MiB reserved
[2026-08-30T11:58:31+00:00] epoch 8/40 loss=0.966905 elapsed=4.4s | cuda=632MiB allocated/5086MiB reserved
[2026-08-30T11:58:31+00:00] epoch 9/40 loss=0.964048 elapsed=4.9s | cuda=632MiB allocated/5086MiB reserved
[2026-08-30T11:58:32+00:00] epoch 10/40 loss=0.954420 elapsed=5.5s | cuda=632MiB allocated/5086MiB reserved
[2026-08-30T11:58:32+00:00] epoch 11/40 loss=0.946950 elapsed=6.0s | cuda=632MiB allocated/5086MiB reserved
[2026-08-30T11:58:33+00:00] epoch 12/40 loss=0.939077 elapsed=6.6s | cuda=632MiB allocated/5086MiB reserved
[2026-08-30T11:58:34+00:00] epoch 13/40 loss=0.935518 elapsed=7.1s | cuda=632MiB allocated/5086MiB reserved
[2026-08-30T11:58:34+00:00] epoch 14/40 loss=0.935734 elapsed=7.7s | cuda=632MiB allocated/5086MiB reserved
[2026-08-30T11:58:35+00:00] epoch 15/40 loss=0.932712 elapsed=8.2s | cuda=632MiB allocated/5086MiB reserved
[2026-08-30T11:58:35+00:00] epoch 16/40 loss=0.939986 elapsed=8.8s | cuda=632MiB allocated/5086MiB reserved
[2026-08-30T11:58:36+00:00] epoch 17/40 loss=0.938478 elapsed=9.3s | cuda=632MiB allocated/5086MiB reserved
[2026-08-30T11:58:36+00:00] epoch 18/40 loss=0.952388 elapsed=9.8s | cuda=632MiB allocated/5086MiB reserved
[2026-08-30T11:58:37+00:00] epoch 19/40 loss=0.973179 elapsed=10.4s | cuda=632MiB allocated/5086MiB reserved
[2026-08-30T11:58:37+00:00] epoch 20/40 loss=0.990598 elapsed=10.9s | cuda=632MiB allocated/5086MiB reserved
[2026-08-30T11:58:38+00:00] epoch 21/40 loss=1.009744 elapsed=11.5s | cuda=632MiB allocated/5086MiB reserved
[2026-08-30T11:58:38+00:00] epoch 22/40 loss=1.043524 elapsed=12.0s | cuda=632MiB allocated/5086MiB reserved
[2026-08-30T11:58:39+00:00] epoch 23/40 loss=1.074298 elapsed=12.6s | cuda=632MiB allocated/5086MiB reserved
[2026-08-30T11:58:40+00:00] epoch 24/40 loss=1.122800 elapsed=13.1s | cuda=632MiB allocated/5086MiB reserved
[2026-08-30T11:58:40+00:00] epoch 25/40 loss=1.164277 elapsed=13.7s | cuda=632MiB allocated/5086MiB reserved
[2026-08-30T11:58:41+00:00] epoch 26/40 loss=1.193261 elapsed=14.2s | cuda=632MiB allocated/5086MiB reserved
[2026-08-30T11:58:41+00:00] epoch 27/40 loss=1.256616 elapsed=14.8s | cuda=632MiB allocated/5086MiB reserved
[2026-08-30T11:58:42+00:00] epoch 28/40 loss=1.311148 elapsed=15.3s | cuda=632MiB allocated/5086MiB reserved
[2026-08-30T11:58:42+00:00] epoch 29/40 loss=1.362825 elapsed=15.9s | cuda=632MiB allocated/5086MiB reserved
[2026-08-30T11:58:43+00:00] epoch 30/40 loss=1.388101 elapsed=16.4s | cuda=632MiB allocated/5086MiB reserved
[2026-08-30T11:58:43+00:00] epoch 31/40 loss=1.460695 elapsed=17.0s | cuda=632MiB allocated/5086MiB reserved
[2026-08-30T11:58:44+00:00] epoch 32/40 loss=1.478240 elapsed=17.5s | cuda=632MiB allocated/5086MiB reserved
[2026-08-30T11:58:44+00:00] epoch 33/40 loss=1.574926 elapsed=18.1s | cuda=632MiB allocated/5086MiB reserved
[2026-08-30T11:58:45+00:00] epoch 34/40 loss=1.611391 elapsed=18.6s | cuda=632MiB allocated/5086MiB reserved
[2026-08-30T11:58:46+00:00] epoch 35/40 loss=1.644679 elapsed=19.2s | cuda=632MiB allocated/5086MiB reserved
[2026-08-30T11:58:46+00:00] epoch 36/40 loss=1.721632 elapsed=19.7s | cuda=632MiB allocated/5086MiB reserved
[2026-08-30T11:58:47+00:00] epoch 37/40 loss=1.793017 elapsed=20.2s | cuda=632MiB allocated/5086MiB reserved
[2026-08-30T11:58:47+00:00] epoch 38/40 loss=1.841502 elapsed=20.8s | cuda=632MiB allocated/5086MiB reserved
[2026-08-30T11:58:48+00:00] epoch 39/40 loss=1.916100 elapsed=21.3s | cuda=632MiB allocated/5086MiB reserved
[2026-08-30T11:58:48+00:00] epoch 40/40 loss=1.998236 elapsed=21.9s | cuda=632MiB allocated/5086MiB reserved
[2026-08-30T11:58:49+00:00] DONE ADAPTIVE_OOD | DG-Hetero-GNN | seed=123 | F1=0.000000 | cuda=17MiB allocated/5086MiB reserved
[2026-08-30T11:58:49+00:00] START ADAPTIVE_OOD | DG-Hetero-GNN | seed=3407 | cuda=17MiB allocated/68MiB reserved
[2026-08-30T11:58:50+00:00] epoch 1/40 loss=0.827927 elapsed=0.6s | cuda=632MiB allocated/5084MiB reserved
[2026-08-30T11:58:50+00:00] epoch 2/40 loss=0.805447 elapsed=1.1s | cuda=632MiB allocated/5084MiB reserved
[2026-08-30T11:58:51+00:00] epoch 3/40 loss=0.784456 elapsed=1.7s | cuda=632MiB allocated/5084MiB reserved
[2026-08-30T11:58:51+00:00] epoch 4/40 loss=0.762109 elapsed=2.2s | cuda=632MiB allocated/5086MiB reserved
[2026-08-30T11:58:52+00:00] epoch 5/40 loss=0.741468 elapsed=2.8s | cuda=632MiB allocated/5086MiB reserved
[2026-08-30T11:58:52+00:00] epoch 6/40 loss=0.720658 elapsed=3.3s | cuda=632MiB allocated/5086MiB reserved
[2026-08-30T11:58:53+00:00] epoch 7/40 loss=0.703495 elapsed=3.9s | cuda=632MiB allocated/5086MiB reserved
[2026-08-30T11:58:54+00:00] epoch 8/40 loss=0.690417 elapsed=4.4s | cuda=632MiB allocated/5086MiB reserved
[2026-08-30T11:58:54+00:00] epoch 9/40 loss=0.683752 elapsed=5.0s | cuda=632MiB allocated/5086MiB reserved
[2026-08-30T11:58:55+00:00] epoch 10/40 loss=0.681068 elapsed=5.5s | cuda=632MiB allocated/5086MiB reserved
[2026-08-30T11:58:55+00:00] epoch 11/40 loss=0.683113 elapsed=6.1s | cuda=632MiB allocated/5086MiB reserved
[2026-08-30T11:58:56+00:00] epoch 12/40 loss=0.690641 elapsed=6.6s | cuda=632MiB allocated/5086MiB reserved
[2026-08-30T11:58:56+00:00] epoch 13/40 loss=0.701617 elapsed=7.2s | cuda=632MiB allocated/5086MiB reserved
[2026-08-30T11:58:57+00:00] epoch 14/40 loss=0.716593 elapsed=7.7s | cuda=632MiB allocated/5086MiB reserved
[2026-08-30T11:58:57+00:00] epoch 15/40 loss=0.729224 elapsed=8.2s | cuda=632MiB allocated/5086MiB reserved
[2026-08-30T11:58:58+00:00] epoch 16/40 loss=0.745772 elapsed=8.8s | cuda=632MiB allocated/5086MiB reserved
[2026-08-30T11:58:58+00:00] epoch 17/40 loss=0.761994 elapsed=9.3s | cuda=632MiB allocated/5086MiB reserved
[2026-08-30T11:58:59+00:00] epoch 18/40 loss=0.777803 elapsed=9.9s | cuda=632MiB allocated/5086MiB reserved
[2026-08-30T11:59:00+00:00] epoch 19/40 loss=0.794156 elapsed=10.4s | cuda=632MiB allocated/5086MiB reserved
[2026-08-30T11:59:00+00:00] epoch 20/40 loss=0.809940 elapsed=11.0s | cuda=632MiB allocated/5086MiB reserved
[2026-08-30T11:59:01+00:00] epoch 21/40 loss=0.828641 elapsed=11.6s | cuda=632MiB allocated/5086MiB reserved
[2026-08-30T11:59:01+00:00] epoch 22/40 loss=0.845203 elapsed=12.1s | cuda=632MiB allocated/5086MiB reserved
[2026-08-30T11:59:02+00:00] epoch 23/40 loss=0.863292 elapsed=12.6s | cuda=632MiB allocated/5086MiB reserved
[2026-08-30T11:59:02+00:00] epoch 24/40 loss=0.885336 elapsed=13.2s | cuda=632MiB allocated/5086MiB reserved
[2026-08-30T11:59:03+00:00] epoch 25/40 loss=0.907219 elapsed=13.7s | cuda=632MiB allocated/5086MiB reserved
[2026-08-30T11:59:03+00:00] epoch 26/40 loss=0.930938 elapsed=14.3s | cuda=632MiB allocated/5086MiB reserved
[2026-08-30T11:59:04+00:00] epoch 27/40 loss=0.955225 elapsed=14.9s | cuda=632MiB allocated/5086MiB reserved
[2026-08-30T11:59:04+00:00] epoch 28/40 loss=0.986680 elapsed=15.4s | cuda=632MiB allocated/5086MiB reserved
[2026-08-30T11:59:05+00:00] epoch 29/40 loss=1.012264 elapsed=15.9s | cuda=632MiB allocated/5086MiB reserved
[2026-08-30T11:59:06+00:00] epoch 30/40 loss=1.038808 elapsed=16.5s | cuda=632MiB allocated/5086MiB reserved
[2026-08-30T11:59:06+00:00] epoch 31/40 loss=1.074399 elapsed=17.0s | cuda=632MiB allocated/5086MiB reserved
[2026-08-30T11:59:07+00:00] epoch 32/40 loss=1.105243 elapsed=17.6s | cuda=632MiB allocated/5086MiB reserved
[2026-08-30T11:59:07+00:00] epoch 33/40 loss=1.136936 elapsed=18.1s | cuda=632MiB allocated/5086MiB reserved
[2026-08-30T11:59:08+00:00] epoch 34/40 loss=1.180118 elapsed=18.7s | cuda=632MiB allocated/5086MiB reserved
[2026-08-30T11:59:08+00:00] epoch 35/40 loss=1.214574 elapsed=19.2s | cuda=632MiB allocated/5086MiB reserved
[2026-08-30T11:59:09+00:00] epoch 36/40 loss=1.258032 elapsed=19.7s | cuda=632MiB allocated/5086MiB reserved
[2026-08-30T11:59:09+00:00] epoch 37/40 loss=1.298905 elapsed=20.3s | cuda=632MiB allocated/5086MiB reserved
[2026-08-30T11:59:10+00:00] epoch 38/40 loss=1.355765 elapsed=20.8s | cuda=632MiB allocated/5086MiB reserved
[2026-08-30T11:59:10+00:00] epoch 39/40 loss=1.387982 elapsed=21.4s | cuda=632MiB allocated/5086MiB reserved
[2026-08-30T11:59:11+00:00] epoch 40/40 loss=1.444752 elapsed=21.9s | cuda=632MiB allocated/5086MiB reserved
[2026-08-30T11:59:11+00:00] DONE ADAPTIVE_OOD | DG-Hetero-GNN | seed=3407 | F1=0.375000 | cuda=17MiB allocated/5086MiB reserved
[2026-08-30T11:59:11+00:00] START ADAPTIVE_OOD | DG-Hetero-GNN | seed=2025 | cuda=17MiB allocated/68MiB reserved
[2026-08-30T11:59:12+00:00] epoch 1/40 loss=0.970604 elapsed=0.6s | cuda=632MiB allocated/5084MiB reserved
[2026-08-30T11:59:13+00:00] epoch 2/40 loss=0.953742 elapsed=1.1s | cuda=632MiB allocated/5084MiB reserved
[2026-08-30T11:59:13+00:00] epoch 3/40 loss=0.935448 elapsed=1.7s | cuda=632MiB allocated/5084MiB reserved
[2026-08-30T11:59:14+00:00] epoch 4/40 loss=0.915165 elapsed=2.2s | cuda=632MiB allocated/5086MiB reserved
[2026-08-30T11:59:15+00:00] epoch 5/40 loss=0.896909 elapsed=2.8s | cuda=632MiB allocated/5086MiB reserved
[2026-08-30T11:59:15+00:00] epoch 6/40 loss=0.879249 elapsed=3.3s | cuda=632MiB allocated/5086MiB reserved
[2026-08-30T11:59:16+00:00] epoch 7/40 loss=0.866025 elapsed=3.8s | cuda=632MiB allocated/5086MiB reserved
[2026-08-30T11:59:16+00:00] epoch 8/40 loss=0.854134 elapsed=4.4s | cuda=632MiB allocated/5086MiB reserved
[2026-08-30T11:59:17+00:00] epoch 9/40 loss=0.850819 elapsed=5.0s | cuda=632MiB allocated/5086MiB reserved
[2026-08-30T11:59:17+00:00] epoch 10/40 loss=0.850940 elapsed=5.5s | cuda=632MiB allocated/5086MiB reserved
[2026-08-30T11:59:18+00:00] epoch 11/40 loss=0.844483 elapsed=6.0s | cuda=632MiB allocated/5086MiB reserved
[2026-08-30T11:59:18+00:00] epoch 12/40 loss=0.871319 elapsed=6.6s | cuda=632MiB allocated/5086MiB reserved
[2026-08-30T11:59:19+00:00] epoch 13/40 loss=0.877774 elapsed=7.2s | cuda=632MiB allocated/5086MiB reserved
[2026-08-30T11:59:20+00:00] epoch 14/40 loss=0.915717 elapsed=7.7s | cuda=632MiB allocated/5086MiB reserved
[2026-08-30T11:59:20+00:00] epoch 15/40 loss=0.945218 elapsed=8.3s | cuda=632MiB allocated/5086MiB reserved
[2026-08-30T11:59:21+00:00] epoch 16/40 loss=0.987706 elapsed=8.8s | cuda=632MiB allocated/5086MiB reserved
[2026-08-30T11:59:21+00:00] epoch 17/40 loss=1.051106 elapsed=9.4s | cuda=632MiB allocated/5086MiB reserved
[2026-08-30T11:59:22+00:00] epoch 18/40 loss=1.100281 elapsed=9.9s | cuda=632MiB allocated/5086MiB reserved
[2026-08-30T11:59:22+00:00] epoch 19/40 loss=1.161404 elapsed=10.4s | cuda=632MiB allocated/5086MiB reserved
[2026-08-30T11:59:23+00:00] epoch 20/40 loss=1.228633 elapsed=11.0s | cuda=632MiB allocated/5086MiB reserved
[2026-08-30T11:59:23+00:00] epoch 21/40 loss=1.278168 elapsed=11.6s | cuda=632MiB allocated/5086MiB reserved
[2026-08-30T11:59:24+00:00] epoch 22/40 loss=1.353670 elapsed=12.1s | cuda=632MiB allocated/5086MiB reserved
[2026-08-30T11:59:24+00:00] epoch 23/40 loss=1.419240 elapsed=12.7s | cuda=632MiB allocated/5086MiB reserved
[2026-08-30T11:59:25+00:00] epoch 24/40 loss=1.482508 elapsed=13.2s | cuda=632MiB allocated/5086MiB reserved
[2026-08-30T11:59:26+00:00] epoch 25/40 loss=1.570785 elapsed=13.8s | cuda=632MiB allocated/5086MiB reserved
[2026-08-30T11:59:26+00:00] epoch 26/40 loss=1.629673 elapsed=14.3s | cuda=632MiB allocated/5086MiB reserved
[2026-08-30T11:59:27+00:00] epoch 27/40 loss=1.715905 elapsed=14.9s | cuda=632MiB allocated/5086MiB reserved
[2026-08-30T11:59:27+00:00] epoch 28/40 loss=1.798925 elapsed=15.4s | cuda=632MiB allocated/5086MiB reserved
[2026-08-30T11:59:28+00:00] epoch 29/40 loss=1.886750 elapsed=15.9s | cuda=632MiB allocated/5086MiB reserved
[2026-08-30T11:59:28+00:00] epoch 30/40 loss=1.992037 elapsed=16.5s | cuda=632MiB allocated/5086MiB reserved
[2026-08-30T11:59:29+00:00] epoch 31/40 loss=2.051315 elapsed=17.0s | cuda=632MiB allocated/5086MiB reserved
[2026-08-30T11:59:29+00:00] epoch 32/40 loss=2.154637 elapsed=17.6s | cuda=632MiB allocated/5086MiB reserved
[2026-08-30T11:59:30+00:00] epoch 33/40 loss=2.219631 elapsed=18.1s | cuda=632MiB allocated/5086MiB reserved
[2026-08-30T11:59:30+00:00] epoch 34/40 loss=2.294865 elapsed=18.7s | cuda=632MiB allocated/5086MiB reserved
[2026-08-30T11:59:31+00:00] epoch 35/40 loss=2.406926 elapsed=19.2s | cuda=632MiB allocated/5086MiB reserved
[2026-08-30T11:59:32+00:00] epoch 36/40 loss=2.472438 elapsed=19.7s | cuda=632MiB allocated/5086MiB reserved
[2026-08-30T11:59:32+00:00] epoch 37/40 loss=2.544493 elapsed=20.3s | cuda=632MiB allocated/5086MiB reserved
[2026-08-30T11:59:33+00:00] epoch 38/40 loss=2.631255 elapsed=20.8s | cuda=632MiB allocated/5086MiB reserved
[2026-08-30T11:59:33+00:00] epoch 39/40 loss=2.684798 elapsed=21.4s | cuda=632MiB allocated/5086MiB reserved
[2026-08-30T11:59:34+00:00] epoch 40/40 loss=2.743728 elapsed=21.9s | cuda=632MiB allocated/5086MiB reserved
[2026-08-30T11:59:34+00:00] DONE ADAPTIVE_OOD | DG-Hetero-GNN | seed=2025 | F1=0.000000 | cuda=17MiB allocated/5086MiB reserved
[2026-08-30T11:59:34+00:00] START ADAPTIVE_OOD | DG-Hetero-GNN | seed=9999 | cuda=17MiB allocated/68MiB reserved
[2026-08-30T11:59:35+00:00] epoch 1/40 loss=0.944385 elapsed=0.6s | cuda=632MiB allocated/5084MiB reserved
[2026-08-30T11:59:36+00:00] epoch 2/40 loss=0.914891 elapsed=1.1s | cuda=632MiB allocated/5084MiB reserved
[2026-08-30T11:59:36+00:00] epoch 3/40 loss=0.883303 elapsed=1.6s | cuda=632MiB allocated/5084MiB reserved
[2026-08-30T11:59:37+00:00] epoch 4/40 loss=0.849003 elapsed=2.2s | cuda=632MiB allocated/5086MiB reserved
[2026-08-30T11:59:37+00:00] epoch 5/40 loss=0.819774 elapsed=2.7s | cuda=632MiB allocated/5086MiB reserved
[2026-08-30T11:59:38+00:00] epoch 6/40 loss=0.796916 elapsed=3.2s | cuda=632MiB allocated/5086MiB reserved
[2026-08-30T11:59:38+00:00] epoch 7/40 loss=0.773378 elapsed=3.8s | cuda=632MiB allocated/5086MiB reserved
[2026-08-30T11:59:39+00:00] epoch 8/40 loss=0.752490 elapsed=4.3s | cuda=632MiB allocated/5086MiB reserved
[2026-08-30T11:59:39+00:00] epoch 9/40 loss=0.745722 elapsed=4.8s | cuda=632MiB allocated/5086MiB reserved
[2026-08-30T11:59:40+00:00] epoch 10/40 loss=0.747552 elapsed=5.4s | cuda=632MiB allocated/5086MiB reserved
[2026-08-30T11:59:40+00:00] epoch 11/40 loss=0.756403 elapsed=5.9s | cuda=632MiB allocated/5086MiB reserved
[2026-08-30T11:59:41+00:00] epoch 12/40 loss=0.778120 elapsed=6.5s | cuda=632MiB allocated/5086MiB reserved
[2026-08-30T11:59:42+00:00] epoch 13/40 loss=0.806715 elapsed=7.0s | cuda=632MiB allocated/5086MiB reserved
[2026-08-30T11:59:42+00:00] epoch 14/40 loss=0.845033 elapsed=7.5s | cuda=632MiB allocated/5086MiB reserved
[2026-08-30T11:59:43+00:00] epoch 15/40 loss=0.886296 elapsed=8.1s | cuda=632MiB allocated/5086MiB reserved
[2026-08-30T11:59:43+00:00] epoch 16/40 loss=0.946624 elapsed=8.6s | cuda=632MiB allocated/5086MiB reserved
[2026-08-30T11:59:44+00:00] epoch 17/40 loss=0.999551 elapsed=9.2s | cuda=632MiB allocated/5086MiB reserved
[2026-08-30T11:59:44+00:00] epoch 18/40 loss=1.059016 elapsed=9.7s | cuda=632MiB allocated/5086MiB reserved
[2026-08-30T11:59:45+00:00] epoch 19/40 loss=1.117716 elapsed=10.3s | cuda=632MiB allocated/5086MiB reserved
[2026-08-30T11:59:45+00:00] epoch 20/40 loss=1.182467 elapsed=10.8s | cuda=632MiB allocated/5086MiB reserved
[2026-08-30T11:59:46+00:00] epoch 21/40 loss=1.250714 elapsed=11.4s | cuda=632MiB allocated/5086MiB reserved
[2026-08-30T11:59:46+00:00] epoch 22/40 loss=1.313976 elapsed=11.9s | cuda=632MiB allocated/5086MiB reserved
[2026-08-30T11:59:47+00:00] epoch 23/40 loss=1.384107 elapsed=12.5s | cuda=632MiB allocated/5086MiB reserved
[2026-08-30T11:59:48+00:00] epoch 24/40 loss=1.450967 elapsed=13.0s | cuda=632MiB allocated/5086MiB reserved
[2026-08-30T11:59:48+00:00] epoch 25/40 loss=1.529812 elapsed=13.6s | cuda=632MiB allocated/5086MiB reserved
[2026-08-30T11:59:49+00:00] epoch 26/40 loss=1.594303 elapsed=14.1s | cuda=632MiB allocated/5086MiB reserved
[2026-08-30T11:59:49+00:00] epoch 27/40 loss=1.671933 elapsed=14.7s | cuda=632MiB allocated/5086MiB reserved
[2026-08-30T11:59:50+00:00] epoch 28/40 loss=1.739748 elapsed=15.2s | cuda=632MiB allocated/5086MiB reserved
[2026-08-30T11:59:50+00:00] epoch 29/40 loss=1.812687 elapsed=15.7s | cuda=632MiB allocated/5086MiB reserved
[2026-08-30T11:59:51+00:00] epoch 30/40 loss=1.888160 elapsed=16.3s | cuda=632MiB allocated/5086MiB reserved
[2026-08-30T11:59:51+00:00] epoch 31/40 loss=1.939103 elapsed=16.8s | cuda=632MiB allocated/5086MiB reserved
[2026-08-30T11:59:52+00:00] epoch 32/40 loss=2.017509 elapsed=17.4s | cuda=632MiB allocated/5086MiB reserved
[2026-08-30T11:59:52+00:00] epoch 33/40 loss=2.091150 elapsed=17.9s | cuda=632MiB allocated/5086MiB reserved
[2026-08-30T11:59:53+00:00] epoch 34/40 loss=2.165099 elapsed=18.5s | cuda=632MiB allocated/5086MiB reserved
[2026-08-30T11:59:54+00:00] epoch 35/40 loss=2.248959 elapsed=19.0s | cuda=632MiB allocated/5086MiB reserved
[2026-08-30T11:59:54+00:00] epoch 36/40 loss=2.300349 elapsed=19.6s | cuda=632MiB allocated/5086MiB reserved
[2026-08-30T11:59:55+00:00] epoch 37/40 loss=2.381448 elapsed=20.1s | cuda=632MiB allocated/5086MiB reserved
[2026-08-30T11:59:55+00:00] epoch 38/40 loss=2.442720 elapsed=20.7s | cuda=632MiB allocated/5086MiB reserved
[2026-08-30T11:59:56+00:00] epoch 39/40 loss=2.525943 elapsed=21.2s | cuda=632MiB allocated/5086MiB reserved
[2026-08-30T11:59:56+00:00] epoch 40/40 loss=2.581946 elapsed=21.7s | cuda=632MiB allocated/5086MiB reserved
[2026-08-30T11:59:57+00:00] DONE ADAPTIVE_OOD | DG-Hetero-GNN | seed=9999 | F1=0.714286 | cuda=17MiB allocated/5086MiB reserved
[2026-08-30T11:59:57+00:00] START ABLATION_full | DG-Hetero-GNN | seed=42 | cuda=17MiB allocated/68MiB reserved
[2026-08-30T11:59:58+00:00] epoch 1/40 loss=0.917501 elapsed=0.6s | cuda=632MiB allocated/5084MiB reserved
[2026-08-30T11:59:58+00:00] epoch 2/40 loss=0.892093 elapsed=1.1s | cuda=632MiB allocated/5084MiB reserved
[2026-08-30T11:59:59+00:00] epoch 3/40 loss=0.873219 elapsed=1.6s | cuda=632MiB allocated/5084MiB reserved
[2026-08-30T11:59:59+00:00] epoch 4/40 loss=0.856554 elapsed=2.2s | cuda=632MiB allocated/5086MiB reserved
[2026-08-30T12:00:00+00:00] epoch 5/40 loss=0.839882 elapsed=2.7s | cuda=632MiB allocated/5086MiB reserved
[2026-08-30T12:00:00+00:00] epoch 6/40 loss=0.822931 elapsed=3.3s | cuda=632MiB allocated/5086MiB reserved
[2026-08-30T12:00:01+00:00] epoch 7/40 loss=0.802215 elapsed=3.8s | cuda=632MiB allocated/5086MiB reserved
[2026-08-30T12:00:01+00:00] epoch 8/40 loss=0.784153 elapsed=4.4s | cuda=632MiB allocated/5086MiB reserved
[2026-08-30T12:00:02+00:00] epoch 9/40 loss=0.760420 elapsed=4.9s | cuda=632MiB allocated/5086MiB reserved
[2026-08-30T12:00:02+00:00] epoch 10/40 loss=0.745536 elapsed=5.5s | cuda=632MiB allocated/5086MiB reserved
[2026-08-30T12:00:03+00:00] epoch 11/40 loss=0.728906 elapsed=6.0s | cuda=632MiB allocated/5086MiB reserved
[2026-08-30T12:00:04+00:00] epoch 12/40 loss=0.717764 elapsed=6.5s | cuda=632MiB allocated/5086MiB reserved
[2026-08-30T12:00:04+00:00] epoch 13/40 loss=0.711878 elapsed=7.1s | cuda=632MiB allocated/5086MiB reserved
[2026-08-30T12:00:05+00:00] epoch 14/40 loss=0.711657 elapsed=7.6s | cuda=632MiB allocated/5086MiB reserved
[2026-08-30T12:00:05+00:00] epoch 15/40 loss=0.718745 elapsed=8.2s | cuda=632MiB allocated/5086MiB reserved
[2026-08-30T12:00:06+00:00] epoch 16/40 loss=0.731331 elapsed=8.7s | cuda=632MiB allocated/5086MiB reserved
[2026-08-30T12:00:06+00:00] epoch 17/40 loss=0.750266 elapsed=9.3s | cuda=632MiB allocated/5086MiB reserved
[2026-08-30T12:00:07+00:00] epoch 18/40 loss=0.775551 elapsed=9.8s | cuda=632MiB allocated/5086MiB reserved
[2026-08-30T12:00:07+00:00] epoch 19/40 loss=0.811326 elapsed=10.4s | cuda=632MiB allocated/5086MiB reserved
[2026-08-30T12:00:08+00:00] epoch 20/40 loss=0.842985 elapsed=10.9s | cuda=632MiB allocated/5086MiB reserved
[2026-08-30T12:00:08+00:00] epoch 21/40 loss=0.875907 elapsed=11.4s | cuda=632MiB allocated/5086MiB reserved
[2026-08-30T12:00:09+00:00] epoch 22/40 loss=0.912166 elapsed=12.0s | cuda=632MiB allocated/5086MiB reserved
[2026-08-30T12:00:10+00:00] epoch 23/40 loss=0.944641 elapsed=12.6s | cuda=632MiB allocated/5086MiB reserved
[2026-08-30T12:00:10+00:00] epoch 24/40 loss=0.979139 elapsed=13.1s | cuda=632MiB allocated/5086MiB reserved
[2026-08-30T12:00:11+00:00] epoch 25/40 loss=1.011989 elapsed=13.6s | cuda=632MiB allocated/5086MiB reserved
[2026-08-30T12:00:11+00:00] epoch 26/40 loss=1.052028 elapsed=14.2s | cuda=632MiB allocated/5086MiB reserved
[2026-08-30T12:00:12+00:00] epoch 27/40 loss=1.098511 elapsed=14.7s | cuda=632MiB allocated/5086MiB reserved
[2026-08-30T12:00:12+00:00] epoch 28/40 loss=1.126237 elapsed=15.3s | cuda=632MiB allocated/5086MiB reserved
[2026-08-30T12:00:13+00:00] epoch 29/40 loss=1.175538 elapsed=15.8s | cuda=632MiB allocated/5086MiB reserved
[2026-08-30T12:00:13+00:00] epoch 30/40 loss=1.205425 elapsed=16.3s | cuda=632MiB allocated/5086MiB reserved
[2026-08-30T12:00:14+00:00] epoch 31/40 loss=1.233763 elapsed=16.9s | cuda=632MiB allocated/5086MiB reserved
[2026-08-30T12:00:14+00:00] epoch 32/40 loss=1.273380 elapsed=17.4s | cuda=632MiB allocated/5086MiB reserved
[2026-08-30T12:00:15+00:00] epoch 33/40 loss=1.314086 elapsed=18.0s | cuda=632MiB allocated/5086MiB reserved
[2026-08-30T12:00:16+00:00] epoch 34/40 loss=1.347451 elapsed=18.5s | cuda=632MiB allocated/5086MiB reserved
[2026-08-30T12:00:16+00:00] epoch 35/40 loss=1.372589 elapsed=19.1s | cuda=632MiB allocated/5086MiB reserved
[2026-08-30T12:00:17+00:00] epoch 36/40 loss=1.427037 elapsed=19.6s | cuda=632MiB allocated/5086MiB reserved
[2026-08-30T12:00:17+00:00] epoch 37/40 loss=1.464067 elapsed=20.2s | cuda=632MiB allocated/5086MiB reserved
[2026-08-30T12:00:18+00:00] epoch 38/40 loss=1.475817 elapsed=20.7s | cuda=632MiB allocated/5086MiB reserved
[2026-08-30T12:00:18+00:00] epoch 39/40 loss=1.532221 elapsed=21.3s | cuda=632MiB allocated/5086MiB reserved
[2026-08-30T12:00:19+00:00] epoch 40/40 loss=1.565543 elapsed=21.8s | cuda=632MiB allocated/5086MiB reserved
[2026-08-30T12:00:19+00:00] DONE ABLATION_full | DG-Hetero-GNN | seed=42 | F1=0.714286 | cuda=17MiB allocated/5086MiB reserved
[2026-08-30T12:00:19+00:00] START ABLATION_full | DG-Hetero-GNN | seed=123 | cuda=17MiB allocated/68MiB reserved
[2026-08-30T12:00:20+00:00] epoch 1/40 loss=1.028238 elapsed=0.6s | cuda=632MiB allocated/5084MiB reserved
[2026-08-30T12:00:21+00:00] epoch 2/40 loss=1.011632 elapsed=1.1s | cuda=632MiB allocated/5084MiB reserved
[2026-08-30T12:00:21+00:00] epoch 3/40 loss=1.004224 elapsed=1.7s | cuda=632MiB allocated/5084MiB reserved
[2026-08-30T12:00:22+00:00] epoch 4/40 loss=0.993541 elapsed=2.2s | cuda=632MiB allocated/5086MiB reserved
[2026-08-30T12:00:22+00:00] epoch 5/40 loss=0.989526 elapsed=2.7s | cuda=632MiB allocated/5086MiB reserved
[2026-08-30T12:00:23+00:00] epoch 6/40 loss=0.983448 elapsed=3.3s | cuda=632MiB allocated/5086MiB reserved
[2026-08-30T12:00:23+00:00] epoch 7/40 loss=0.978463 elapsed=3.8s | cuda=632MiB allocated/5086MiB reserved
[2026-08-30T12:00:24+00:00] epoch 8/40 loss=0.966905 elapsed=4.3s | cuda=632MiB allocated/5086MiB reserved
[2026-08-30T12:00:25+00:00] epoch 9/40 loss=0.964048 elapsed=4.9s | cuda=632MiB allocated/5086MiB reserved
[2026-08-30T12:00:25+00:00] epoch 10/40 loss=0.954420 elapsed=5.4s | cuda=632MiB allocated/5086MiB reserved
[2026-08-30T12:00:26+00:00] epoch 11/40 loss=0.946950 elapsed=6.0s | cuda=632MiB allocated/5086MiB reserved
[2026-08-30T12:00:26+00:00] epoch 12/40 loss=0.939077 elapsed=6.5s | cuda=632MiB allocated/5086MiB reserved
[2026-08-30T12:00:27+00:00] epoch 13/40 loss=0.935518 elapsed=7.1s | cuda=632MiB allocated/5086MiB reserved
[2026-08-30T12:00:27+00:00] epoch 14/40 loss=0.935734 elapsed=7.6s | cuda=632MiB allocated/5086MiB reserved
[2026-08-30T12:00:28+00:00] epoch 15/40 loss=0.932712 elapsed=8.2s | cuda=632MiB allocated/5086MiB reserved
[2026-08-30T12:00:28+00:00] epoch 16/40 loss=0.939986 elapsed=8.7s | cuda=632MiB allocated/5086MiB reserved
[2026-08-30T12:00:29+00:00] epoch 17/40 loss=0.938478 elapsed=9.3s | cuda=632MiB allocated/5086MiB reserved
[2026-08-30T12:00:29+00:00] epoch 18/40 loss=0.952388 elapsed=9.8s | cuda=632MiB allocated/5086MiB reserved
[2026-08-30T12:00:30+00:00] epoch 19/40 loss=0.973179 elapsed=10.4s | cuda=632MiB allocated/5086MiB reserved
[2026-08-30T12:00:31+00:00] epoch 20/40 loss=0.990598 elapsed=10.9s | cuda=632MiB allocated/5086MiB reserved
[2026-08-30T12:00:31+00:00] epoch 21/40 loss=1.009744 elapsed=11.4s | cuda=632MiB allocated/5086MiB reserved
[2026-08-30T12:00:32+00:00] epoch 22/40 loss=1.043524 elapsed=12.0s | cuda=632MiB allocated/5086MiB reserved
[2026-08-30T12:00:32+00:00] epoch 23/40 loss=1.074298 elapsed=12.5s | cuda=632MiB allocated/5086MiB reserved
[2026-08-30T12:00:33+00:00] epoch 24/40 loss=1.122800 elapsed=13.1s | cuda=632MiB allocated/5086MiB reserved
[2026-08-30T12:00:33+00:00] epoch 25/40 loss=1.164277 elapsed=13.6s | cuda=632MiB allocated/5086MiB reserved
[2026-08-30T12:00:34+00:00] epoch 26/40 loss=1.193261 elapsed=14.2s | cuda=632MiB allocated/5086MiB reserved
[2026-08-30T12:00:34+00:00] epoch 27/40 loss=1.256616 elapsed=14.7s | cuda=632MiB allocated/5086MiB reserved
[2026-08-30T12:00:35+00:00] epoch 28/40 loss=1.311148 elapsed=15.2s | cuda=632MiB allocated/5086MiB reserved
[2026-08-30T12:00:35+00:00] epoch 29/40 loss=1.362825 elapsed=15.8s | cuda=632MiB allocated/5086MiB reserved
[2026-08-30T12:00:36+00:00] epoch 30/40 loss=1.388101 elapsed=16.4s | cuda=632MiB allocated/5086MiB reserved
[2026-08-30T12:00:37+00:00] epoch 31/40 loss=1.460695 elapsed=16.9s | cuda=632MiB allocated/5086MiB reserved
[2026-08-30T12:00:37+00:00] epoch 32/40 loss=1.478240 elapsed=17.5s | cuda=632MiB allocated/5086MiB reserved
[2026-08-30T12:00:38+00:00] epoch 33/40 loss=1.574926 elapsed=18.0s | cuda=632MiB allocated/5086MiB reserved
[2026-08-30T12:00:38+00:00] epoch 34/40 loss=1.611391 elapsed=18.5s | cuda=632MiB allocated/5086MiB reserved
[2026-08-30T12:00:39+00:00] epoch 35/40 loss=1.644679 elapsed=19.1s | cuda=632MiB allocated/5086MiB reserved
[2026-08-30T12:00:39+00:00] epoch 36/40 loss=1.721632 elapsed=19.6s | cuda=632MiB allocated/5086MiB reserved
[2026-08-30T12:00:40+00:00] epoch 37/40 loss=1.793017 elapsed=20.1s | cuda=632MiB allocated/5086MiB reserved
[2026-08-30T12:00:40+00:00] epoch 38/40 loss=1.841502 elapsed=20.7s | cuda=632MiB allocated/5086MiB reserved
[2026-08-30T12:00:41+00:00] epoch 39/40 loss=1.916100 elapsed=21.2s | cuda=632MiB allocated/5086MiB reserved
[2026-08-30T12:00:41+00:00] epoch 40/40 loss=1.998236 elapsed=21.7s | cuda=632MiB allocated/5086MiB reserved
[2026-08-30T12:00:42+00:00] DONE ABLATION_full | DG-Hetero-GNN | seed=123 | F1=0.000000 | cuda=17MiB allocated/5086MiB reserved
[2026-08-30T12:00:42+00:00] START ABLATION_full | DG-Hetero-GNN | seed=3407 | cuda=17MiB allocated/68MiB reserved
[2026-08-30T12:00:43+00:00] epoch 1/40 loss=0.827927 elapsed=0.6s | cuda=632MiB allocated/5084MiB reserved
[2026-08-30T12:00:43+00:00] epoch 2/40 loss=0.805447 elapsed=1.1s | cuda=632MiB allocated/5084MiB reserved
[2026-08-30T12:00:44+00:00] epoch 3/40 loss=0.784456 elapsed=1.6s | cuda=632MiB allocated/5084MiB reserved
[2026-08-30T12:00:44+00:00] epoch 4/40 loss=0.762109 elapsed=2.2s | cuda=632MiB allocated/5086MiB reserved
[2026-08-30T12:00:45+00:00] epoch 5/40 loss=0.741468 elapsed=2.7s | cuda=632MiB allocated/5086MiB reserved
[2026-08-30T12:00:45+00:00] epoch 6/40 loss=0.720658 elapsed=3.3s | cuda=632MiB allocated/5086MiB reserved
[2026-08-30T12:00:46+00:00] epoch 7/40 loss=0.703495 elapsed=3.8s | cuda=632MiB allocated/5086MiB reserved
[2026-08-30T12:00:47+00:00] epoch 8/40 loss=0.690417 elapsed=4.3s | cuda=632MiB allocated/5086MiB reserved
[2026-08-30T12:00:47+00:00] epoch 9/40 loss=0.683752 elapsed=4.9s | cuda=632MiB allocated/5086MiB reserved
[2026-08-30T12:00:48+00:00] epoch 10/40 loss=0.681068 elapsed=5.4s | cuda=632MiB allocated/5086MiB reserved
[2026-08-30T12:00:48+00:00] epoch 11/40 loss=0.683113 elapsed=6.0s | cuda=632MiB allocated/5086MiB reserved
[2026-08-30T12:00:49+00:00] epoch 12/40 loss=0.690641 elapsed=6.5s | cuda=632MiB allocated/5086MiB reserved
[2026-08-30T12:00:49+00:00] epoch 13/40 loss=0.701617 elapsed=7.1s | cuda=632MiB allocated/5086MiB reserved
[2026-08-30T12:00:50+00:00] epoch 14/40 loss=0.716593 elapsed=7.6s | cuda=632MiB allocated/5086MiB reserved
[2026-08-30T12:00:50+00:00] epoch 15/40 loss=0.729224 elapsed=8.2s | cuda=632MiB allocated/5086MiB reserved
[2026-08-30T12:00:51+00:00] epoch 16/40 loss=0.745772 elapsed=8.7s | cuda=632MiB allocated/5086MiB reserved
[2026-08-30T12:00:51+00:00] epoch 17/40 loss=0.761994 elapsed=9.2s | cuda=632MiB allocated/5086MiB reserved
[2026-08-30T12:00:52+00:00] epoch 18/40 loss=0.777803 elapsed=9.8s | cuda=632MiB allocated/5086MiB reserved
[2026-08-30T12:00:53+00:00] epoch 19/40 loss=0.794156 elapsed=10.4s | cuda=632MiB allocated/5086MiB reserved
[2026-08-30T12:00:53+00:00] epoch 20/40 loss=0.809940 elapsed=10.9s | cuda=632MiB allocated/5086MiB reserved
[2026-08-30T12:00:54+00:00] epoch 21/40 loss=0.828641 elapsed=11.5s | cuda=632MiB allocated/5086MiB reserved
[2026-08-30T12:00:54+00:00] epoch 22/40 loss=0.845203 elapsed=12.0s | cuda=632MiB allocated/5086MiB reserved
[2026-08-30T12:00:55+00:00] epoch 23/40 loss=0.863292 elapsed=12.5s | cuda=632MiB allocated/5086MiB reserved
[2026-08-30T12:00:55+00:00] epoch 24/40 loss=0.885336 elapsed=13.1s | cuda=632MiB allocated/5086MiB reserved
[2026-08-30T12:00:56+00:00] epoch 25/40 loss=0.907219 elapsed=13.6s | cuda=632MiB allocated/5086MiB reserved
[2026-08-30T12:00:56+00:00] epoch 26/40 loss=0.930938 elapsed=14.1s | cuda=632MiB allocated/5086MiB reserved
[2026-08-30T12:00:57+00:00] epoch 27/40 loss=0.955225 elapsed=14.7s | cuda=632MiB allocated/5086MiB reserved
[2026-08-30T12:00:57+00:00] epoch 28/40 loss=0.986680 elapsed=15.2s | cuda=632MiB allocated/5086MiB reserved
[2026-08-30T12:00:58+00:00] epoch 29/40 loss=1.012264 elapsed=15.8s | cuda=632MiB allocated/5086MiB reserved
[2026-08-30T12:00:59+00:00] epoch 30/40 loss=1.038808 elapsed=16.3s | cuda=632MiB allocated/5086MiB reserved
[2026-08-30T12:00:59+00:00] epoch 31/40 loss=1.074399 elapsed=16.8s | cuda=632MiB allocated/5086MiB reserved
[2026-08-30T12:01:00+00:00] epoch 32/40 loss=1.105243 elapsed=17.4s | cuda=632MiB allocated/5086MiB reserved
[2026-08-30T12:01:00+00:00] epoch 33/40 loss=1.136936 elapsed=17.9s | cuda=632MiB allocated/5086MiB reserved
[2026-08-30T12:01:01+00:00] epoch 34/40 loss=1.180118 elapsed=18.5s | cuda=632MiB allocated/5086MiB reserved
[2026-08-30T12:01:01+00:00] epoch 35/40 loss=1.214574 elapsed=19.0s | cuda=632MiB allocated/5086MiB reserved
[2026-08-30T12:01:02+00:00] epoch 36/40 loss=1.258032 elapsed=19.6s | cuda=632MiB allocated/5086MiB reserved
[2026-08-30T12:01:02+00:00] epoch 37/40 loss=1.298905 elapsed=20.1s | cuda=632MiB allocated/5086MiB reserved
[2026-08-30T12:01:03+00:00] epoch 38/40 loss=1.355765 elapsed=20.7s | cuda=632MiB allocated/5086MiB reserved
[2026-08-30T12:01:03+00:00] epoch 39/40 loss=1.387982 elapsed=21.2s | cuda=632MiB allocated/5086MiB reserved
[2026-08-30T12:01:04+00:00] epoch 40/40 loss=1.444752 elapsed=21.8s | cuda=632MiB allocated/5086MiB reserved
[2026-08-30T12:01:04+00:00] DONE ABLATION_full | DG-Hetero-GNN | seed=3407 | F1=0.375000 | cuda=17MiB allocated/5086MiB reserved
[2026-08-30T12:01:04+00:00] START ABLATION_full | DG-Hetero-GNN | seed=2025 | cuda=17MiB allocated/68MiB reserved
[2026-08-30T12:01:05+00:00] epoch 1/40 loss=0.970604 elapsed=0.6s | cuda=632MiB allocated/5084MiB reserved
[2026-08-30T12:01:06+00:00] epoch 2/40 loss=0.953742 elapsed=1.1s | cuda=632MiB allocated/5084MiB reserved
[2026-08-30T12:01:06+00:00] epoch 3/40 loss=0.935448 elapsed=1.7s | cuda=632MiB allocated/5084MiB reserved
[2026-08-30T12:01:07+00:00] epoch 4/40 loss=0.915165 elapsed=2.2s | cuda=632MiB allocated/5086MiB reserved
[2026-08-30T12:01:07+00:00] epoch 5/40 loss=0.896909 elapsed=2.7s | cuda=632MiB allocated/5086MiB reserved
[2026-08-30T12:01:08+00:00] epoch 6/40 loss=0.879249 elapsed=3.3s | cuda=632MiB allocated/5086MiB reserved
[2026-08-30T12:01:09+00:00] epoch 7/40 loss=0.866025 elapsed=3.8s | cuda=632MiB allocated/5086MiB reserved
[2026-08-30T12:01:09+00:00] epoch 8/40 loss=0.854134 elapsed=4.4s | cuda=632MiB allocated/5086MiB reserved
[2026-08-30T12:01:10+00:00] epoch 9/40 loss=0.850819 elapsed=4.9s | cuda=632MiB allocated/5086MiB reserved
[2026-08-30T12:01:10+00:00] epoch 10/40 loss=0.850940 elapsed=5.5s | cuda=632MiB allocated/5086MiB reserved
[2026-08-30T12:01:11+00:00] epoch 11/40 loss=0.844483 elapsed=6.0s | cuda=632MiB allocated/5086MiB reserved
[2026-08-30T12:01:11+00:00] epoch 12/40 loss=0.871319 elapsed=6.5s | cuda=632MiB allocated/5086MiB reserved
[2026-08-30T12:01:12+00:00] epoch 13/40 loss=0.877774 elapsed=7.1s | cuda=632MiB allocated/5086MiB reserved
[2026-08-30T12:01:12+00:00] epoch 14/40 loss=0.915717 elapsed=7.6s | cuda=632MiB allocated/5086MiB reserved
[2026-08-30T12:01:13+00:00] epoch 15/40 loss=0.945218 elapsed=8.2s | cuda=632MiB allocated/5086MiB reserved
[2026-08-30T12:01:13+00:00] epoch 16/40 loss=0.987706 elapsed=8.7s | cuda=632MiB allocated/5086MiB reserved
[2026-08-30T12:01:14+00:00] epoch 17/40 loss=1.051106 elapsed=9.3s | cuda=632MiB allocated/5086MiB reserved
[2026-08-30T12:01:15+00:00] epoch 18/40 loss=1.100281 elapsed=9.8s | cuda=632MiB allocated/5086MiB reserved
[2026-08-30T12:01:15+00:00] epoch 19/40 loss=1.161404 elapsed=10.3s | cuda=632MiB allocated/5086MiB reserved
[2026-08-30T12:01:16+00:00] epoch 20/40 loss=1.228633 elapsed=10.9s | cuda=632MiB allocated/5086MiB reserved
[2026-08-30T12:01:16+00:00] epoch 21/40 loss=1.278168 elapsed=11.4s | cuda=632MiB allocated/5086MiB reserved
[2026-08-30T12:01:17+00:00] epoch 22/40 loss=1.353670 elapsed=12.0s | cuda=632MiB allocated/5086MiB reserved
[2026-08-30T12:01:17+00:00] epoch 23/40 loss=1.419240 elapsed=12.5s | cuda=632MiB allocated/5086MiB reserved
[2026-08-30T12:01:18+00:00] epoch 24/40 loss=1.482508 elapsed=13.1s | cuda=632MiB allocated/5086MiB reserved
[2026-08-30T12:01:18+00:00] epoch 25/40 loss=1.570785 elapsed=13.6s | cuda=632MiB allocated/5086MiB reserved
[2026-08-30T12:01:19+00:00] epoch 26/40 loss=1.629673 elapsed=14.2s | cuda=632MiB allocated/5086MiB reserved
[2026-08-30T12:01:19+00:00] epoch 27/40 loss=1.715905 elapsed=14.7s | cuda=632MiB allocated/5086MiB reserved
[2026-08-30T12:01:20+00:00] epoch 28/40 loss=1.798925 elapsed=15.3s | cuda=632MiB allocated/5086MiB reserved
[2026-08-30T12:01:21+00:00] epoch 29/40 loss=1.886750 elapsed=15.8s | cuda=632MiB allocated/5086MiB reserved
[2026-08-30T12:01:21+00:00] epoch 30/40 loss=1.992037 elapsed=16.3s | cuda=632MiB allocated/5086MiB reserved
[2026-08-30T12:01:22+00:00] epoch 31/40 loss=2.051315 elapsed=16.9s | cuda=632MiB allocated/5086MiB reserved
[2026-08-30T12:01:22+00:00] epoch 32/40 loss=2.154637 elapsed=17.4s | cuda=632MiB allocated/5086MiB reserved
[2026-08-30T12:01:23+00:00] epoch 33/40 loss=2.219631 elapsed=18.0s | cuda=632MiB allocated/5086MiB reserved
[2026-08-30T12:01:23+00:00] epoch 34/40 loss=2.294865 elapsed=18.5s | cuda=632MiB allocated/5086MiB reserved
[2026-08-30T12:01:24+00:00] epoch 35/40 loss=2.406926 elapsed=19.0s | cuda=632MiB allocated/5086MiB reserved
[2026-08-30T12:01:24+00:00] epoch 36/40 loss=2.472438 elapsed=19.6s | cuda=632MiB allocated/5086MiB reserved
[2026-08-30T12:01:25+00:00] epoch 37/40 loss=2.544493 elapsed=20.1s | cuda=632MiB allocated/5086MiB reserved
[2026-08-30T12:01:25+00:00] epoch 38/40 loss=2.631255 elapsed=20.7s | cuda=632MiB allocated/5086MiB reserved
[2026-08-30T12:01:26+00:00] epoch 39/40 loss=2.684798 elapsed=21.2s | cuda=632MiB allocated/5086MiB reserved
[2026-08-30T12:01:27+00:00] epoch 40/40 loss=2.743728 elapsed=21.8s | cuda=632MiB allocated/5086MiB reserved
[2026-08-30T12:01:27+00:00] DONE ABLATION_full | DG-Hetero-GNN | seed=2025 | F1=0.000000 | cuda=17MiB allocated/5086MiB reserved
[2026-08-30T12:01:27+00:00] START ABLATION_full | DG-Hetero-GNN | seed=9999 | cuda=17MiB allocated/68MiB reserved
[2026-08-30T12:01:28+00:00] epoch 1/40 loss=0.944385 elapsed=0.6s | cuda=632MiB allocated/5084MiB reserved
[2026-08-30T12:01:28+00:00] epoch 2/40 loss=0.914891 elapsed=1.1s | cuda=632MiB allocated/5084MiB reserved
[2026-08-30T12:01:29+00:00] epoch 3/40 loss=0.883303 elapsed=1.6s | cuda=632MiB allocated/5084MiB reserved
[2026-08-30T12:01:29+00:00] epoch 4/40 loss=0.849003 elapsed=2.2s | cuda=632MiB allocated/5086MiB reserved
[2026-08-30T12:01:30+00:00] epoch 5/40 loss=0.819774 elapsed=2.7s | cuda=632MiB allocated/5086MiB reserved
[2026-08-30T12:01:31+00:00] epoch 6/40 loss=0.796916 elapsed=3.3s | cuda=632MiB allocated/5086MiB reserved
[2026-08-30T12:01:31+00:00] epoch 7/40 loss=0.773378 elapsed=3.8s | cuda=632MiB allocated/5086MiB reserved
[2026-08-30T12:01:32+00:00] epoch 8/40 loss=0.752490 elapsed=4.4s | cuda=632MiB allocated/5086MiB reserved
[2026-08-30T12:01:32+00:00] epoch 9/40 loss=0.745722 elapsed=4.9s | cuda=632MiB allocated/5086MiB reserved
[2026-08-30T12:01:33+00:00] epoch 10/40 loss=0.747552 elapsed=5.5s | cuda=632MiB allocated/5086MiB reserved
[2026-08-30T12:01:33+00:00] epoch 11/40 loss=0.756403 elapsed=6.0s | cuda=632MiB allocated/5086MiB reserved
[2026-08-30T12:01:34+00:00] epoch 12/40 loss=0.778120 elapsed=6.6s | cuda=632MiB allocated/5086MiB reserved
[2026-08-30T12:01:34+00:00] epoch 13/40 loss=0.806715 elapsed=7.1s | cuda=632MiB allocated/5086MiB reserved
[2026-08-30T12:01:35+00:00] epoch 14/40 loss=0.845033 elapsed=7.7s | cuda=632MiB allocated/5086MiB reserved
[2026-08-30T12:01:36+00:00] epoch 15/40 loss=0.886296 elapsed=8.2s | cuda=632MiB allocated/5086MiB reserved
[2026-08-30T12:01:36+00:00] epoch 16/40 loss=0.946624 elapsed=8.8s | cuda=632MiB allocated/5086MiB reserved
[2026-08-30T12:01:37+00:00] epoch 17/40 loss=0.999551 elapsed=9.3s | cuda=632MiB allocated/5086MiB reserved
[2026-08-30T12:01:37+00:00] epoch 18/40 loss=1.059016 elapsed=9.9s | cuda=632MiB allocated/5086MiB reserved
[2026-08-30T12:01:38+00:00] epoch 19/40 loss=1.117716 elapsed=10.4s | cuda=632MiB allocated/5086MiB reserved
[2026-08-30T12:01:38+00:00] epoch 20/40 loss=1.182467 elapsed=11.0s | cuda=632MiB allocated/5086MiB reserved
[2026-08-30T12:01:39+00:00] epoch 21/40 loss=1.250714 elapsed=11.6s | cuda=632MiB allocated/5086MiB reserved
[2026-08-30T12:01:39+00:00] epoch 22/40 loss=1.313976 elapsed=12.1s | cuda=632MiB allocated/5086MiB reserved
[2026-08-30T12:01:40+00:00] epoch 23/40 loss=1.384107 elapsed=12.6s | cuda=632MiB allocated/5086MiB reserved
[2026-08-30T12:01:40+00:00] epoch 24/40 loss=1.450967 elapsed=13.2s | cuda=632MiB allocated/5086MiB reserved
[2026-08-30T12:01:41+00:00] epoch 25/40 loss=1.529812 elapsed=13.7s | cuda=632MiB allocated/5086MiB reserved
[2026-08-30T12:01:42+00:00] epoch 26/40 loss=1.594303 elapsed=14.3s | cuda=632MiB allocated/5086MiB reserved
[2026-08-30T12:01:42+00:00] epoch 27/40 loss=1.671933 elapsed=14.8s | cuda=632MiB allocated/5086MiB reserved
[2026-08-30T12:01:43+00:00] epoch 28/40 loss=1.739748 elapsed=15.4s | cuda=632MiB allocated/5086MiB reserved
[2026-08-30T12:01:43+00:00] epoch 29/40 loss=1.812687 elapsed=15.9s | cuda=632MiB allocated/5086MiB reserved
[2026-08-30T12:01:44+00:00] epoch 30/40 loss=1.888160 elapsed=16.5s | cuda=632MiB allocated/5086MiB reserved
[2026-08-30T12:01:44+00:00] epoch 31/40 loss=1.939103 elapsed=17.0s | cuda=632MiB allocated/5086MiB reserved
[2026-08-30T12:01:45+00:00] epoch 32/40 loss=2.017509 elapsed=17.6s | cuda=632MiB allocated/5086MiB reserved
[2026-08-30T12:01:45+00:00] epoch 33/40 loss=2.091150 elapsed=18.1s | cuda=632MiB allocated/5086MiB reserved
[2026-08-30T12:01:46+00:00] epoch 34/40 loss=2.165099 elapsed=18.7s | cuda=632MiB allocated/5086MiB reserved
[2026-08-30T12:01:46+00:00] epoch 35/40 loss=2.248959 elapsed=19.2s | cuda=632MiB allocated/5086MiB reserved
[2026-08-30T12:01:47+00:00] epoch 36/40 loss=2.300349 elapsed=19.8s | cuda=632MiB allocated/5086MiB reserved
[2026-08-30T12:01:48+00:00] epoch 37/40 loss=2.381448 elapsed=20.3s | cuda=632MiB allocated/5086MiB reserved
[2026-08-30T12:01:48+00:00] epoch 38/40 loss=2.442720 elapsed=20.9s | cuda=632MiB allocated/5086MiB reserved
[2026-08-30T12:01:49+00:00] epoch 39/40 loss=2.525943 elapsed=21.4s | cuda=632MiB allocated/5086MiB reserved
[2026-08-30T12:01:49+00:00] epoch 40/40 loss=2.581946 elapsed=21.9s | cuda=632MiB allocated/5086MiB reserved
[2026-08-30T12:01:50+00:00] DONE ABLATION_full | DG-Hetero-GNN | seed=9999 | F1=0.714286 | cuda=17MiB allocated/5086MiB reserved
[2026-08-30T12:01:50+00:00] START ABLATION_without_type_projection | DG-Hetero-GNN | seed=42 | cuda=17MiB allocated/68MiB reserved
[2026-08-30T12:01:51+00:00] epoch 1/40 loss=0.775831 elapsed=0.5s | cuda=634MiB allocated/5740MiB reserved
[2026-08-30T12:01:51+00:00] epoch 2/40 loss=0.760365 elapsed=1.1s | cuda=635MiB allocated/5740MiB reserved
[2026-08-30T12:01:52+00:00] epoch 3/40 loss=0.745861 elapsed=1.6s | cuda=635MiB allocated/5740MiB reserved
[2026-08-30T12:01:52+00:00] epoch 4/40 loss=0.731484 elapsed=2.1s | cuda=635MiB allocated/5740MiB reserved
[2026-08-30T12:01:53+00:00] epoch 5/40 loss=0.721842 elapsed=2.7s | cuda=635MiB allocated/5740MiB reserved
[2026-08-30T12:01:53+00:00] epoch 6/40 loss=0.710052 elapsed=3.2s | cuda=635MiB allocated/5740MiB reserved
[2026-08-30T12:01:54+00:00] epoch 7/40 loss=0.698792 elapsed=3.7s | cuda=635MiB allocated/5740MiB reserved
[2026-08-30T12:01:54+00:00] epoch 8/40 loss=0.688947 elapsed=4.2s | cuda=635MiB allocated/5740MiB reserved
[2026-08-30T12:01:55+00:00] epoch 9/40 loss=0.680587 elapsed=4.8s | cuda=635MiB allocated/5740MiB reserved
[2026-08-30T12:01:55+00:00] epoch 10/40 loss=0.672949 elapsed=5.3s | cuda=635MiB allocated/5740MiB reserved
[2026-08-30T12:01:56+00:00] epoch 11/40 loss=0.665589 elapsed=5.8s | cuda=635MiB allocated/5740MiB reserved
[2026-08-30T12:01:56+00:00] epoch 12/40 loss=0.666036 elapsed=6.3s | cuda=635MiB allocated/5740MiB reserved
[2026-08-30T12:01:57+00:00] epoch 13/40 loss=0.669901 elapsed=6.9s | cuda=635MiB allocated/5740MiB reserved
[2026-08-30T12:01:57+00:00] epoch 14/40 loss=0.678517 elapsed=7.4s | cuda=635MiB allocated/5740MiB reserved
[2026-08-30T12:01:58+00:00] epoch 15/40 loss=0.695585 elapsed=7.9s | cuda=635MiB allocated/5740MiB reserved
[2026-08-30T12:01:59+00:00] epoch 16/40 loss=0.716519 elapsed=8.5s | cuda=635MiB allocated/5740MiB reserved
[2026-08-30T12:01:59+00:00] epoch 17/40 loss=0.745266 elapsed=9.0s | cuda=635MiB allocated/5740MiB reserved
[2026-08-30T12:02:00+00:00] epoch 18/40 loss=0.794210 elapsed=9.5s | cuda=635MiB allocated/5740MiB reserved
[2026-08-30T12:02:00+00:00] epoch 19/40 loss=0.836491 elapsed=10.1s | cuda=635MiB allocated/5740MiB reserved
[2026-08-30T12:02:01+00:00] epoch 20/40 loss=0.899068 elapsed=10.6s | cuda=635MiB allocated/5740MiB reserved
[2026-08-30T12:02:01+00:00] epoch 21/40 loss=0.958988 elapsed=11.1s | cuda=635MiB allocated/5740MiB reserved
[2026-08-30T12:02:02+00:00] epoch 22/40 loss=1.026489 elapsed=11.7s | cuda=635MiB allocated/5740MiB reserved
[2026-08-30T12:02:02+00:00] epoch 23/40 loss=1.099914 elapsed=12.2s | cuda=635MiB allocated/5740MiB reserved
[2026-08-30T12:02:03+00:00] epoch 24/40 loss=1.172509 elapsed=12.7s | cuda=635MiB allocated/5740MiB reserved
[2026-08-30T12:02:03+00:00] epoch 25/40 loss=1.247560 elapsed=13.2s | cuda=635MiB allocated/5740MiB reserved
[2026-08-30T12:02:04+00:00] epoch 26/40 loss=1.338574 elapsed=13.8s | cuda=635MiB allocated/5740MiB reserved
[2026-08-30T12:02:04+00:00] epoch 27/40 loss=1.414943 elapsed=14.3s | cuda=635MiB allocated/5740MiB reserved
[2026-08-30T12:02:05+00:00] epoch 28/40 loss=1.494354 elapsed=14.8s | cuda=635MiB allocated/5740MiB reserved
[2026-08-30T12:02:05+00:00] epoch 29/40 loss=1.576834 elapsed=15.3s | cuda=635MiB allocated/5740MiB reserved
[2026-08-30T12:02:06+00:00] epoch 30/40 loss=1.657387 elapsed=15.9s | cuda=635MiB allocated/5740MiB reserved
[2026-08-30T12:02:06+00:00] epoch 31/40 loss=1.741600 elapsed=16.4s | cuda=635MiB allocated/5740MiB reserved
[2026-08-30T12:02:07+00:00] epoch 32/40 loss=1.826099 elapsed=16.9s | cuda=635MiB allocated/5740MiB reserved
[2026-08-30T12:02:07+00:00] epoch 33/40 loss=1.900281 elapsed=17.5s | cuda=635MiB allocated/5740MiB reserved
[2026-08-30T12:02:08+00:00] epoch 34/40 loss=1.973890 elapsed=18.0s | cuda=635MiB allocated/5740MiB reserved
[2026-08-30T12:02:09+00:00] epoch 35/40 loss=2.070624 elapsed=18.5s | cuda=635MiB allocated/5740MiB reserved
[2026-08-30T12:02:09+00:00] epoch 36/40 loss=2.137774 elapsed=19.0s | cuda=635MiB allocated/5740MiB reserved
[2026-08-30T12:02:10+00:00] epoch 37/40 loss=2.221590 elapsed=19.5s | cuda=635MiB allocated/5740MiB reserved
[2026-08-30T12:02:10+00:00] epoch 38/40 loss=2.310378 elapsed=20.1s | cuda=635MiB allocated/5740MiB reserved
[2026-08-30T12:02:11+00:00] epoch 39/40 loss=2.399697 elapsed=20.6s | cuda=635MiB allocated/5740MiB reserved
[2026-08-30T12:02:11+00:00] epoch 40/40 loss=2.498062 elapsed=21.1s | cuda=635MiB allocated/5740MiB reserved
[2026-08-30T12:02:12+00:00] DONE ABLATION_without_type_projection | DG-Hetero-GNN | seed=42 | F1=0.714286 | cuda=17MiB allocated/5740MiB reserved
[2026-08-30T12:02:12+00:00] START ABLATION_without_type_projection | DG-Hetero-GNN | seed=123 | cuda=17MiB allocated/68MiB reserved
[2026-08-30T12:02:12+00:00] epoch 1/40 loss=0.628892 elapsed=0.6s | cuda=634MiB allocated/5740MiB reserved
[2026-08-30T12:02:13+00:00] epoch 2/40 loss=0.616890 elapsed=1.1s | cuda=635MiB allocated/5740MiB reserved
[2026-08-30T12:02:14+00:00] epoch 3/40 loss=0.605904 elapsed=1.6s | cuda=635MiB allocated/5740MiB reserved
[2026-08-30T12:02:14+00:00] epoch 4/40 loss=0.594647 elapsed=2.1s | cuda=635MiB allocated/5740MiB reserved
[2026-08-30T12:02:15+00:00] epoch 5/40 loss=0.582734 elapsed=2.7s | cuda=635MiB allocated/5740MiB reserved
[2026-08-30T12:02:15+00:00] epoch 6/40 loss=0.570840 elapsed=3.2s | cuda=635MiB allocated/5740MiB reserved
[2026-08-30T12:02:16+00:00] epoch 7/40 loss=0.558568 elapsed=3.7s | cuda=635MiB allocated/5740MiB reserved
[2026-08-30T12:02:16+00:00] epoch 8/40 loss=0.548063 elapsed=4.2s | cuda=635MiB allocated/5740MiB reserved
[2026-08-30T12:02:17+00:00] epoch 9/40 loss=0.538651 elapsed=4.8s | cuda=635MiB allocated/5740MiB reserved
[2026-08-30T12:02:17+00:00] epoch 10/40 loss=0.532455 elapsed=5.3s | cuda=635MiB allocated/5740MiB reserved
[2026-08-30T12:02:18+00:00] epoch 11/40 loss=0.530213 elapsed=5.8s | cuda=635MiB allocated/5740MiB reserved
[2026-08-30T12:02:18+00:00] epoch 12/40 loss=0.534949 elapsed=6.3s | cuda=635MiB allocated/5740MiB reserved
[2026-08-30T12:02:19+00:00] epoch 13/40 loss=0.543642 elapsed=6.9s | cuda=635MiB allocated/5740MiB reserved
[2026-08-30T12:02:19+00:00] epoch 14/40 loss=0.560736 elapsed=7.4s | cuda=635MiB allocated/5740MiB reserved
[2026-08-30T12:02:20+00:00] epoch 15/40 loss=0.586245 elapsed=7.9s | cuda=635MiB allocated/5740MiB reserved
[2026-08-30T12:02:20+00:00] epoch 16/40 loss=0.615804 elapsed=8.4s | cuda=635MiB allocated/5740MiB reserved
[2026-08-30T12:02:21+00:00] epoch 17/40 loss=0.656483 elapsed=9.0s | cuda=635MiB allocated/5740MiB reserved
[2026-08-30T12:02:21+00:00] epoch 18/40 loss=0.699221 elapsed=9.5s | cuda=635MiB allocated/5740MiB reserved
[2026-08-30T12:02:22+00:00] epoch 19/40 loss=0.746113 elapsed=10.0s | cuda=635MiB allocated/5740MiB reserved
[2026-08-30T12:02:22+00:00] epoch 20/40 loss=0.798790 elapsed=10.6s | cuda=635MiB allocated/5740MiB reserved
[2026-08-30T12:02:23+00:00] epoch 21/40 loss=0.859993 elapsed=11.1s | cuda=635MiB allocated/5740MiB reserved
[2026-08-30T12:02:24+00:00] epoch 22/40 loss=0.918560 elapsed=11.6s | cuda=635MiB allocated/5740MiB reserved
[2026-08-30T12:02:24+00:00] epoch 23/40 loss=0.974892 elapsed=12.1s | cuda=635MiB allocated/5740MiB reserved
[2026-08-30T12:02:25+00:00] epoch 24/40 loss=1.045222 elapsed=12.7s | cuda=635MiB allocated/5740MiB reserved
[2026-08-30T12:02:25+00:00] epoch 25/40 loss=1.109817 elapsed=13.2s | cuda=635MiB allocated/5740MiB reserved
[2026-08-30T12:02:26+00:00] epoch 26/40 loss=1.185012 elapsed=13.7s | cuda=635MiB allocated/5740MiB reserved
[2026-08-30T12:02:26+00:00] epoch 27/40 loss=1.249350 elapsed=14.2s | cuda=635MiB allocated/5740MiB reserved
[2026-08-30T12:02:27+00:00] epoch 28/40 loss=1.323926 elapsed=14.8s | cuda=635MiB allocated/5740MiB reserved
[2026-08-30T12:02:27+00:00] epoch 29/40 loss=1.393762 elapsed=15.3s | cuda=635MiB allocated/5740MiB reserved
[2026-08-30T12:02:28+00:00] epoch 30/40 loss=1.457732 elapsed=15.8s | cuda=635MiB allocated/5740MiB reserved
[2026-08-30T12:02:28+00:00] epoch 31/40 loss=1.529625 elapsed=16.3s | cuda=635MiB allocated/5740MiB reserved
[2026-08-30T12:02:29+00:00] epoch 32/40 loss=1.597641 elapsed=16.9s | cuda=635MiB allocated/5740MiB reserved
[2026-08-30T12:02:29+00:00] epoch 33/40 loss=1.661099 elapsed=17.4s | cuda=635MiB allocated/5740MiB reserved
[2026-08-30T12:02:30+00:00] epoch 34/40 loss=1.724206 elapsed=17.9s | cuda=635MiB allocated/5740MiB reserved
[2026-08-30T12:02:30+00:00] epoch 35/40 loss=1.791125 elapsed=18.4s | cuda=635MiB allocated/5740MiB reserved
[2026-08-30T12:02:31+00:00] epoch 36/40 loss=1.858075 elapsed=19.0s | cuda=635MiB allocated/5740MiB reserved
[2026-08-30T12:02:31+00:00] epoch 37/40 loss=1.918797 elapsed=19.5s | cuda=635MiB allocated/5740MiB reserved
[2026-08-30T12:02:32+00:00] epoch 38/40 loss=1.972631 elapsed=20.0s | cuda=635MiB allocated/5740MiB reserved
[2026-08-30T12:02:32+00:00] epoch 39/40 loss=2.038644 elapsed=20.5s | cuda=635MiB allocated/5740MiB reserved
[2026-08-30T12:02:33+00:00] epoch 40/40 loss=2.084525 elapsed=21.1s | cuda=635MiB allocated/5740MiB reserved
[2026-08-30T12:02:33+00:00] DONE ABLATION_without_type_projection | DG-Hetero-GNN | seed=123 | F1=0.666667 | cuda=17MiB allocated/5740MiB reserved
[2026-08-30T12:02:33+00:00] START ABLATION_without_type_projection | DG-Hetero-GNN | seed=3407 | cuda=17MiB allocated/68MiB reserved
[2026-08-30T12:02:34+00:00] epoch 1/40 loss=0.740966 elapsed=0.5s | cuda=634MiB allocated/5740MiB reserved
[2026-08-30T12:02:35+00:00] epoch 2/40 loss=0.729336 elapsed=1.1s | cuda=635MiB allocated/5740MiB reserved
[2026-08-30T12:02:35+00:00] epoch 3/40 loss=0.713375 elapsed=1.6s | cuda=635MiB allocated/5740MiB reserved
[2026-08-30T12:02:36+00:00] epoch 4/40 loss=0.693424 elapsed=2.1s | cuda=635MiB allocated/5740MiB reserved
[2026-08-30T12:02:36+00:00] epoch 5/40 loss=0.671332 elapsed=2.6s | cuda=635MiB allocated/5740MiB reserved
[2026-08-30T12:02:37+00:00] epoch 6/40 loss=0.643305 elapsed=3.1s | cuda=635MiB allocated/5740MiB reserved
[2026-08-30T12:02:37+00:00] epoch 7/40 loss=0.613901 elapsed=3.7s | cuda=635MiB allocated/5740MiB reserved
[2026-08-30T12:02:38+00:00] epoch 8/40 loss=0.583133 elapsed=4.2s | cuda=635MiB allocated/5740MiB reserved
[2026-08-30T12:02:38+00:00] epoch 9/40 loss=0.550831 elapsed=4.7s | cuda=635MiB allocated/5740MiB reserved
[2026-08-30T12:02:39+00:00] epoch 10/40 loss=0.519758 elapsed=5.2s | cuda=635MiB allocated/5740MiB reserved
[2026-08-30T12:02:39+00:00] epoch 11/40 loss=0.491122 elapsed=5.7s | cuda=635MiB allocated/5740MiB reserved
[2026-08-30T12:02:40+00:00] epoch 12/40 loss=0.465984 elapsed=6.3s | cuda=635MiB allocated/5740MiB reserved
[2026-08-30T12:02:41+00:00] epoch 13/40 loss=0.446567 elapsed=6.8s | cuda=635MiB allocated/5740MiB reserved
[2026-08-30T12:02:41+00:00] epoch 14/40 loss=0.433021 elapsed=7.3s | cuda=635MiB allocated/5740MiB reserved
[2026-08-30T12:02:42+00:00] epoch 15/40 loss=0.426504 elapsed=7.8s | cuda=635MiB allocated/5740MiB reserved
[2026-08-30T12:02:42+00:00] epoch 16/40 loss=0.426369 elapsed=8.4s | cuda=635MiB allocated/5740MiB reserved
[2026-08-30T12:02:43+00:00] epoch 17/40 loss=0.430983 elapsed=8.9s | cuda=635MiB allocated/5740MiB reserved
[2026-08-30T12:02:43+00:00] epoch 18/40 loss=0.439025 elapsed=9.4s | cuda=635MiB allocated/5740MiB reserved
[2026-08-30T12:02:44+00:00] epoch 19/40 loss=0.448754 elapsed=9.9s | cuda=635MiB allocated/5740MiB reserved
[2026-08-30T12:02:44+00:00] epoch 20/40 loss=0.460194 elapsed=10.5s | cuda=635MiB allocated/5740MiB reserved
[2026-08-30T12:02:45+00:00] epoch 21/40 loss=0.470325 elapsed=11.0s | cuda=635MiB allocated/5740MiB reserved
[2026-08-30T12:02:45+00:00] epoch 22/40 loss=0.479337 elapsed=11.5s | cuda=635MiB allocated/5740MiB reserved
[2026-08-30T12:02:46+00:00] epoch 23/40 loss=0.488245 elapsed=12.0s | cuda=635MiB allocated/5740MiB reserved
[2026-08-30T12:02:46+00:00] epoch 24/40 loss=0.493485 elapsed=12.6s | cuda=635MiB allocated/5740MiB reserved
[2026-08-30T12:02:47+00:00] epoch 25/40 loss=0.501901 elapsed=13.1s | cuda=635MiB allocated/5740MiB reserved
[2026-08-30T12:02:47+00:00] epoch 26/40 loss=0.507808 elapsed=13.6s | cuda=635MiB allocated/5740MiB reserved
[2026-08-30T12:02:48+00:00] epoch 27/40 loss=0.513485 elapsed=14.1s | cuda=635MiB allocated/5740MiB reserved
[2026-08-30T12:02:48+00:00] epoch 28/40 loss=0.520536 elapsed=14.7s | cuda=635MiB allocated/5740MiB reserved
[2026-08-30T12:02:49+00:00] epoch 29/40 loss=0.526039 elapsed=15.2s | cuda=635MiB allocated/5740MiB reserved
[2026-08-30T12:02:49+00:00] epoch 30/40 loss=0.535111 elapsed=15.7s | cuda=635MiB allocated/5740MiB reserved
[2026-08-30T12:02:50+00:00] epoch 31/40 loss=0.545465 elapsed=16.2s | cuda=635MiB allocated/5740MiB reserved
[2026-08-30T12:02:51+00:00] epoch 32/40 loss=0.557668 elapsed=16.8s | cuda=635MiB allocated/5740MiB reserved
[2026-08-30T12:02:51+00:00] epoch 33/40 loss=0.570797 elapsed=17.3s | cuda=635MiB allocated/5740MiB reserved
[2026-08-30T12:02:52+00:00] epoch 34/40 loss=0.586102 elapsed=17.8s | cuda=635MiB allocated/5740MiB reserved
[2026-08-30T12:02:52+00:00] epoch 35/40 loss=0.604931 elapsed=18.3s | cuda=635MiB allocated/5740MiB reserved
[2026-08-30T12:02:53+00:00] epoch 36/40 loss=0.624397 elapsed=18.9s | cuda=635MiB allocated/5740MiB reserved
[2026-08-30T12:02:53+00:00] epoch 37/40 loss=0.644672 elapsed=19.4s | cuda=635MiB allocated/5740MiB reserved
[2026-08-30T12:02:54+00:00] epoch 38/40 loss=0.665050 elapsed=19.9s | cuda=635MiB allocated/5740MiB reserved
[2026-08-30T12:02:54+00:00] epoch 39/40 loss=0.683301 elapsed=20.4s | cuda=635MiB allocated/5740MiB reserved
[2026-08-30T12:02:55+00:00] epoch 40/40 loss=0.707931 elapsed=21.0s | cuda=635MiB allocated/5740MiB reserved
[2026-08-30T12:02:55+00:00] DONE ABLATION_without_type_projection | DG-Hetero-GNN | seed=3407 | F1=0.129032 | cuda=17MiB allocated/5740MiB reserved
[2026-08-30T12:02:55+00:00] START ABLATION_without_type_projection | DG-Hetero-GNN | seed=2025 | cuda=17MiB allocated/68MiB reserved
[2026-08-30T12:02:56+00:00] epoch 1/40 loss=0.697079 elapsed=0.5s | cuda=634MiB allocated/5740MiB reserved
[2026-08-30T12:02:57+00:00] epoch 2/40 loss=0.685999 elapsed=1.1s | cuda=635MiB allocated/5740MiB reserved
[2026-08-30T12:02:57+00:00] epoch 3/40 loss=0.673748 elapsed=1.6s | cuda=635MiB allocated/5740MiB reserved
[2026-08-30T12:02:58+00:00] epoch 4/40 loss=0.660978 elapsed=2.1s | cuda=635MiB allocated/5740MiB reserved
[2026-08-30T12:02:58+00:00] epoch 5/40 loss=0.647254 elapsed=2.7s | cuda=635MiB allocated/5740MiB reserved
[2026-08-30T12:02:59+00:00] epoch 6/40 loss=0.633178 elapsed=3.2s | cuda=635MiB allocated/5740MiB reserved
[2026-08-30T12:02:59+00:00] epoch 7/40 loss=0.616981 elapsed=3.7s | cuda=635MiB allocated/5740MiB reserved
[2026-08-30T12:03:00+00:00] epoch 8/40 loss=0.600476 elapsed=4.2s | cuda=635MiB allocated/5740MiB reserved
[2026-08-30T12:03:00+00:00] epoch 9/40 loss=0.584877 elapsed=4.8s | cuda=635MiB allocated/5740MiB reserved
[2026-08-30T12:03:01+00:00] epoch 10/40 loss=0.568058 elapsed=5.3s | cuda=635MiB allocated/5740MiB reserved
[2026-08-30T12:03:01+00:00] epoch 11/40 loss=0.556066 elapsed=5.8s | cuda=635MiB allocated/5740MiB reserved
[2026-08-30T12:03:02+00:00] epoch 12/40 loss=0.545742 elapsed=6.3s | cuda=635MiB allocated/5740MiB reserved
[2026-08-30T12:03:02+00:00] epoch 13/40 loss=0.543028 elapsed=6.9s | cuda=635MiB allocated/5740MiB reserved
[2026-08-30T12:03:03+00:00] epoch 14/40 loss=0.545574 elapsed=7.4s | cuda=635MiB allocated/5740MiB reserved
[2026-08-30T12:03:03+00:00] epoch 15/40 loss=0.557897 elapsed=7.9s | cuda=635MiB allocated/5740MiB reserved
[2026-08-30T12:03:04+00:00] epoch 16/40 loss=0.576088 elapsed=8.5s | cuda=635MiB allocated/5740MiB reserved
[2026-08-30T12:03:04+00:00] epoch 17/40 loss=0.600484 elapsed=9.0s | cuda=635MiB allocated/5740MiB reserved
[2026-08-30T12:03:05+00:00] epoch 18/40 loss=0.633970 elapsed=9.5s | cuda=635MiB allocated/5740MiB reserved
[2026-08-30T12:03:06+00:00] epoch 19/40 loss=0.669997 elapsed=10.1s | cuda=635MiB allocated/5740MiB reserved
[2026-08-30T12:03:06+00:00] epoch 20/40 loss=0.707101 elapsed=10.6s | cuda=635MiB allocated/5740MiB reserved
[2026-08-30T12:03:07+00:00] epoch 21/40 loss=0.750101 elapsed=11.1s | cuda=635MiB allocated/5740MiB reserved
[2026-08-30T12:03:07+00:00] epoch 22/40 loss=0.790982 elapsed=11.6s | cuda=635MiB allocated/5740MiB reserved
[2026-08-30T12:03:08+00:00] epoch 23/40 loss=0.833536 elapsed=12.2s | cuda=635MiB allocated/5740MiB reserved
[2026-08-30T12:03:08+00:00] epoch 24/40 loss=0.876842 elapsed=12.7s | cuda=635MiB allocated/5740MiB reserved
[2026-08-30T12:03:09+00:00] epoch 25/40 loss=0.917679 elapsed=13.2s | cuda=635MiB allocated/5740MiB reserved
[2026-08-30T12:03:09+00:00] epoch 26/40 loss=0.961276 elapsed=13.7s | cuda=635MiB allocated/5740MiB reserved
[2026-08-30T12:03:10+00:00] epoch 27/40 loss=1.003511 elapsed=14.3s | cuda=635MiB allocated/5740MiB reserved
[2026-08-30T12:03:10+00:00] epoch 28/40 loss=1.046315 elapsed=14.8s | cuda=635MiB allocated/5740MiB reserved
[2026-08-30T12:03:11+00:00] epoch 29/40 loss=1.084748 elapsed=15.3s | cuda=635MiB allocated/5740MiB reserved
[2026-08-30T12:03:11+00:00] epoch 30/40 loss=1.127856 elapsed=15.9s | cuda=635MiB allocated/5740MiB reserved
[2026-08-30T12:03:12+00:00] epoch 31/40 loss=1.170998 elapsed=16.4s | cuda=635MiB allocated/5740MiB reserved
[2026-08-30T12:03:12+00:00] epoch 32/40 loss=1.212741 elapsed=16.9s | cuda=635MiB allocated/5740MiB reserved
[2026-08-30T12:03:13+00:00] epoch 33/40 loss=1.254815 elapsed=17.4s | cuda=635MiB allocated/5740MiB reserved
[2026-08-30T12:03:13+00:00] epoch 34/40 loss=1.302932 elapsed=18.0s | cuda=635MiB allocated/5740MiB reserved
[2026-08-30T12:03:14+00:00] epoch 35/40 loss=1.342144 elapsed=18.5s | cuda=635MiB allocated/5740MiB reserved
[2026-08-30T12:03:15+00:00] epoch 36/40 loss=1.387547 elapsed=19.0s | cuda=635MiB allocated/5740MiB reserved
[2026-08-30T12:03:15+00:00] epoch 37/40 loss=1.433891 elapsed=19.5s | cuda=635MiB allocated/5740MiB reserved
[2026-08-30T12:03:16+00:00] epoch 38/40 loss=1.475421 elapsed=20.1s | cuda=635MiB allocated/5740MiB reserved
[2026-08-30T12:03:16+00:00] epoch 39/40 loss=1.515302 elapsed=20.6s | cuda=635MiB allocated/5740MiB reserved
[2026-08-30T12:03:17+00:00] epoch 40/40 loss=1.558980 elapsed=21.1s | cuda=635MiB allocated/5740MiB reserved
[2026-08-30T12:03:17+00:00] DONE ABLATION_without_type_projection | DG-Hetero-GNN | seed=2025 | F1=0.000000 | cuda=17MiB allocated/5740MiB reserved
[2026-08-30T12:03:17+00:00] START ABLATION_without_type_projection | DG-Hetero-GNN | seed=9999 | cuda=17MiB allocated/68MiB reserved
[2026-08-30T12:03:18+00:00] epoch 1/40 loss=0.733493 elapsed=0.5s | cuda=634MiB allocated/5740MiB reserved
[2026-08-30T12:03:19+00:00] epoch 2/40 loss=0.706977 elapsed=1.1s | cuda=635MiB allocated/5740MiB reserved
[2026-08-30T12:03:19+00:00] epoch 3/40 loss=0.681322 elapsed=1.6s | cuda=635MiB allocated/5740MiB reserved
[2026-08-30T12:03:20+00:00] epoch 4/40 loss=0.655927 elapsed=2.1s | cuda=635MiB allocated/5740MiB reserved
[2026-08-30T12:03:20+00:00] epoch 5/40 loss=0.630504 elapsed=2.6s | cuda=635MiB allocated/5740MiB reserved
[2026-08-30T12:03:21+00:00] epoch 6/40 loss=0.604217 elapsed=3.2s | cuda=635MiB allocated/5740MiB reserved
[2026-08-30T12:03:21+00:00] epoch 7/40 loss=0.578365 elapsed=3.7s | cuda=635MiB allocated/5740MiB reserved
[2026-08-30T12:03:22+00:00] epoch 8/40 loss=0.552460 elapsed=4.2s | cuda=635MiB allocated/5740MiB reserved
[2026-08-30T12:03:22+00:00] epoch 9/40 loss=0.529006 elapsed=4.7s | cuda=635MiB allocated/5740MiB reserved
[2026-08-30T12:03:23+00:00] epoch 10/40 loss=0.507910 elapsed=5.3s | cuda=635MiB allocated/5740MiB reserved
[2026-08-30T12:03:23+00:00] epoch 11/40 loss=0.490679 elapsed=5.8s | cuda=635MiB allocated/5740MiB reserved
[2026-08-30T12:03:24+00:00] epoch 12/40 loss=0.480037 elapsed=6.3s | cuda=635MiB allocated/5740MiB reserved
[2026-08-30T12:03:24+00:00] epoch 13/40 loss=0.475353 elapsed=6.8s | cuda=635MiB allocated/5740MiB reserved
[2026-08-30T12:03:25+00:00] epoch 14/40 loss=0.479736 elapsed=7.4s | cuda=635MiB allocated/5740MiB reserved
[2026-08-30T12:03:25+00:00] epoch 15/40 loss=0.488728 elapsed=7.9s | cuda=635MiB allocated/5740MiB reserved
[2026-08-30T12:03:26+00:00] epoch 16/40 loss=0.506815 elapsed=8.4s | cuda=635MiB allocated/5740MiB reserved
[2026-08-30T12:03:26+00:00] epoch 17/40 loss=0.525888 elapsed=8.9s | cuda=635MiB allocated/5740MiB reserved
[2026-08-30T12:03:27+00:00] epoch 18/40 loss=0.550184 elapsed=9.5s | cuda=635MiB allocated/5740MiB reserved
[2026-08-30T12:03:27+00:00] epoch 19/40 loss=0.577443 elapsed=10.0s | cuda=635MiB allocated/5740MiB reserved
[2026-08-30T12:03:28+00:00] epoch 20/40 loss=0.603477 elapsed=10.5s | cuda=635MiB allocated/5740MiB reserved
[2026-08-30T12:03:28+00:00] epoch 21/40 loss=0.630331 elapsed=11.0s | cuda=635MiB allocated/5740MiB reserved
[2026-08-30T12:03:29+00:00] epoch 22/40 loss=0.658953 elapsed=11.5s | cuda=635MiB allocated/5740MiB reserved
[2026-08-30T12:03:30+00:00] epoch 23/40 loss=0.681751 elapsed=12.1s | cuda=635MiB allocated/5740MiB reserved
[2026-08-30T12:03:30+00:00] epoch 24/40 loss=0.711786 elapsed=12.6s | cuda=635MiB allocated/5740MiB reserved
[2026-08-30T12:03:31+00:00] epoch 25/40 loss=0.736925 elapsed=13.1s | cuda=635MiB allocated/5740MiB reserved
[2026-08-30T12:03:31+00:00] epoch 26/40 loss=0.759127 elapsed=13.6s | cuda=635MiB allocated/5740MiB reserved
[2026-08-30T12:03:32+00:00] epoch 27/40 loss=0.782243 elapsed=14.1s | cuda=635MiB allocated/5740MiB reserved
[2026-08-30T12:03:32+00:00] epoch 28/40 loss=0.800544 elapsed=14.7s | cuda=635MiB allocated/5740MiB reserved
[2026-08-30T12:03:33+00:00] epoch 29/40 loss=0.822556 elapsed=15.2s | cuda=635MiB allocated/5740MiB reserved
[2026-08-30T12:03:33+00:00] epoch 30/40 loss=0.839774 elapsed=15.7s | cuda=635MiB allocated/5740MiB reserved
[2026-08-30T12:03:34+00:00] epoch 31/40 loss=0.864155 elapsed=16.2s | cuda=635MiB allocated/5740MiB reserved
[2026-08-30T12:03:34+00:00] epoch 32/40 loss=0.878259 elapsed=16.7s | cuda=635MiB allocated/5740MiB reserved
[2026-08-30T12:03:35+00:00] epoch 33/40 loss=0.894421 elapsed=17.3s | cuda=635MiB allocated/5740MiB reserved
[2026-08-30T12:03:35+00:00] epoch 34/40 loss=0.922898 elapsed=17.8s | cuda=635MiB allocated/5740MiB reserved
[2026-08-30T12:03:36+00:00] epoch 35/40 loss=0.946086 elapsed=18.3s | cuda=635MiB allocated/5740MiB reserved
[2026-08-30T12:03:36+00:00] epoch 36/40 loss=0.975033 elapsed=18.8s | cuda=635MiB allocated/5740MiB reserved
[2026-08-30T12:03:37+00:00] epoch 37/40 loss=1.000971 elapsed=19.4s | cuda=635MiB allocated/5740MiB reserved
[2026-08-30T12:03:37+00:00] epoch 38/40 loss=1.035761 elapsed=19.9s | cuda=635MiB allocated/5740MiB reserved
[2026-08-30T12:03:38+00:00] epoch 39/40 loss=1.068484 elapsed=20.4s | cuda=635MiB allocated/5740MiB reserved
[2026-08-30T12:03:38+00:00] epoch 40/40 loss=1.100991 elapsed=21.0s | cuda=635MiB allocated/5740MiB reserved
[2026-08-30T12:03:39+00:00] DONE ABLATION_without_type_projection | DG-Hetero-GNN | seed=9999 | F1=0.355556 | cuda=17MiB allocated/5740MiB reserved
[2026-08-30T12:03:39+00:00] START ABLATION_without_heterogeneous_message_passing | DG-Hetero-GNN | seed=42 | cuda=17MiB allocated/68MiB reserved
[2026-08-30T12:03:39+00:00] epoch 1/40 loss=0.697293 elapsed=0.1s | cuda=634MiB allocated/2822MiB reserved
[2026-08-30T12:03:39+00:00] epoch 2/40 loss=0.683123 elapsed=0.1s | cuda=634MiB allocated/2822MiB reserved
[2026-08-30T12:03:39+00:00] epoch 3/40 loss=0.669935 elapsed=0.1s | cuda=634MiB allocated/2822MiB reserved
[2026-08-30T12:03:39+00:00] epoch 4/40 loss=0.657320 elapsed=0.2s | cuda=634MiB allocated/2822MiB reserved
[2026-08-30T12:03:39+00:00] epoch 5/40 loss=0.645617 elapsed=0.2s | cuda=634MiB allocated/2822MiB reserved
[2026-08-30T12:03:39+00:00] epoch 6/40 loss=0.634274 elapsed=0.3s | cuda=634MiB allocated/2822MiB reserved
[2026-08-30T12:03:40+00:00] epoch 7/40 loss=0.623660 elapsed=0.3s | cuda=634MiB allocated/2822MiB reserved
[2026-08-30T12:03:40+00:00] epoch 8/40 loss=0.613176 elapsed=0.3s | cuda=634MiB allocated/2822MiB reserved
[2026-08-30T12:03:40+00:00] epoch 9/40 loss=0.603540 elapsed=0.4s | cuda=634MiB allocated/2822MiB reserved
[2026-08-30T12:03:40+00:00] epoch 10/40 loss=0.594059 elapsed=0.4s | cuda=634MiB allocated/2822MiB reserved
[2026-08-30T12:03:40+00:00] epoch 11/40 loss=0.584903 elapsed=0.5s | cuda=634MiB allocated/2822MiB reserved
[2026-08-30T12:03:40+00:00] epoch 12/40 loss=0.575819 elapsed=0.5s | cuda=634MiB allocated/2822MiB reserved
[2026-08-30T12:03:40+00:00] epoch 13/40 loss=0.567025 elapsed=0.6s | cuda=634MiB allocated/2822MiB reserved
[2026-08-30T12:03:40+00:00] epoch 14/40 loss=0.558539 elapsed=0.6s | cuda=634MiB allocated/2822MiB reserved
[2026-08-30T12:03:40+00:00] epoch 15/40 loss=0.550194 elapsed=0.6s | cuda=634MiB allocated/2822MiB reserved
[2026-08-30T12:03:40+00:00] epoch 16/40 loss=0.541616 elapsed=0.7s | cuda=634MiB allocated/2822MiB reserved
[2026-08-30T12:03:40+00:00] epoch 17/40 loss=0.533589 elapsed=0.7s | cuda=634MiB allocated/2822MiB reserved
[2026-08-30T12:03:40+00:00] epoch 18/40 loss=0.525686 elapsed=0.8s | cuda=634MiB allocated/2822MiB reserved
[2026-08-30T12:03:40+00:00] epoch 19/40 loss=0.517763 elapsed=0.8s | cuda=634MiB allocated/2822MiB reserved
[2026-08-30T12:03:40+00:00] epoch 20/40 loss=0.510315 elapsed=0.9s | cuda=634MiB allocated/2822MiB reserved
[2026-08-30T12:03:40+00:00] epoch 21/40 loss=0.502659 elapsed=0.9s | cuda=634MiB allocated/2822MiB reserved
[2026-08-30T12:03:40+00:00] epoch 22/40 loss=0.495691 elapsed=0.9s | cuda=634MiB allocated/2822MiB reserved
[2026-08-30T12:03:40+00:00] epoch 23/40 loss=0.488724 elapsed=1.0s | cuda=634MiB allocated/2822MiB reserved
[2026-08-30T12:03:40+00:00] epoch 24/40 loss=0.482378 elapsed=1.0s | cuda=634MiB allocated/2822MiB reserved
[2026-08-30T12:03:40+00:00] epoch 25/40 loss=0.476160 elapsed=1.1s | cuda=634MiB allocated/2822MiB reserved
[2026-08-30T12:03:40+00:00] epoch 26/40 loss=0.470290 elapsed=1.1s | cuda=634MiB allocated/2822MiB reserved
[2026-08-30T12:03:40+00:00] epoch 27/40 loss=0.465377 elapsed=1.2s | cuda=634MiB allocated/2822MiB reserved
[2026-08-30T12:03:40+00:00] epoch 28/40 loss=0.460222 elapsed=1.2s | cuda=634MiB allocated/2822MiB reserved
[2026-08-30T12:03:40+00:00] epoch 29/40 loss=0.455806 elapsed=1.2s | cuda=634MiB allocated/2822MiB reserved
[2026-08-30T12:03:41+00:00] epoch 30/40 loss=0.451641 elapsed=1.3s | cuda=634MiB allocated/2822MiB reserved
[2026-08-30T12:03:41+00:00] epoch 31/40 loss=0.447958 elapsed=1.3s | cuda=634MiB allocated/2822MiB reserved
[2026-08-30T12:03:41+00:00] epoch 32/40 loss=0.444681 elapsed=1.4s | cuda=634MiB allocated/2822MiB reserved
[2026-08-30T12:03:41+00:00] epoch 33/40 loss=0.441841 elapsed=1.4s | cuda=634MiB allocated/2822MiB reserved
[2026-08-30T12:03:41+00:00] epoch 34/40 loss=0.439026 elapsed=1.5s | cuda=634MiB allocated/2822MiB reserved
[2026-08-30T12:03:41+00:00] epoch 35/40 loss=0.436879 elapsed=1.5s | cuda=634MiB allocated/2822MiB reserved
[2026-08-30T12:03:41+00:00] epoch 36/40 loss=0.435049 elapsed=1.5s | cuda=634MiB allocated/2822MiB reserved
[2026-08-30T12:03:41+00:00] epoch 37/40 loss=0.433368 elapsed=1.6s | cuda=634MiB allocated/2822MiB reserved
[2026-08-30T12:03:41+00:00] epoch 38/40 loss=0.431874 elapsed=1.6s | cuda=634MiB allocated/2822MiB reserved
[2026-08-30T12:03:41+00:00] epoch 39/40 loss=0.431011 elapsed=1.7s | cuda=634MiB allocated/2822MiB reserved
[2026-08-30T12:03:41+00:00] epoch 40/40 loss=0.429869 elapsed=1.7s | cuda=634MiB allocated/2822MiB reserved
[2026-08-30T12:03:41+00:00] DONE ABLATION_without_heterogeneous_message_passing | DG-Hetero-GNN | seed=42 | F1=0.714286 | cuda=17MiB allocated/2822MiB reserved
[2026-08-30T12:03:41+00:00] START ABLATION_without_heterogeneous_message_passing | DG-Hetero-GNN | seed=123 | cuda=17MiB allocated/68MiB reserved
[2026-08-30T12:03:41+00:00] epoch 1/40 loss=0.869114 elapsed=0.0s | cuda=634MiB allocated/2822MiB reserved
[2026-08-30T12:03:42+00:00] epoch 2/40 loss=0.847454 elapsed=0.1s | cuda=634MiB allocated/2822MiB reserved
[2026-08-30T12:03:42+00:00] epoch 3/40 loss=0.827989 elapsed=0.1s | cuda=634MiB allocated/2822MiB reserved
[2026-08-30T12:03:42+00:00] epoch 4/40 loss=0.811193 elapsed=0.2s | cuda=634MiB allocated/2822MiB reserved
[2026-08-30T12:03:42+00:00] epoch 5/40 loss=0.795842 elapsed=0.2s | cuda=634MiB allocated/2822MiB reserved
[2026-08-30T12:03:42+00:00] epoch 6/40 loss=0.782316 elapsed=0.3s | cuda=634MiB allocated/2822MiB reserved
[2026-08-30T12:03:42+00:00] epoch 7/40 loss=0.770178 elapsed=0.3s | cuda=634MiB allocated/2822MiB reserved
[2026-08-30T12:03:42+00:00] epoch 8/40 loss=0.759358 elapsed=0.3s | cuda=634MiB allocated/2822MiB reserved
[2026-08-30T12:03:42+00:00] epoch 9/40 loss=0.749353 elapsed=0.4s | cuda=634MiB allocated/2822MiB reserved
[2026-08-30T12:03:42+00:00] epoch 10/40 loss=0.740533 elapsed=0.4s | cuda=634MiB allocated/2822MiB reserved
[2026-08-30T12:03:42+00:00] epoch 11/40 loss=0.732271 elapsed=0.5s | cuda=634MiB allocated/2822MiB reserved
[2026-08-30T12:03:42+00:00] epoch 12/40 loss=0.724741 elapsed=0.5s | cuda=634MiB allocated/2822MiB reserved
[2026-08-30T12:03:42+00:00] epoch 13/40 loss=0.717416 elapsed=0.5s | cuda=634MiB allocated/2822MiB reserved
[2026-08-30T12:03:42+00:00] epoch 14/40 loss=0.710376 elapsed=0.6s | cuda=634MiB allocated/2822MiB reserved
[2026-08-30T12:03:42+00:00] epoch 15/40 loss=0.704030 elapsed=0.6s | cuda=634MiB allocated/2822MiB reserved
[2026-08-30T12:03:42+00:00] epoch 16/40 loss=0.697533 elapsed=0.7s | cuda=634MiB allocated/2822MiB reserved
[2026-08-30T12:03:42+00:00] epoch 17/40 loss=0.690915 elapsed=0.7s | cuda=634MiB allocated/2822MiB reserved
[2026-08-30T12:03:42+00:00] epoch 18/40 loss=0.684503 elapsed=0.8s | cuda=634MiB allocated/2822MiB reserved
[2026-08-30T12:03:42+00:00] epoch 19/40 loss=0.677832 elapsed=0.8s | cuda=634MiB allocated/2822MiB reserved
[2026-08-30T12:03:42+00:00] epoch 20/40 loss=0.671215 elapsed=0.8s | cuda=634MiB allocated/2822MiB reserved
[2026-08-30T12:03:42+00:00] epoch 21/40 loss=0.664504 elapsed=0.9s | cuda=634MiB allocated/2822MiB reserved
[2026-08-30T12:03:42+00:00] epoch 22/40 loss=0.657490 elapsed=0.9s | cuda=634MiB allocated/2822MiB reserved
[2026-08-30T12:03:42+00:00] epoch 23/40 loss=0.650630 elapsed=1.0s | cuda=634MiB allocated/2822MiB reserved
[2026-08-30T12:03:42+00:00] epoch 24/40 loss=0.643376 elapsed=1.0s | cuda=634MiB allocated/2822MiB reserved
[2026-08-30T12:03:42+00:00] epoch 25/40 loss=0.636000 elapsed=1.0s | cuda=634MiB allocated/2822MiB reserved
[2026-08-30T12:03:43+00:00] epoch 26/40 loss=0.628540 elapsed=1.1s | cuda=634MiB allocated/2822MiB reserved
[2026-08-30T12:03:43+00:00] epoch 27/40 loss=0.620888 elapsed=1.1s | cuda=634MiB allocated/2822MiB reserved
[2026-08-30T12:03:43+00:00] epoch 28/40 loss=0.613036 elapsed=1.2s | cuda=634MiB allocated/2822MiB reserved
[2026-08-30T12:03:43+00:00] epoch 29/40 loss=0.605217 elapsed=1.2s | cuda=634MiB allocated/2822MiB reserved
[2026-08-30T12:03:43+00:00] epoch 30/40 loss=0.597248 elapsed=1.3s | cuda=634MiB allocated/2822MiB reserved
[2026-08-30T12:03:43+00:00] epoch 31/40 loss=0.588983 elapsed=1.3s | cuda=634MiB allocated/2822MiB reserved
[2026-08-30T12:03:43+00:00] epoch 32/40 loss=0.580769 elapsed=1.3s | cuda=634MiB allocated/2822MiB reserved
[2026-08-30T12:03:43+00:00] epoch 33/40 loss=0.572646 elapsed=1.4s | cuda=634MiB allocated/2822MiB reserved
[2026-08-30T12:03:43+00:00] epoch 34/40 loss=0.564431 elapsed=1.4s | cuda=634MiB allocated/2822MiB reserved
[2026-08-30T12:03:43+00:00] epoch 35/40 loss=0.556337 elapsed=1.5s | cuda=634MiB allocated/2822MiB reserved
[2026-08-30T12:03:43+00:00] epoch 36/40 loss=0.548202 elapsed=1.5s | cuda=634MiB allocated/2822MiB reserved
[2026-08-30T12:03:43+00:00] epoch 37/40 loss=0.540101 elapsed=1.6s | cuda=634MiB allocated/2822MiB reserved
[2026-08-30T12:03:43+00:00] epoch 38/40 loss=0.532502 elapsed=1.6s | cuda=634MiB allocated/2822MiB reserved
[2026-08-30T12:03:43+00:00] epoch 39/40 loss=0.524412 elapsed=1.6s | cuda=634MiB allocated/2822MiB reserved
[2026-08-30T12:03:43+00:00] epoch 40/40 loss=0.516932 elapsed=1.7s | cuda=634MiB allocated/2822MiB reserved
[2026-08-30T12:03:43+00:00] DONE ABLATION_without_heterogeneous_message_passing | DG-Hetero-GNN | seed=123 | F1=0.727273 | cuda=17MiB allocated/2822MiB reserved
[2026-08-30T12:03:43+00:00] START ABLATION_without_heterogeneous_message_passing | DG-Hetero-GNN | seed=3407 | cuda=17MiB allocated/68MiB reserved
[2026-08-30T12:03:44+00:00] epoch 1/40 loss=0.602642 elapsed=0.1s | cuda=634MiB allocated/2822MiB reserved
[2026-08-30T12:03:44+00:00] epoch 2/40 loss=0.592619 elapsed=0.1s | cuda=634MiB allocated/2822MiB reserved
[2026-08-30T12:03:44+00:00] epoch 3/40 loss=0.582947 elapsed=0.1s | cuda=634MiB allocated/2822MiB reserved
[2026-08-30T12:03:44+00:00] epoch 4/40 loss=0.573782 elapsed=0.2s | cuda=634MiB allocated/2822MiB reserved
[2026-08-30T12:03:44+00:00] epoch 5/40 loss=0.564814 elapsed=0.2s | cuda=634MiB allocated/2822MiB reserved
[2026-08-30T12:03:44+00:00] epoch 6/40 loss=0.556401 elapsed=0.3s | cuda=634MiB allocated/2822MiB reserved
[2026-08-30T12:03:44+00:00] epoch 7/40 loss=0.548290 elapsed=0.3s | cuda=634MiB allocated/2822MiB reserved
[2026-08-30T12:03:44+00:00] epoch 8/40 loss=0.540427 elapsed=0.3s | cuda=634MiB allocated/2822MiB reserved
[2026-08-30T12:03:44+00:00] epoch 9/40 loss=0.532738 elapsed=0.4s | cuda=634MiB allocated/2822MiB reserved
[2026-08-30T12:03:44+00:00] epoch 10/40 loss=0.525387 elapsed=0.4s | cuda=634MiB allocated/2822MiB reserved
[2026-08-30T12:03:44+00:00] epoch 11/40 loss=0.518233 elapsed=0.5s | cuda=634MiB allocated/2822MiB reserved
[2026-08-30T12:03:44+00:00] epoch 12/40 loss=0.511269 elapsed=0.5s | cuda=634MiB allocated/2822MiB reserved
[2026-08-30T12:03:44+00:00] epoch 13/40 loss=0.504669 elapsed=0.6s | cuda=634MiB allocated/2822MiB reserved
[2026-08-30T12:03:44+00:00] epoch 14/40 loss=0.498179 elapsed=0.6s | cuda=634MiB allocated/2822MiB reserved
[2026-08-30T12:03:44+00:00] epoch 15/40 loss=0.492021 elapsed=0.6s | cuda=634MiB allocated/2822MiB reserved
[2026-08-30T12:03:44+00:00] epoch 16/40 loss=0.486217 elapsed=0.7s | cuda=634MiB allocated/2822MiB reserved
[2026-08-30T12:03:44+00:00] epoch 17/40 loss=0.480632 elapsed=0.7s | cuda=634MiB allocated/2822MiB reserved
[2026-08-30T12:03:44+00:00] epoch 18/40 loss=0.475369 elapsed=0.8s | cuda=634MiB allocated/2822MiB reserved
[2026-08-30T12:03:44+00:00] epoch 19/40 loss=0.470121 elapsed=0.8s | cuda=634MiB allocated/2822MiB reserved
[2026-08-30T12:03:44+00:00] epoch 20/40 loss=0.465395 elapsed=0.8s | cuda=634MiB allocated/2822MiB reserved
[2026-08-30T12:03:45+00:00] epoch 21/40 loss=0.461014 elapsed=0.9s | cuda=634MiB allocated/2822MiB reserved
[2026-08-30T12:03:45+00:00] epoch 22/40 loss=0.456941 elapsed=0.9s | cuda=634MiB allocated/2822MiB reserved
[2026-08-30T12:03:45+00:00] epoch 23/40 loss=0.453002 elapsed=1.0s | cuda=634MiB allocated/2822MiB reserved
[2026-08-30T12:03:45+00:00] epoch 24/40 loss=0.449546 elapsed=1.0s | cuda=634MiB allocated/2822MiB reserved
[2026-08-30T12:03:45+00:00] epoch 25/40 loss=0.446165 elapsed=1.0s | cuda=634MiB allocated/2822MiB reserved
[2026-08-30T12:03:45+00:00] epoch 26/40 loss=0.443485 elapsed=1.1s | cuda=634MiB allocated/2822MiB reserved
[2026-08-30T12:03:45+00:00] epoch 27/40 loss=0.440886 elapsed=1.1s | cuda=634MiB allocated/2822MiB reserved
[2026-08-30T12:03:45+00:00] epoch 28/40 loss=0.438440 elapsed=1.2s | cuda=634MiB allocated/2822MiB reserved
[2026-08-30T12:03:45+00:00] epoch 29/40 loss=0.436484 elapsed=1.2s | cuda=634MiB allocated/2822MiB reserved
[2026-08-30T12:03:45+00:00] epoch 30/40 loss=0.434738 elapsed=1.3s | cuda=634MiB allocated/2822MiB reserved
[2026-08-30T12:03:45+00:00] epoch 31/40 loss=0.433174 elapsed=1.3s | cuda=634MiB allocated/2822MiB reserved
[2026-08-30T12:03:45+00:00] epoch 32/40 loss=0.432071 elapsed=1.3s | cuda=634MiB allocated/2822MiB reserved
[2026-08-30T12:03:45+00:00] epoch 33/40 loss=0.430934 elapsed=1.4s | cuda=634MiB allocated/2822MiB reserved
[2026-08-30T12:03:45+00:00] epoch 34/40 loss=0.430078 elapsed=1.4s | cuda=634MiB allocated/2822MiB reserved
[2026-08-30T12:03:45+00:00] epoch 35/40 loss=0.429464 elapsed=1.5s | cuda=634MiB allocated/2822MiB reserved
[2026-08-30T12:03:45+00:00] epoch 36/40 loss=0.428932 elapsed=1.5s | cuda=634MiB allocated/2822MiB reserved
[2026-08-30T12:03:45+00:00] epoch 37/40 loss=0.428930 elapsed=1.5s | cuda=634MiB allocated/2822MiB reserved
[2026-08-30T12:03:45+00:00] epoch 38/40 loss=0.428598 elapsed=1.6s | cuda=634MiB allocated/2822MiB reserved
[2026-08-30T12:03:45+00:00] epoch 39/40 loss=0.428535 elapsed=1.6s | cuda=634MiB allocated/2822MiB reserved
[2026-08-30T12:03:45+00:00] epoch 40/40 loss=0.428420 elapsed=1.7s | cuda=634MiB allocated/2822MiB reserved
[2026-08-30T12:03:45+00:00] DONE ABLATION_without_heterogeneous_message_passing | DG-Hetero-GNN | seed=3407 | F1=0.714286 | cuda=17MiB allocated/2822MiB reserved
[2026-08-30T12:03:45+00:00] START ABLATION_without_heterogeneous_message_passing | DG-Hetero-GNN | seed=2025 | cuda=17MiB allocated/68MiB reserved
[2026-08-30T12:03:46+00:00] epoch 1/40 loss=0.718325 elapsed=0.1s | cuda=634MiB allocated/2822MiB reserved
[2026-08-30T12:03:46+00:00] epoch 2/40 loss=0.707891 elapsed=0.1s | cuda=634MiB allocated/2822MiB reserved
[2026-08-30T12:03:46+00:00] epoch 3/40 loss=0.697910 elapsed=0.1s | cuda=634MiB allocated/2822MiB reserved
[2026-08-30T12:03:46+00:00] epoch 4/40 loss=0.687706 elapsed=0.2s | cuda=634MiB allocated/2822MiB reserved
[2026-08-30T12:03:46+00:00] epoch 5/40 loss=0.677596 elapsed=0.2s | cuda=634MiB allocated/2822MiB reserved
[2026-08-30T12:03:46+00:00] epoch 6/40 loss=0.667795 elapsed=0.3s | cuda=634MiB allocated/2822MiB reserved
[2026-08-30T12:03:46+00:00] epoch 7/40 loss=0.658094 elapsed=0.3s | cuda=634MiB allocated/2822MiB reserved
[2026-08-30T12:03:46+00:00] epoch 8/40 loss=0.648386 elapsed=0.3s | cuda=634MiB allocated/2822MiB reserved
[2026-08-30T12:03:46+00:00] epoch 9/40 loss=0.638941 elapsed=0.4s | cuda=634MiB allocated/2822MiB reserved
[2026-08-30T12:03:46+00:00] epoch 10/40 loss=0.629668 elapsed=0.4s | cuda=634MiB allocated/2822MiB reserved
[2026-08-30T12:03:46+00:00] epoch 11/40 loss=0.620369 elapsed=0.5s | cuda=634MiB allocated/2822MiB reserved
[2026-08-30T12:03:46+00:00] epoch 12/40 loss=0.611068 elapsed=0.5s | cuda=634MiB allocated/2822MiB reserved
[2026-08-30T12:03:46+00:00] epoch 13/40 loss=0.601933 elapsed=0.5s | cuda=634MiB allocated/2822MiB reserved
[2026-08-30T12:03:46+00:00] epoch 14/40 loss=0.592928 elapsed=0.6s | cuda=634MiB allocated/2822MiB reserved
[2026-08-30T12:03:46+00:00] epoch 15/40 loss=0.583985 elapsed=0.6s | cuda=634MiB allocated/2822MiB reserved
[2026-08-30T12:03:47+00:00] epoch 16/40 loss=0.575206 elapsed=0.7s | cuda=634MiB allocated/2822MiB reserved
[2026-08-30T12:03:47+00:00] epoch 17/40 loss=0.566272 elapsed=0.7s | cuda=634MiB allocated/2822MiB reserved
[2026-08-30T12:03:47+00:00] epoch 18/40 loss=0.557443 elapsed=0.8s | cuda=634MiB allocated/2822MiB reserved
[2026-08-30T12:03:47+00:00] epoch 19/40 loss=0.549014 elapsed=0.8s | cuda=634MiB allocated/2822MiB reserved
[2026-08-30T12:03:47+00:00] epoch 20/40 loss=0.540447 elapsed=0.8s | cuda=634MiB allocated/2822MiB reserved
[2026-08-30T12:03:47+00:00] epoch 21/40 loss=0.532026 elapsed=0.9s | cuda=634MiB allocated/2822MiB reserved
[2026-08-30T12:03:47+00:00] epoch 22/40 loss=0.523947 elapsed=0.9s | cuda=634MiB allocated/2822MiB reserved
[2026-08-30T12:03:47+00:00] epoch 23/40 loss=0.516047 elapsed=1.0s | cuda=634MiB allocated/2822MiB reserved
[2026-08-30T12:03:47+00:00] epoch 24/40 loss=0.508123 elapsed=1.0s | cuda=634MiB allocated/2822MiB reserved
[2026-08-30T12:03:47+00:00] epoch 25/40 loss=0.500912 elapsed=1.1s | cuda=634MiB allocated/2822MiB reserved
[2026-08-30T12:03:47+00:00] epoch 26/40 loss=0.493471 elapsed=1.1s | cuda=634MiB allocated/2822MiB reserved
[2026-08-30T12:03:47+00:00] epoch 27/40 loss=0.486547 elapsed=1.1s | cuda=634MiB allocated/2822MiB reserved
[2026-08-30T12:03:47+00:00] epoch 28/40 loss=0.480035 elapsed=1.2s | cuda=634MiB allocated/2822MiB reserved
[2026-08-30T12:03:47+00:00] epoch 29/40 loss=0.473947 elapsed=1.2s | cuda=634MiB allocated/2822MiB reserved
[2026-08-30T12:03:47+00:00] epoch 30/40 loss=0.468279 elapsed=1.3s | cuda=634MiB allocated/2822MiB reserved
[2026-08-30T12:03:47+00:00] epoch 31/40 loss=0.462969 elapsed=1.3s | cuda=634MiB allocated/2822MiB reserved
[2026-08-30T12:03:47+00:00] epoch 32/40 loss=0.457830 elapsed=1.3s | cuda=634MiB allocated/2822MiB reserved
[2026-08-30T12:03:47+00:00] epoch 33/40 loss=0.453782 elapsed=1.4s | cuda=634MiB allocated/2822MiB reserved
[2026-08-30T12:03:47+00:00] epoch 34/40 loss=0.449404 elapsed=1.4s | cuda=634MiB allocated/2822MiB reserved
[2026-08-30T12:03:47+00:00] epoch 35/40 loss=0.445979 elapsed=1.5s | cuda=634MiB allocated/2822MiB reserved
[2026-08-30T12:03:47+00:00] epoch 36/40 loss=0.443067 elapsed=1.5s | cuda=634MiB allocated/2822MiB reserved
[2026-08-30T12:03:47+00:00] epoch 37/40 loss=0.440095 elapsed=1.6s | cuda=634MiB allocated/2822MiB reserved
[2026-08-30T12:03:47+00:00] epoch 38/40 loss=0.437789 elapsed=1.6s | cuda=634MiB allocated/2822MiB reserved
[2026-08-30T12:03:47+00:00] epoch 39/40 loss=0.435634 elapsed=1.6s | cuda=634MiB allocated/2822MiB reserved
[2026-08-30T12:03:48+00:00] epoch 40/40 loss=0.433847 elapsed=1.7s | cuda=634MiB allocated/2822MiB reserved
[2026-08-30T12:03:48+00:00] DONE ABLATION_without_heterogeneous_message_passing | DG-Hetero-GNN | seed=2025 | F1=0.133333 | cuda=17MiB allocated/2822MiB reserved
[2026-08-30T12:03:48+00:00] START ABLATION_without_heterogeneous_message_passing | DG-Hetero-GNN | seed=9999 | cuda=17MiB allocated/68MiB reserved
[2026-08-30T12:03:48+00:00] epoch 1/40 loss=0.690543 elapsed=0.1s | cuda=634MiB allocated/2822MiB reserved
[2026-08-30T12:03:48+00:00] epoch 2/40 loss=0.671038 elapsed=0.1s | cuda=634MiB allocated/2822MiB reserved
[2026-08-30T12:03:48+00:00] epoch 3/40 loss=0.652244 elapsed=0.1s | cuda=634MiB allocated/2822MiB reserved
[2026-08-30T12:03:48+00:00] epoch 4/40 loss=0.634736 elapsed=0.2s | cuda=634MiB allocated/2822MiB reserved
[2026-08-30T12:03:48+00:00] epoch 5/40 loss=0.618241 elapsed=0.2s | cuda=634MiB allocated/2822MiB reserved
[2026-08-30T12:03:48+00:00] epoch 6/40 loss=0.602754 elapsed=0.3s | cuda=634MiB allocated/2822MiB reserved
[2026-08-30T12:03:48+00:00] epoch 7/40 loss=0.587813 elapsed=0.3s | cuda=634MiB allocated/2822MiB reserved
[2026-08-30T12:03:48+00:00] epoch 8/40 loss=0.574043 elapsed=0.3s | cuda=634MiB allocated/2822MiB reserved
[2026-08-30T12:03:48+00:00] epoch 9/40 loss=0.561197 elapsed=0.4s | cuda=634MiB allocated/2822MiB reserved
[2026-08-30T12:03:48+00:00] epoch 10/40 loss=0.549049 elapsed=0.4s | cuda=634MiB allocated/2822MiB reserved
[2026-08-30T12:03:49+00:00] epoch 11/40 loss=0.537565 elapsed=0.5s | cuda=634MiB allocated/2822MiB reserved
[2026-08-30T12:03:49+00:00] epoch 12/40 loss=0.527087 elapsed=0.5s | cuda=634MiB allocated/2822MiB reserved
[2026-08-30T12:03:49+00:00] epoch 13/40 loss=0.516982 elapsed=0.5s | cuda=634MiB allocated/2822MiB reserved
[2026-08-30T12:03:49+00:00] epoch 14/40 loss=0.507902 elapsed=0.6s | cuda=634MiB allocated/2822MiB reserved
[2026-08-30T12:03:49+00:00] epoch 15/40 loss=0.499054 elapsed=0.6s | cuda=634MiB allocated/2822MiB reserved
[2026-08-30T12:03:49+00:00] epoch 16/40 loss=0.490961 elapsed=0.7s | cuda=634MiB allocated/2822MiB reserved
[2026-08-30T12:03:49+00:00] epoch 17/40 loss=0.483469 elapsed=0.7s | cuda=634MiB allocated/2822MiB reserved
[2026-08-30T12:03:49+00:00] epoch 18/40 loss=0.476879 elapsed=0.8s | cuda=634MiB allocated/2822MiB reserved
[2026-08-30T12:03:49+00:00] epoch 19/40 loss=0.470309 elapsed=0.8s | cuda=634MiB allocated/2822MiB reserved
[2026-08-30T12:03:49+00:00] epoch 20/40 loss=0.464569 elapsed=0.8s | cuda=634MiB allocated/2822MiB reserved
[2026-08-30T12:03:49+00:00] epoch 21/40 loss=0.459503 elapsed=0.9s | cuda=634MiB allocated/2822MiB reserved
[2026-08-30T12:03:49+00:00] epoch 22/40 loss=0.454904 elapsed=0.9s | cuda=634MiB allocated/2822MiB reserved
[2026-08-30T12:03:49+00:00] epoch 23/40 loss=0.450817 elapsed=1.0s | cuda=634MiB allocated/2822MiB reserved
[2026-08-30T12:03:49+00:00] epoch 24/40 loss=0.447046 elapsed=1.0s | cuda=634MiB allocated/2822MiB reserved
[2026-08-30T12:03:49+00:00] epoch 25/40 loss=0.443891 elapsed=1.0s | cuda=634MiB allocated/2822MiB reserved
[2026-08-30T12:03:49+00:00] epoch 26/40 loss=0.440937 elapsed=1.1s | cuda=634MiB allocated/2822MiB reserved
[2026-08-30T12:03:49+00:00] epoch 27/40 loss=0.438812 elapsed=1.1s | cuda=634MiB allocated/2822MiB reserved
[2026-08-30T12:03:49+00:00] epoch 28/40 loss=0.437044 elapsed=1.2s | cuda=634MiB allocated/2822MiB reserved
[2026-08-30T12:03:49+00:00] epoch 29/40 loss=0.435432 elapsed=1.2s | cuda=634MiB allocated/2822MiB reserved
[2026-08-30T12:03:49+00:00] epoch 30/40 loss=0.434243 elapsed=1.2s | cuda=634MiB allocated/2822MiB reserved
[2026-08-30T12:03:49+00:00] epoch 31/40 loss=0.433514 elapsed=1.3s | cuda=634MiB allocated/2822MiB reserved
[2026-08-30T12:03:49+00:00] epoch 32/40 loss=0.432677 elapsed=1.3s | cuda=634MiB allocated/2822MiB reserved
[2026-08-30T12:03:49+00:00] epoch 33/40 loss=0.432101 elapsed=1.4s | cuda=634MiB allocated/2822MiB reserved
[2026-08-30T12:03:49+00:00] epoch 34/40 loss=0.432072 elapsed=1.4s | cuda=634MiB allocated/2822MiB reserved
[2026-08-30T12:03:49+00:00] epoch 35/40 loss=0.431951 elapsed=1.5s | cuda=634MiB allocated/2822MiB reserved
[2026-08-30T12:03:50+00:00] epoch 36/40 loss=0.432029 elapsed=1.5s | cuda=634MiB allocated/2822MiB reserved
[2026-08-30T12:03:50+00:00] epoch 37/40 loss=0.432333 elapsed=1.5s | cuda=634MiB allocated/2822MiB reserved
[2026-08-30T12:03:50+00:00] epoch 38/40 loss=0.432505 elapsed=1.6s | cuda=634MiB allocated/2822MiB reserved
[2026-08-30T12:03:50+00:00] epoch 39/40 loss=0.432682 elapsed=1.6s | cuda=634MiB allocated/2822MiB reserved
[2026-08-30T12:03:50+00:00] epoch 40/40 loss=0.433126 elapsed=1.7s | cuda=634MiB allocated/2822MiB reserved
[2026-08-30T12:03:50+00:00] DONE ABLATION_without_heterogeneous_message_passing | DG-Hetero-GNN | seed=9999 | F1=0.709677 | cuda=17MiB allocated/2822MiB reserved
[2026-08-30T12:03:50+00:00] START ABLATION_without_domain_generalization | DG-Hetero-GNN | seed=42 | cuda=17MiB allocated/68MiB reserved
[2026-08-30T12:03:51+00:00] epoch 1/40 loss=0.358564 elapsed=0.5s | cuda=715MiB allocated/5056MiB reserved
[2026-08-30T12:03:51+00:00] epoch 2/40 loss=0.330524 elapsed=1.0s | cuda=715MiB allocated/5058MiB reserved
[2026-08-30T12:03:52+00:00] epoch 3/40 loss=0.308831 elapsed=1.6s | cuda=715MiB allocated/5058MiB reserved
[2026-08-30T12:03:52+00:00] epoch 4/40 loss=0.289519 elapsed=2.1s | cuda=715MiB allocated/5058MiB reserved
[2026-08-30T12:03:53+00:00] epoch 5/40 loss=0.268911 elapsed=2.6s | cuda=715MiB allocated/5058MiB reserved
[2026-08-30T12:03:53+00:00] epoch 6/40 loss=0.246370 elapsed=3.1s | cuda=715MiB allocated/5058MiB reserved
[2026-08-30T12:03:54+00:00] epoch 7/40 loss=0.221862 elapsed=3.6s | cuda=715MiB allocated/5058MiB reserved
[2026-08-30T12:03:54+00:00] epoch 8/40 loss=0.195239 elapsed=4.1s | cuda=715MiB allocated/5058MiB reserved
[2026-08-30T12:03:55+00:00] epoch 9/40 loss=0.168446 elapsed=4.6s | cuda=715MiB allocated/5058MiB reserved
[2026-08-30T12:03:55+00:00] epoch 10/40 loss=0.143035 elapsed=5.2s | cuda=715MiB allocated/5058MiB reserved
[2026-08-30T12:03:56+00:00] epoch 11/40 loss=0.120185 elapsed=5.7s | cuda=715MiB allocated/5058MiB reserved
[2026-08-30T12:03:56+00:00] epoch 12/40 loss=0.101177 elapsed=6.2s | cuda=715MiB allocated/5058MiB reserved
[2026-08-30T12:03:57+00:00] epoch 13/40 loss=0.087049 elapsed=6.7s | cuda=715MiB allocated/5058MiB reserved
[2026-08-30T12:03:57+00:00] epoch 14/40 loss=0.078703 elapsed=7.2s | cuda=715MiB allocated/5058MiB reserved
[2026-08-30T12:03:58+00:00] epoch 15/40 loss=0.076349 elapsed=7.7s | cuda=715MiB allocated/5058MiB reserved
[2026-08-30T12:03:58+00:00] epoch 16/40 loss=0.077492 elapsed=8.3s | cuda=715MiB allocated/5058MiB reserved
[2026-08-30T12:03:59+00:00] epoch 17/40 loss=0.081755 elapsed=8.8s | cuda=715MiB allocated/5058MiB reserved
[2026-08-30T12:04:00+00:00] epoch 18/40 loss=0.086070 elapsed=9.3s | cuda=715MiB allocated/5058MiB reserved
[2026-08-30T12:04:00+00:00] epoch 19/40 loss=0.089713 elapsed=9.8s | cuda=715MiB allocated/5058MiB reserved
[2026-08-30T12:04:01+00:00] epoch 20/40 loss=0.093704 elapsed=10.3s | cuda=715MiB allocated/5058MiB reserved
[2026-08-30T12:04:01+00:00] epoch 21/40 loss=0.093666 elapsed=10.8s | cuda=715MiB allocated/5058MiB reserved
[2026-08-30T12:04:02+00:00] epoch 22/40 loss=0.093456 elapsed=11.4s | cuda=715MiB allocated/5058MiB reserved
[2026-08-30T12:04:02+00:00] epoch 23/40 loss=0.092052 elapsed=11.9s | cuda=715MiB allocated/5058MiB reserved
[2026-08-30T12:04:03+00:00] epoch 24/40 loss=0.089702 elapsed=12.4s | cuda=715MiB allocated/5058MiB reserved
[2026-08-30T12:04:03+00:00] epoch 25/40 loss=0.085337 elapsed=12.9s | cuda=715MiB allocated/5058MiB reserved
[2026-08-30T12:04:04+00:00] epoch 26/40 loss=0.081873 elapsed=13.4s | cuda=715MiB allocated/5058MiB reserved
[2026-08-30T12:04:04+00:00] epoch 27/40 loss=0.079472 elapsed=13.9s | cuda=715MiB allocated/5058MiB reserved
[2026-08-30T12:04:05+00:00] epoch 28/40 loss=0.076013 elapsed=14.5s | cuda=715MiB allocated/5058MiB reserved
[2026-08-30T12:04:05+00:00] epoch 29/40 loss=0.073931 elapsed=15.0s | cuda=715MiB allocated/5058MiB reserved
[2026-08-30T12:04:06+00:00] epoch 30/40 loss=0.072220 elapsed=15.5s | cuda=715MiB allocated/5058MiB reserved
[2026-08-30T12:04:06+00:00] epoch 31/40 loss=0.071138 elapsed=16.0s | cuda=715MiB allocated/5058MiB reserved
[2026-08-30T12:04:07+00:00] epoch 32/40 loss=0.070959 elapsed=16.5s | cuda=715MiB allocated/5058MiB reserved
[2026-08-30T12:04:07+00:00] epoch 33/40 loss=0.070906 elapsed=17.0s | cuda=715MiB allocated/5058MiB reserved
[2026-08-30T12:04:08+00:00] epoch 34/40 loss=0.071249 elapsed=17.6s | cuda=715MiB allocated/5058MiB reserved
[2026-08-30T12:04:08+00:00] epoch 35/40 loss=0.071583 elapsed=18.1s | cuda=715MiB allocated/5058MiB reserved
[2026-08-30T12:04:09+00:00] epoch 36/40 loss=0.072045 elapsed=18.6s | cuda=715MiB allocated/5058MiB reserved
[2026-08-30T12:04:09+00:00] epoch 37/40 loss=0.072434 elapsed=19.1s | cuda=715MiB allocated/5058MiB reserved
[2026-08-30T12:04:10+00:00] epoch 38/40 loss=0.072643 elapsed=19.6s | cuda=715MiB allocated/5058MiB reserved
[2026-08-30T12:04:10+00:00] epoch 39/40 loss=0.072439 elapsed=20.1s | cuda=715MiB allocated/5058MiB reserved
[2026-08-30T12:04:11+00:00] epoch 40/40 loss=0.071689 elapsed=20.6s | cuda=715MiB allocated/5058MiB reserved
[2026-08-30T12:04:11+00:00] DONE ABLATION_without_domain_generalization | DG-Hetero-GNN | seed=42 | F1=0.000000 | cuda=17MiB allocated/5058MiB reserved
[2026-08-30T12:04:11+00:00] START ABLATION_without_domain_generalization | DG-Hetero-GNN | seed=123 | cuda=17MiB allocated/68MiB reserved
[2026-08-30T12:04:12+00:00] epoch 1/40 loss=0.462451 elapsed=0.5s | cuda=715MiB allocated/5056MiB reserved
[2026-08-30T12:04:13+00:00] epoch 2/40 loss=0.438149 elapsed=1.1s | cuda=715MiB allocated/5058MiB reserved
[2026-08-30T12:04:13+00:00] epoch 3/40 loss=0.417511 elapsed=1.6s | cuda=715MiB allocated/5058MiB reserved
[2026-08-30T12:04:14+00:00] epoch 4/40 loss=0.399405 elapsed=2.1s | cuda=715MiB allocated/5058MiB reserved
[2026-08-30T12:04:14+00:00] epoch 5/40 loss=0.382031 elapsed=2.6s | cuda=715MiB allocated/5058MiB reserved
[2026-08-30T12:04:15+00:00] epoch 6/40 loss=0.365027 elapsed=3.1s | cuda=715MiB allocated/5058MiB reserved
[2026-08-30T12:04:15+00:00] epoch 7/40 loss=0.346905 elapsed=3.6s | cuda=715MiB allocated/5058MiB reserved
[2026-08-30T12:04:16+00:00] epoch 8/40 loss=0.328180 elapsed=4.1s | cuda=715MiB allocated/5058MiB reserved
[2026-08-30T12:04:16+00:00] epoch 9/40 loss=0.307112 elapsed=4.7s | cuda=715MiB allocated/5058MiB reserved
[2026-08-30T12:04:17+00:00] epoch 10/40 loss=0.285037 elapsed=5.2s | cuda=715MiB allocated/5058MiB reserved
[2026-08-30T12:04:17+00:00] epoch 11/40 loss=0.260277 elapsed=5.7s | cuda=715MiB allocated/5058MiB reserved
[2026-08-30T12:04:18+00:00] epoch 12/40 loss=0.234952 elapsed=6.2s | cuda=715MiB allocated/5058MiB reserved
[2026-08-30T12:04:18+00:00] epoch 13/40 loss=0.209649 elapsed=6.7s | cuda=715MiB allocated/5058MiB reserved
[2026-08-30T12:04:19+00:00] epoch 14/40 loss=0.183899 elapsed=7.2s | cuda=715MiB allocated/5058MiB reserved
[2026-08-30T12:04:19+00:00] epoch 15/40 loss=0.159706 elapsed=7.7s | cuda=715MiB allocated/5058MiB reserved
[2026-08-30T12:04:20+00:00] epoch 16/40 loss=0.137534 elapsed=8.3s | cuda=715MiB allocated/5058MiB reserved
[2026-08-30T12:04:20+00:00] epoch 17/40 loss=0.118404 elapsed=8.8s | cuda=715MiB allocated/5058MiB reserved
[2026-08-30T12:04:21+00:00] epoch 18/40 loss=0.102484 elapsed=9.3s | cuda=715MiB allocated/5058MiB reserved
[2026-08-30T12:04:22+00:00] epoch 19/40 loss=0.090564 elapsed=9.8s | cuda=715MiB allocated/5058MiB reserved
[2026-08-30T12:04:22+00:00] epoch 20/40 loss=0.083213 elapsed=10.3s | cuda=715MiB allocated/5058MiB reserved
[2026-08-30T12:04:23+00:00] epoch 21/40 loss=0.080377 elapsed=10.8s | cuda=715MiB allocated/5058MiB reserved
[2026-08-30T12:04:23+00:00] epoch 22/40 loss=0.080343 elapsed=11.3s | cuda=715MiB allocated/5058MiB reserved
[2026-08-30T12:04:24+00:00] epoch 23/40 loss=0.082468 elapsed=11.8s | cuda=715MiB allocated/5058MiB reserved
[2026-08-30T12:04:24+00:00] epoch 24/40 loss=0.085273 elapsed=12.3s | cuda=715MiB allocated/5058MiB reserved
[2026-08-30T12:04:25+00:00] epoch 25/40 loss=0.088908 elapsed=12.9s | cuda=715MiB allocated/5058MiB reserved
[2026-08-30T12:04:25+00:00] epoch 26/40 loss=0.091969 elapsed=13.4s | cuda=715MiB allocated/5058MiB reserved
[2026-08-30T12:04:26+00:00] epoch 27/40 loss=0.094809 elapsed=13.9s | cuda=715MiB allocated/5058MiB reserved
[2026-08-30T12:04:26+00:00] epoch 28/40 loss=0.095170 elapsed=14.4s | cuda=715MiB allocated/5058MiB reserved
[2026-08-30T12:04:27+00:00] epoch 29/40 loss=0.095532 elapsed=14.9s | cuda=715MiB allocated/5058MiB reserved
[2026-08-30T12:04:27+00:00] epoch 30/40 loss=0.094122 elapsed=15.5s | cuda=715MiB allocated/5058MiB reserved
[2026-08-30T12:04:28+00:00] epoch 31/40 loss=0.091916 elapsed=16.0s | cuda=715MiB allocated/5058MiB reserved
[2026-08-30T12:04:28+00:00] epoch 32/40 loss=0.089979 elapsed=16.5s | cuda=715MiB allocated/5058MiB reserved
[2026-08-30T12:04:29+00:00] epoch 33/40 loss=0.086944 elapsed=17.0s | cuda=715MiB allocated/5058MiB reserved
[2026-08-30T12:04:29+00:00] epoch 34/40 loss=0.084041 elapsed=17.5s | cuda=715MiB allocated/5058MiB reserved
[2026-08-30T12:04:30+00:00] epoch 35/40 loss=0.081526 elapsed=18.0s | cuda=715MiB allocated/5058MiB reserved
[2026-08-30T12:04:30+00:00] epoch 36/40 loss=0.079246 elapsed=18.5s | cuda=715MiB allocated/5058MiB reserved
[2026-08-30T12:04:31+00:00] epoch 37/40 loss=0.076958 elapsed=19.1s | cuda=715MiB allocated/5058MiB reserved
[2026-08-30T12:04:31+00:00] epoch 38/40 loss=0.075771 elapsed=19.6s | cuda=715MiB allocated/5058MiB reserved
[2026-08-30T12:04:32+00:00] epoch 39/40 loss=0.074433 elapsed=20.1s | cuda=715MiB allocated/5058MiB reserved
[2026-08-30T12:04:32+00:00] epoch 40/40 loss=0.073813 elapsed=20.6s | cuda=715MiB allocated/5058MiB reserved
[2026-08-30T12:04:33+00:00] DONE ABLATION_without_domain_generalization | DG-Hetero-GNN | seed=123 | F1=0.000000 | cuda=17MiB allocated/5058MiB reserved
[2026-08-30T12:04:33+00:00] START ABLATION_without_domain_generalization | DG-Hetero-GNN | seed=3407 | cuda=17MiB allocated/68MiB reserved
[2026-08-30T12:04:34+00:00] epoch 1/40 loss=0.268318 elapsed=0.5s | cuda=715MiB allocated/5056MiB reserved
[2026-08-30T12:04:34+00:00] epoch 2/40 loss=0.241773 elapsed=1.0s | cuda=715MiB allocated/5058MiB reserved
[2026-08-30T12:04:35+00:00] epoch 3/40 loss=0.213965 elapsed=1.6s | cuda=715MiB allocated/5058MiB reserved
[2026-08-30T12:04:35+00:00] epoch 4/40 loss=0.186660 elapsed=2.1s | cuda=715MiB allocated/5058MiB reserved
[2026-08-30T12:04:36+00:00] epoch 5/40 loss=0.159873 elapsed=2.6s | cuda=715MiB allocated/5058MiB reserved
[2026-08-30T12:04:36+00:00] epoch 6/40 loss=0.135842 elapsed=3.1s | cuda=715MiB allocated/5058MiB reserved
[2026-08-30T12:04:37+00:00] epoch 7/40 loss=0.114744 elapsed=3.6s | cuda=715MiB allocated/5058MiB reserved
[2026-08-30T12:04:37+00:00] epoch 8/40 loss=0.097407 elapsed=4.2s | cuda=715MiB allocated/5058MiB reserved
[2026-08-30T12:04:38+00:00] epoch 9/40 loss=0.085193 elapsed=4.7s | cuda=715MiB allocated/5058MiB reserved
[2026-08-30T12:04:38+00:00] epoch 10/40 loss=0.077991 elapsed=5.2s | cuda=715MiB allocated/5058MiB reserved
[2026-08-30T12:04:39+00:00] epoch 11/40 loss=0.075422 elapsed=5.7s | cuda=715MiB allocated/5058MiB reserved
[2026-08-30T12:04:39+00:00] epoch 12/40 loss=0.076310 elapsed=6.2s | cuda=715MiB allocated/5058MiB reserved
[2026-08-30T12:04:40+00:00] epoch 13/40 loss=0.079071 elapsed=6.8s | cuda=715MiB allocated/5058MiB reserved
[2026-08-30T12:04:40+00:00] epoch 14/40 loss=0.082571 elapsed=7.3s | cuda=715MiB allocated/5058MiB reserved
[2026-08-30T12:04:41+00:00] epoch 15/40 loss=0.086002 elapsed=7.8s | cuda=715MiB allocated/5058MiB reserved
[2026-08-30T12:04:41+00:00] epoch 16/40 loss=0.087658 elapsed=8.3s | cuda=715MiB allocated/5058MiB reserved
[2026-08-30T12:04:42+00:00] epoch 17/40 loss=0.088387 elapsed=8.8s | cuda=715MiB allocated/5058MiB reserved
[2026-08-30T12:04:42+00:00] epoch 18/40 loss=0.087041 elapsed=9.4s | cuda=715MiB allocated/5058MiB reserved
[2026-08-30T12:04:43+00:00] epoch 19/40 loss=0.085232 elapsed=9.9s | cuda=715MiB allocated/5058MiB reserved
[2026-08-30T12:04:43+00:00] epoch 20/40 loss=0.083121 elapsed=10.4s | cuda=715MiB allocated/5058MiB reserved
[2026-08-30T12:04:44+00:00] epoch 21/40 loss=0.080265 elapsed=10.9s | cuda=715MiB allocated/5058MiB reserved
[2026-08-30T12:04:44+00:00] epoch 22/40 loss=0.077774 elapsed=11.4s | cuda=715MiB allocated/5058MiB reserved
[2026-08-30T12:04:45+00:00] epoch 23/40 loss=0.075436 elapsed=11.9s | cuda=715MiB allocated/5058MiB reserved
[2026-08-30T12:04:46+00:00] epoch 24/40 loss=0.073378 elapsed=12.4s | cuda=715MiB allocated/5058MiB reserved
[2026-08-30T12:04:46+00:00] epoch 25/40 loss=0.071736 elapsed=13.0s | cuda=715MiB allocated/5058MiB reserved
[2026-08-30T12:04:47+00:00] epoch 26/40 loss=0.070960 elapsed=13.5s | cuda=715MiB allocated/5058MiB reserved
[2026-08-30T12:04:47+00:00] epoch 27/40 loss=0.070511 elapsed=14.0s | cuda=715MiB allocated/5058MiB reserved
[2026-08-30T12:04:48+00:00] epoch 28/40 loss=0.070420 elapsed=14.5s | cuda=715MiB allocated/5058MiB reserved
[2026-08-30T12:04:48+00:00] epoch 29/40 loss=0.070665 elapsed=15.0s | cuda=715MiB allocated/5058MiB reserved
[2026-08-30T12:04:49+00:00] epoch 30/40 loss=0.071183 elapsed=15.6s | cuda=715MiB allocated/5058MiB reserved
[2026-08-30T12:04:49+00:00] epoch 31/40 loss=0.071355 elapsed=16.1s | cuda=715MiB allocated/5058MiB reserved
[2026-08-30T12:04:50+00:00] epoch 32/40 loss=0.071636 elapsed=16.6s | cuda=715MiB allocated/5058MiB reserved
[2026-08-30T12:04:50+00:00] epoch 33/40 loss=0.071511 elapsed=17.1s | cuda=715MiB allocated/5058MiB reserved
[2026-08-30T12:04:51+00:00] epoch 34/40 loss=0.071328 elapsed=17.6s | cuda=715MiB allocated/5058MiB reserved
[2026-08-30T12:04:51+00:00] epoch 35/40 loss=0.070818 elapsed=18.1s | cuda=715MiB allocated/5058MiB reserved
[2026-08-30T12:04:52+00:00] epoch 36/40 loss=0.070379 elapsed=18.6s | cuda=715MiB allocated/5058MiB reserved
[2026-08-30T12:04:52+00:00] epoch 37/40 loss=0.069980 elapsed=19.2s | cuda=715MiB allocated/5058MiB reserved
[2026-08-30T12:04:53+00:00] epoch 38/40 loss=0.069129 elapsed=19.7s | cuda=715MiB allocated/5058MiB reserved
[2026-08-30T12:04:53+00:00] epoch 39/40 loss=0.068609 elapsed=20.2s | cuda=715MiB allocated/5058MiB reserved
[2026-08-30T12:04:54+00:00] epoch 40/40 loss=0.068024 elapsed=20.7s | cuda=715MiB allocated/5058MiB reserved
[2026-08-30T12:04:54+00:00] DONE ABLATION_without_domain_generalization | DG-Hetero-GNN | seed=3407 | F1=0.000000 | cuda=17MiB allocated/5058MiB reserved
[2026-08-30T12:04:54+00:00] START ABLATION_without_domain_generalization | DG-Hetero-GNN | seed=2025 | cuda=17MiB allocated/68MiB reserved
[2026-08-30T12:04:55+00:00] epoch 1/40 loss=0.411442 elapsed=0.5s | cuda=715MiB allocated/5056MiB reserved
[2026-08-30T12:04:56+00:00] epoch 2/40 loss=0.380355 elapsed=1.1s | cuda=715MiB allocated/5058MiB reserved
[2026-08-30T12:04:56+00:00] epoch 3/40 loss=0.347276 elapsed=1.6s | cuda=715MiB allocated/5058MiB reserved
[2026-08-30T12:04:57+00:00] epoch 4/40 loss=0.312556 elapsed=2.1s | cuda=715MiB allocated/5058MiB reserved
[2026-08-30T12:04:57+00:00] epoch 5/40 loss=0.278643 elapsed=2.6s | cuda=715MiB allocated/5058MiB reserved
[2026-08-30T12:04:58+00:00] epoch 6/40 loss=0.244037 elapsed=3.1s | cuda=715MiB allocated/5058MiB reserved
[2026-08-30T12:04:58+00:00] epoch 7/40 loss=0.211281 elapsed=3.6s | cuda=715MiB allocated/5058MiB reserved
[2026-08-30T12:04:59+00:00] epoch 8/40 loss=0.180281 elapsed=4.1s | cuda=715MiB allocated/5058MiB reserved
[2026-08-30T12:04:59+00:00] epoch 9/40 loss=0.151609 elapsed=4.7s | cuda=715MiB allocated/5058MiB reserved
[2026-08-30T12:05:00+00:00] epoch 10/40 loss=0.125992 elapsed=5.2s | cuda=715MiB allocated/5058MiB reserved
[2026-08-30T12:05:00+00:00] epoch 11/40 loss=0.106253 elapsed=5.7s | cuda=715MiB allocated/5058MiB reserved
[2026-08-30T12:05:01+00:00] epoch 12/40 loss=0.091459 elapsed=6.2s | cuda=715MiB allocated/5058MiB reserved
[2026-08-30T12:05:01+00:00] epoch 13/40 loss=0.082391 elapsed=6.7s | cuda=715MiB allocated/5058MiB reserved
[2026-08-30T12:05:02+00:00] epoch 14/40 loss=0.078640 elapsed=7.2s | cuda=715MiB allocated/5058MiB reserved
[2026-08-30T12:05:02+00:00] epoch 15/40 loss=0.078534 elapsed=7.8s | cuda=715MiB allocated/5058MiB reserved
[2026-08-30T12:05:03+00:00] epoch 16/40 loss=0.081475 elapsed=8.3s | cuda=715MiB allocated/5058MiB reserved
[2026-08-30T12:05:03+00:00] epoch 17/40 loss=0.085946 elapsed=8.8s | cuda=715MiB allocated/5058MiB reserved
[2026-08-30T12:05:04+00:00] epoch 18/40 loss=0.090045 elapsed=9.3s | cuda=715MiB allocated/5058MiB reserved
[2026-08-30T12:05:04+00:00] epoch 19/40 loss=0.094047 elapsed=9.8s | cuda=715MiB allocated/5058MiB reserved
[2026-08-30T12:05:05+00:00] epoch 20/40 loss=0.095274 elapsed=10.4s | cuda=715MiB allocated/5058MiB reserved
[2026-08-30T12:05:05+00:00] epoch 21/40 loss=0.096231 elapsed=10.9s | cuda=715MiB allocated/5058MiB reserved
[2026-08-30T12:05:06+00:00] epoch 22/40 loss=0.095460 elapsed=11.4s | cuda=715MiB allocated/5058MiB reserved
[2026-08-30T12:05:06+00:00] epoch 23/40 loss=0.093268 elapsed=11.9s | cuda=715MiB allocated/5058MiB reserved
[2026-08-30T12:05:07+00:00] epoch 24/40 loss=0.090131 elapsed=12.4s | cuda=715MiB allocated/5058MiB reserved
[2026-08-30T12:05:08+00:00] epoch 25/40 loss=0.087213 elapsed=12.9s | cuda=715MiB allocated/5058MiB reserved
[2026-08-30T12:05:08+00:00] epoch 26/40 loss=0.083908 elapsed=13.4s | cuda=715MiB allocated/5058MiB reserved
[2026-08-30T12:05:09+00:00] epoch 27/40 loss=0.080638 elapsed=14.0s | cuda=715MiB allocated/5058MiB reserved
[2026-08-30T12:05:09+00:00] epoch 28/40 loss=0.077768 elapsed=14.5s | cuda=715MiB allocated/5058MiB reserved
[2026-08-30T12:05:10+00:00] epoch 29/40 loss=0.075658 elapsed=15.0s | cuda=715MiB allocated/5058MiB reserved
[2026-08-30T12:05:10+00:00] epoch 30/40 loss=0.073565 elapsed=15.5s | cuda=715MiB allocated/5058MiB reserved
[2026-08-30T12:05:11+00:00] epoch 31/40 loss=0.072957 elapsed=16.0s | cuda=715MiB allocated/5058MiB reserved
[2026-08-30T12:05:11+00:00] epoch 32/40 loss=0.072210 elapsed=16.5s | cuda=715MiB allocated/5058MiB reserved
[2026-08-30T12:05:12+00:00] epoch 33/40 loss=0.072692 elapsed=17.0s | cuda=715MiB allocated/5058MiB reserved
[2026-08-30T12:05:12+00:00] epoch 34/40 loss=0.072740 elapsed=17.5s | cuda=715MiB allocated/5058MiB reserved
[2026-08-30T12:05:13+00:00] epoch 35/40 loss=0.073176 elapsed=18.0s | cuda=715MiB allocated/5058MiB reserved
[2026-08-30T12:05:13+00:00] epoch 36/40 loss=0.073834 elapsed=18.6s | cuda=715MiB allocated/5058MiB reserved
[2026-08-30T12:05:14+00:00] epoch 37/40 loss=0.073853 elapsed=19.1s | cuda=715MiB allocated/5058MiB reserved
[2026-08-30T12:05:14+00:00] epoch 38/40 loss=0.074029 elapsed=19.6s | cuda=715MiB allocated/5058MiB reserved
[2026-08-30T12:05:15+00:00] epoch 39/40 loss=0.073857 elapsed=20.1s | cuda=715MiB allocated/5058MiB reserved
[2026-08-30T12:05:15+00:00] epoch 40/40 loss=0.073419 elapsed=20.6s | cuda=715MiB allocated/5058MiB reserved
[2026-08-30T12:05:16+00:00] DONE ABLATION_without_domain_generalization | DG-Hetero-GNN | seed=2025 | F1=0.000000 | cuda=17MiB allocated/5058MiB reserved
[2026-08-30T12:05:16+00:00] START ABLATION_without_domain_generalization | DG-Hetero-GNN | seed=9999 | cuda=17MiB allocated/68MiB reserved
[2026-08-30T12:05:16+00:00] epoch 1/40 loss=0.389102 elapsed=0.5s | cuda=715MiB allocated/5056MiB reserved
[2026-08-30T12:05:17+00:00] epoch 2/40 loss=0.350273 elapsed=1.0s | cuda=715MiB allocated/5058MiB reserved
[2026-08-30T12:05:17+00:00] epoch 3/40 loss=0.312003 elapsed=1.6s | cuda=715MiB allocated/5058MiB reserved
[2026-08-30T12:05:18+00:00] epoch 4/40 loss=0.270786 elapsed=2.1s | cuda=715MiB allocated/5058MiB reserved
[2026-08-30T12:05:18+00:00] epoch 5/40 loss=0.230293 elapsed=2.6s | cuda=715MiB allocated/5058MiB reserved
[2026-08-30T12:05:19+00:00] epoch 6/40 loss=0.192001 elapsed=3.1s | cuda=715MiB allocated/5058MiB reserved
[2026-08-30T12:05:19+00:00] epoch 7/40 loss=0.157495 elapsed=3.6s | cuda=715MiB allocated/5058MiB reserved
[2026-08-30T12:05:20+00:00] epoch 8/40 loss=0.127230 elapsed=4.1s | cuda=715MiB allocated/5058MiB reserved
[2026-08-30T12:05:21+00:00] epoch 9/40 loss=0.103113 elapsed=4.6s | cuda=715MiB allocated/5058MiB reserved
[2026-08-30T12:05:21+00:00] epoch 10/40 loss=0.086742 elapsed=5.1s | cuda=715MiB allocated/5058MiB reserved
[2026-08-30T12:05:22+00:00] epoch 11/40 loss=0.077412 elapsed=5.6s | cuda=715MiB allocated/5058MiB reserved
[2026-08-30T12:05:22+00:00] epoch 12/40 loss=0.074600 elapsed=6.2s | cuda=715MiB allocated/5058MiB reserved
[2026-08-30T12:05:23+00:00] epoch 13/40 loss=0.076650 elapsed=6.7s | cuda=715MiB allocated/5058MiB reserved
[2026-08-30T12:05:23+00:00] epoch 14/40 loss=0.081840 elapsed=7.2s | cuda=715MiB allocated/5058MiB reserved
[2026-08-30T12:05:24+00:00] epoch 15/40 loss=0.087671 elapsed=7.7s | cuda=715MiB allocated/5058MiB reserved
[2026-08-30T12:05:24+00:00] epoch 16/40 loss=0.092078 elapsed=8.2s | cuda=715MiB allocated/5058MiB reserved
[2026-08-30T12:05:25+00:00] epoch 17/40 loss=0.094505 elapsed=8.7s | cuda=715MiB allocated/5058MiB reserved
[2026-08-30T12:05:25+00:00] epoch 18/40 loss=0.094824 elapsed=9.2s | cuda=715MiB allocated/5058MiB reserved
[2026-08-30T12:05:26+00:00] epoch 19/40 loss=0.094991 elapsed=9.7s | cuda=715MiB allocated/5058MiB reserved
[2026-08-30T12:05:26+00:00] epoch 20/40 loss=0.092764 elapsed=10.3s | cuda=715MiB allocated/5058MiB reserved
[2026-08-30T12:05:27+00:00] epoch 21/40 loss=0.088668 elapsed=10.8s | cuda=715MiB allocated/5058MiB reserved
[2026-08-30T12:05:27+00:00] epoch 22/40 loss=0.085735 elapsed=11.3s | cuda=715MiB allocated/5058MiB reserved
[2026-08-30T12:05:28+00:00] epoch 23/40 loss=0.081210 elapsed=11.8s | cuda=715MiB allocated/5058MiB reserved
[2026-08-30T12:05:28+00:00] epoch 24/40 loss=0.078295 elapsed=12.3s | cuda=715MiB allocated/5058MiB reserved
[2026-08-30T12:05:29+00:00] epoch 25/40 loss=0.075352 elapsed=12.8s | cuda=715MiB allocated/5058MiB reserved
[2026-08-30T12:05:29+00:00] epoch 26/40 loss=0.072686 elapsed=13.3s | cuda=715MiB allocated/5058MiB reserved
[2026-08-30T12:05:30+00:00] epoch 27/40 loss=0.071612 elapsed=13.8s | cuda=715MiB allocated/5058MiB reserved
[2026-08-30T12:05:30+00:00] epoch 28/40 loss=0.071031 elapsed=14.3s | cuda=715MiB allocated/5058MiB reserved
[2026-08-30T12:05:31+00:00] epoch 29/40 loss=0.070617 elapsed=14.9s | cuda=715MiB allocated/5058MiB reserved
[2026-08-30T12:05:31+00:00] epoch 30/40 loss=0.070804 elapsed=15.4s | cuda=715MiB allocated/5058MiB reserved
[2026-08-30T12:05:32+00:00] epoch 31/40 loss=0.071316 elapsed=15.9s | cuda=715MiB allocated/5058MiB reserved
[2026-08-30T12:05:32+00:00] epoch 32/40 loss=0.071895 elapsed=16.4s | cuda=715MiB allocated/5058MiB reserved
[2026-08-30T12:05:33+00:00] epoch 33/40 loss=0.072172 elapsed=16.9s | cuda=715MiB allocated/5058MiB reserved
[2026-08-30T12:05:33+00:00] epoch 34/40 loss=0.072610 elapsed=17.4s | cuda=715MiB allocated/5058MiB reserved
[2026-08-30T12:05:34+00:00] epoch 35/40 loss=0.072665 elapsed=17.9s | cuda=715MiB allocated/5058MiB reserved
[2026-08-30T12:05:34+00:00] epoch 36/40 loss=0.072503 elapsed=18.4s | cuda=715MiB allocated/5058MiB reserved
[2026-08-30T12:05:35+00:00] epoch 37/40 loss=0.072294 elapsed=19.0s | cuda=715MiB allocated/5058MiB reserved
[2026-08-30T12:05:35+00:00] epoch 38/40 loss=0.071595 elapsed=19.5s | cuda=715MiB allocated/5058MiB reserved
[2026-08-30T12:05:36+00:00] epoch 39/40 loss=0.070833 elapsed=20.0s | cuda=715MiB allocated/5058MiB reserved
[2026-08-30T12:05:36+00:00] epoch 40/40 loss=0.070342 elapsed=20.5s | cuda=715MiB allocated/5058MiB reserved
[2026-08-30T12:05:37+00:00] DONE ABLATION_without_domain_generalization | DG-Hetero-GNN | seed=9999 | F1=0.076923 | cuda=17MiB allocated/5058MiB reserved
[2026-08-30T12:05:37+00:00] START ABLATION_without_deep_classifier | DG-Hetero-GNN | seed=42 | cuda=17MiB allocated/68MiB reserved
[2026-08-30T12:05:38+00:00] epoch 1/40 loss=0.567890 elapsed=0.5s | cuda=634MiB allocated/4488MiB reserved
[2026-08-30T12:05:38+00:00] epoch 2/40 loss=0.481969 elapsed=1.0s | cuda=634MiB allocated/4626MiB reserved
[2026-08-30T12:05:39+00:00] epoch 3/40 loss=0.440167 elapsed=1.6s | cuda=635MiB allocated/4626MiB reserved
[2026-08-30T12:05:39+00:00] epoch 4/40 loss=0.429322 elapsed=2.1s | cuda=634MiB allocated/4626MiB reserved
[2026-08-30T12:05:40+00:00] epoch 5/40 loss=0.437023 elapsed=2.6s | cuda=635MiB allocated/4626MiB reserved
[2026-08-30T12:05:40+00:00] epoch 6/40 loss=0.451547 elapsed=3.1s | cuda=634MiB allocated/4626MiB reserved
[2026-08-30T12:05:41+00:00] epoch 7/40 loss=0.471105 elapsed=3.6s | cuda=635MiB allocated/4626MiB reserved
[2026-08-30T12:05:41+00:00] epoch 8/40 loss=0.490671 elapsed=4.1s | cuda=634MiB allocated/4626MiB reserved
[2026-08-30T12:05:42+00:00] epoch 9/40 loss=0.507203 elapsed=4.6s | cuda=635MiB allocated/4626MiB reserved
[2026-08-30T12:05:42+00:00] epoch 10/40 loss=0.522025 elapsed=5.1s | cuda=634MiB allocated/4626MiB reserved
[2026-08-30T12:05:43+00:00] epoch 11/40 loss=0.537026 elapsed=5.6s | cuda=635MiB allocated/4626MiB reserved
[2026-08-30T12:05:43+00:00] epoch 12/40 loss=0.554573 elapsed=6.1s | cuda=634MiB allocated/4626MiB reserved
[2026-08-30T12:05:44+00:00] epoch 13/40 loss=0.572309 elapsed=6.6s | cuda=635MiB allocated/4626MiB reserved
[2026-08-30T12:05:44+00:00] epoch 14/40 loss=0.586865 elapsed=7.1s | cuda=634MiB allocated/4626MiB reserved
[2026-08-30T12:05:45+00:00] epoch 15/40 loss=0.606675 elapsed=7.7s | cuda=635MiB allocated/4626MiB reserved
[2026-08-30T12:05:45+00:00] epoch 16/40 loss=0.628246 elapsed=8.2s | cuda=634MiB allocated/4626MiB reserved
[2026-08-30T12:05:46+00:00] epoch 17/40 loss=0.647590 elapsed=8.7s | cuda=635MiB allocated/4626MiB reserved
[2026-08-30T12:05:46+00:00] epoch 18/40 loss=0.674998 elapsed=9.2s | cuda=634MiB allocated/4626MiB reserved
[2026-08-30T12:05:47+00:00] epoch 19/40 loss=0.701202 elapsed=9.7s | cuda=635MiB allocated/4626MiB reserved
[2026-08-30T12:05:47+00:00] epoch 20/40 loss=0.734015 elapsed=10.2s | cuda=634MiB allocated/4626MiB reserved
[2026-08-30T12:05:48+00:00] epoch 21/40 loss=0.762015 elapsed=10.7s | cuda=635MiB allocated/4626MiB reserved
[2026-08-30T12:05:48+00:00] epoch 22/40 loss=0.797865 elapsed=11.2s | cuda=634MiB allocated/4626MiB reserved
[2026-08-30T12:05:49+00:00] epoch 23/40 loss=0.832876 elapsed=11.7s | cuda=635MiB allocated/4626MiB reserved
[2026-08-30T12:05:49+00:00] epoch 24/40 loss=0.863250 elapsed=12.2s | cuda=634MiB allocated/4626MiB reserved
[2026-08-30T12:05:50+00:00] epoch 25/40 loss=0.902219 elapsed=12.7s | cuda=635MiB allocated/4626MiB reserved
[2026-08-30T12:05:50+00:00] epoch 26/40 loss=0.941815 elapsed=13.2s | cuda=634MiB allocated/4626MiB reserved
[2026-08-30T12:05:51+00:00] epoch 27/40 loss=0.984129 elapsed=13.7s | cuda=635MiB allocated/4626MiB reserved
[2026-08-30T12:05:51+00:00] epoch 28/40 loss=1.026367 elapsed=14.3s | cuda=634MiB allocated/4626MiB reserved
[2026-08-30T12:05:52+00:00] epoch 29/40 loss=1.067764 elapsed=14.8s | cuda=635MiB allocated/4626MiB reserved
[2026-08-30T12:05:52+00:00] epoch 30/40 loss=1.110633 elapsed=15.3s | cuda=634MiB allocated/4626MiB reserved
[2026-08-30T12:05:53+00:00] epoch 31/40 loss=1.156588 elapsed=15.8s | cuda=635MiB allocated/4626MiB reserved
[2026-08-30T12:05:53+00:00] epoch 32/40 loss=1.208015 elapsed=16.3s | cuda=634MiB allocated/4626MiB reserved
[2026-08-30T12:05:54+00:00] epoch 33/40 loss=1.251596 elapsed=16.8s | cuda=635MiB allocated/4626MiB reserved
[2026-08-30T12:05:54+00:00] epoch 34/40 loss=1.302145 elapsed=17.3s | cuda=634MiB allocated/4626MiB reserved
[2026-08-30T12:05:55+00:00] epoch 35/40 loss=1.339924 elapsed=17.8s | cuda=635MiB allocated/4626MiB reserved
[2026-08-30T12:05:55+00:00] epoch 36/40 loss=1.403124 elapsed=18.3s | cuda=634MiB allocated/4626MiB reserved
[2026-08-30T12:05:56+00:00] epoch 37/40 loss=1.443647 elapsed=18.8s | cuda=635MiB allocated/4626MiB reserved
[2026-08-30T12:05:56+00:00] epoch 38/40 loss=1.498794 elapsed=19.3s | cuda=634MiB allocated/4626MiB reserved
[2026-08-30T12:05:57+00:00] epoch 39/40 loss=1.551853 elapsed=19.8s | cuda=635MiB allocated/4626MiB reserved
[2026-08-30T12:05:57+00:00] epoch 40/40 loss=1.594515 elapsed=20.3s | cuda=634MiB allocated/4626MiB reserved
[2026-08-30T12:05:58+00:00] DONE ABLATION_without_deep_classifier | DG-Hetero-GNN | seed=42 | F1=0.324324 | cuda=17MiB allocated/4626MiB reserved
[2026-08-30T12:05:58+00:00] START ABLATION_without_deep_classifier | DG-Hetero-GNN | seed=123 | cuda=17MiB allocated/68MiB reserved
[2026-08-30T12:05:59+00:00] epoch 1/40 loss=0.536037 elapsed=0.5s | cuda=634MiB allocated/4488MiB reserved
[2026-08-30T12:05:59+00:00] epoch 2/40 loss=0.467239 elapsed=1.0s | cuda=634MiB allocated/4626MiB reserved
[2026-08-30T12:06:00+00:00] epoch 3/40 loss=0.427523 elapsed=1.5s | cuda=635MiB allocated/4626MiB reserved
[2026-08-30T12:06:00+00:00] epoch 4/40 loss=0.410315 elapsed=2.1s | cuda=634MiB allocated/4626MiB reserved
[2026-08-30T12:06:01+00:00] epoch 5/40 loss=0.407620 elapsed=2.6s | cuda=635MiB allocated/4626MiB reserved
[2026-08-30T12:06:01+00:00] epoch 6/40 loss=0.412299 elapsed=3.1s | cuda=634MiB allocated/4626MiB reserved
[2026-08-30T12:06:02+00:00] epoch 7/40 loss=0.418488 elapsed=3.6s | cuda=635MiB allocated/4626MiB reserved
[2026-08-30T12:06:02+00:00] epoch 8/40 loss=0.423913 elapsed=4.1s | cuda=634MiB allocated/4626MiB reserved
[2026-08-30T12:06:03+00:00] epoch 9/40 loss=0.427844 elapsed=4.6s | cuda=635MiB allocated/4626MiB reserved
[2026-08-30T12:06:03+00:00] epoch 10/40 loss=0.429892 elapsed=5.1s | cuda=634MiB allocated/4626MiB reserved
[2026-08-30T12:06:04+00:00] epoch 11/40 loss=0.431026 elapsed=5.6s | cuda=635MiB allocated/4626MiB reserved
[2026-08-30T12:06:04+00:00] epoch 12/40 loss=0.430944 elapsed=6.1s | cuda=634MiB allocated/4626MiB reserved
[2026-08-30T12:06:05+00:00] epoch 13/40 loss=0.431233 elapsed=6.6s | cuda=635MiB allocated/4626MiB reserved
[2026-08-30T12:06:05+00:00] epoch 14/40 loss=0.430339 elapsed=7.1s | cuda=634MiB allocated/4626MiB reserved
[2026-08-30T12:06:06+00:00] epoch 15/40 loss=0.430817 elapsed=7.6s | cuda=635MiB allocated/4626MiB reserved
[2026-08-30T12:06:06+00:00] epoch 16/40 loss=0.431193 elapsed=8.1s | cuda=634MiB allocated/4626MiB reserved
[2026-08-30T12:06:07+00:00] epoch 17/40 loss=0.433290 elapsed=8.6s | cuda=635MiB allocated/4626MiB reserved
[2026-08-30T12:06:07+00:00] epoch 18/40 loss=0.435218 elapsed=9.2s | cuda=634MiB allocated/4626MiB reserved
[2026-08-30T12:06:08+00:00] epoch 19/40 loss=0.437627 elapsed=9.7s | cuda=635MiB allocated/4626MiB reserved
[2026-08-30T12:06:08+00:00] epoch 20/40 loss=0.440729 elapsed=10.2s | cuda=634MiB allocated/4626MiB reserved
[2026-08-30T12:06:09+00:00] epoch 21/40 loss=0.443791 elapsed=10.7s | cuda=635MiB allocated/4626MiB reserved
[2026-08-30T12:06:09+00:00] epoch 22/40 loss=0.447155 elapsed=11.2s | cuda=634MiB allocated/4626MiB reserved
[2026-08-30T12:06:10+00:00] epoch 23/40 loss=0.450467 elapsed=11.7s | cuda=635MiB allocated/4626MiB reserved
[2026-08-30T12:06:10+00:00] epoch 24/40 loss=0.454451 elapsed=12.2s | cuda=634MiB allocated/4626MiB reserved
[2026-08-30T12:06:11+00:00] epoch 25/40 loss=0.458220 elapsed=12.7s | cuda=635MiB allocated/4626MiB reserved
[2026-08-30T12:06:11+00:00] epoch 26/40 loss=0.462697 elapsed=13.2s | cuda=634MiB allocated/4626MiB reserved
[2026-08-30T12:06:12+00:00] epoch 27/40 loss=0.467290 elapsed=13.7s | cuda=635MiB allocated/4626MiB reserved
[2026-08-30T12:06:12+00:00] epoch 28/40 loss=0.472685 elapsed=14.2s | cuda=634MiB allocated/4626MiB reserved
[2026-08-30T12:06:13+00:00] epoch 29/40 loss=0.478142 elapsed=14.7s | cuda=635MiB allocated/4626MiB reserved
[2026-08-30T12:06:13+00:00] epoch 30/40 loss=0.483952 elapsed=15.2s | cuda=634MiB allocated/4626MiB reserved
[2026-08-30T12:06:14+00:00] epoch 31/40 loss=0.490109 elapsed=15.7s | cuda=635MiB allocated/4626MiB reserved
[2026-08-30T12:06:14+00:00] epoch 32/40 loss=0.496877 elapsed=16.2s | cuda=634MiB allocated/4626MiB reserved
[2026-08-30T12:06:15+00:00] epoch 33/40 loss=0.503563 elapsed=16.8s | cuda=635MiB allocated/4626MiB reserved
[2026-08-30T12:06:15+00:00] epoch 34/40 loss=0.510992 elapsed=17.3s | cuda=634MiB allocated/4626MiB reserved
[2026-08-30T12:06:16+00:00] epoch 35/40 loss=0.518330 elapsed=17.8s | cuda=635MiB allocated/4626MiB reserved
[2026-08-30T12:06:16+00:00] epoch 36/40 loss=0.526985 elapsed=18.3s | cuda=634MiB allocated/4626MiB reserved
[2026-08-30T12:06:17+00:00] epoch 37/40 loss=0.535551 elapsed=18.8s | cuda=635MiB allocated/4626MiB reserved
[2026-08-30T12:06:17+00:00] epoch 38/40 loss=0.545689 elapsed=19.3s | cuda=634MiB allocated/4626MiB reserved
[2026-08-30T12:06:18+00:00] epoch 39/40 loss=0.555398 elapsed=19.8s | cuda=635MiB allocated/4626MiB reserved
[2026-08-30T12:06:18+00:00] epoch 40/40 loss=0.566825 elapsed=20.3s | cuda=634MiB allocated/4626MiB reserved
[2026-08-30T12:06:19+00:00] DONE ABLATION_without_deep_classifier | DG-Hetero-GNN | seed=123 | F1=0.000000 | cuda=17MiB allocated/4626MiB reserved
[2026-08-30T12:06:19+00:00] START ABLATION_without_deep_classifier | DG-Hetero-GNN | seed=3407 | cuda=17MiB allocated/68MiB reserved
[2026-08-30T12:06:20+00:00] epoch 1/40 loss=0.767770 elapsed=0.5s | cuda=634MiB allocated/4488MiB reserved
[2026-08-30T12:06:20+00:00] epoch 2/40 loss=0.626079 elapsed=1.0s | cuda=634MiB allocated/4626MiB reserved
[2026-08-30T12:06:21+00:00] epoch 3/40 loss=0.531860 elapsed=1.5s | cuda=635MiB allocated/4626MiB reserved
[2026-08-30T12:06:21+00:00] epoch 4/40 loss=0.473704 elapsed=2.0s | cuda=634MiB allocated/4626MiB reserved
[2026-08-30T12:06:22+00:00] epoch 5/40 loss=0.440674 elapsed=2.6s | cuda=635MiB allocated/4626MiB reserved
[2026-08-30T12:06:22+00:00] epoch 6/40 loss=0.426811 elapsed=3.1s | cuda=634MiB allocated/4626MiB reserved
[2026-08-30T12:06:23+00:00] epoch 7/40 loss=0.425383 elapsed=3.6s | cuda=635MiB allocated/4626MiB reserved
[2026-08-30T12:06:23+00:00] epoch 8/40 loss=0.433221 elapsed=4.1s | cuda=634MiB allocated/4626MiB reserved
[2026-08-30T12:06:24+00:00] epoch 9/40 loss=0.445240 elapsed=4.6s | cuda=635MiB allocated/4626MiB reserved
[2026-08-30T12:06:24+00:00] epoch 10/40 loss=0.458271 elapsed=5.1s | cuda=634MiB allocated/4626MiB reserved
[2026-08-30T12:06:25+00:00] epoch 11/40 loss=0.473341 elapsed=5.6s | cuda=635MiB allocated/4626MiB reserved
[2026-08-30T12:06:25+00:00] epoch 12/40 loss=0.489060 elapsed=6.1s | cuda=634MiB allocated/4626MiB reserved
[2026-08-30T12:06:26+00:00] epoch 13/40 loss=0.502262 elapsed=6.6s | cuda=635MiB allocated/4626MiB reserved
[2026-08-30T12:06:26+00:00] epoch 14/40 loss=0.516153 elapsed=7.1s | cuda=634MiB allocated/4626MiB reserved
[2026-08-30T12:06:27+00:00] epoch 15/40 loss=0.527963 elapsed=7.6s | cuda=635MiB allocated/4626MiB reserved
[2026-08-30T12:06:27+00:00] epoch 16/40 loss=0.542926 elapsed=8.1s | cuda=634MiB allocated/4626MiB reserved
[2026-08-30T12:06:28+00:00] epoch 17/40 loss=0.557173 elapsed=8.7s | cuda=635MiB allocated/4626MiB reserved
[2026-08-30T12:06:28+00:00] epoch 18/40 loss=0.573172 elapsed=9.2s | cuda=634MiB allocated/4626MiB reserved
[2026-08-30T12:06:29+00:00] epoch 19/40 loss=0.591055 elapsed=9.7s | cuda=635MiB allocated/4626MiB reserved
[2026-08-30T12:06:29+00:00] epoch 20/40 loss=0.607668 elapsed=10.2s | cuda=634MiB allocated/4626MiB reserved
[2026-08-30T12:06:30+00:00] epoch 21/40 loss=0.627099 elapsed=10.7s | cuda=635MiB allocated/4626MiB reserved
[2026-08-30T12:06:30+00:00] epoch 22/40 loss=0.646992 elapsed=11.2s | cuda=634MiB allocated/4626MiB reserved
[2026-08-30T12:06:31+00:00] epoch 23/40 loss=0.669156 elapsed=11.7s | cuda=635MiB allocated/4626MiB reserved
[2026-08-30T12:06:31+00:00] epoch 24/40 loss=0.694545 elapsed=12.2s | cuda=634MiB allocated/4626MiB reserved
[2026-08-30T12:06:32+00:00] epoch 25/40 loss=0.720409 elapsed=12.7s | cuda=635MiB allocated/4626MiB reserved
[2026-08-30T12:06:32+00:00] epoch 26/40 loss=0.747264 elapsed=13.2s | cuda=634MiB allocated/4626MiB reserved
[2026-08-30T12:06:33+00:00] epoch 27/40 loss=0.777329 elapsed=13.7s | cuda=635MiB allocated/4626MiB reserved
[2026-08-30T12:06:33+00:00] epoch 28/40 loss=0.803342 elapsed=14.2s | cuda=634MiB allocated/4626MiB reserved
[2026-08-30T12:06:34+00:00] epoch 29/40 loss=0.837137 elapsed=14.7s | cuda=635MiB allocated/4626MiB reserved
[2026-08-30T12:06:34+00:00] epoch 30/40 loss=0.869703 elapsed=15.2s | cuda=634MiB allocated/4626MiB reserved
[2026-08-30T12:06:35+00:00] epoch 31/40 loss=0.907880 elapsed=15.7s | cuda=635MiB allocated/4626MiB reserved
[2026-08-30T12:06:35+00:00] epoch 32/40 loss=0.939941 elapsed=16.2s | cuda=634MiB allocated/4626MiB reserved
[2026-08-30T12:06:36+00:00] epoch 33/40 loss=0.976193 elapsed=16.8s | cuda=635MiB allocated/4626MiB reserved
[2026-08-30T12:06:36+00:00] epoch 34/40 loss=1.014907 elapsed=17.3s | cuda=634MiB allocated/4626MiB reserved
[2026-08-30T12:06:37+00:00] epoch 35/40 loss=1.057991 elapsed=17.8s | cuda=635MiB allocated/4626MiB reserved
[2026-08-30T12:06:37+00:00] epoch 36/40 loss=1.093203 elapsed=18.3s | cuda=634MiB allocated/4626MiB reserved
[2026-08-30T12:06:38+00:00] epoch 37/40 loss=1.138061 elapsed=18.8s | cuda=635MiB allocated/4626MiB reserved
[2026-08-30T12:06:38+00:00] epoch 38/40 loss=1.175208 elapsed=19.3s | cuda=634MiB allocated/4626MiB reserved
[2026-08-30T12:06:39+00:00] epoch 39/40 loss=1.212942 elapsed=19.8s | cuda=635MiB allocated/4626MiB reserved
[2026-08-30T12:06:39+00:00] epoch 40/40 loss=1.255997 elapsed=20.3s | cuda=634MiB allocated/4626MiB reserved
[2026-08-30T12:06:40+00:00] DONE ABLATION_without_deep_classifier | DG-Hetero-GNN | seed=3407 | F1=0.724638 | cuda=17MiB allocated/4626MiB reserved
[2026-08-30T12:06:40+00:00] START ABLATION_without_deep_classifier | DG-Hetero-GNN | seed=2025 | cuda=17MiB allocated/68MiB reserved
[2026-08-30T12:06:41+00:00] epoch 1/40 loss=0.460753 elapsed=0.5s | cuda=634MiB allocated/4488MiB reserved
[2026-08-30T12:06:41+00:00] epoch 2/40 loss=0.429458 elapsed=1.0s | cuda=634MiB allocated/4626MiB reserved
[2026-08-30T12:06:42+00:00] epoch 3/40 loss=0.427916 elapsed=1.5s | cuda=635MiB allocated/4626MiB reserved
[2026-08-30T12:06:42+00:00] epoch 4/40 loss=0.441947 elapsed=2.0s | cuda=634MiB allocated/4626MiB reserved
[2026-08-30T12:06:43+00:00] epoch 5/40 loss=0.459857 elapsed=2.5s | cuda=635MiB allocated/4626MiB reserved
[2026-08-30T12:06:43+00:00] epoch 6/40 loss=0.479881 elapsed=3.1s | cuda=634MiB allocated/4626MiB reserved
[2026-08-30T12:06:44+00:00] epoch 7/40 loss=0.498635 elapsed=3.6s | cuda=635MiB allocated/4626MiB reserved
[2026-08-30T12:06:44+00:00] epoch 8/40 loss=0.517727 elapsed=4.1s | cuda=634MiB allocated/4626MiB reserved
[2026-08-30T12:06:45+00:00] epoch 9/40 loss=0.544210 elapsed=4.6s | cuda=635MiB allocated/4626MiB reserved
[2026-08-30T12:06:45+00:00] epoch 10/40 loss=0.566412 elapsed=5.1s | cuda=634MiB allocated/4626MiB reserved
[2026-08-30T12:06:46+00:00] epoch 11/40 loss=0.589857 elapsed=5.6s | cuda=635MiB allocated/4626MiB reserved
[2026-08-30T12:06:46+00:00] epoch 12/40 loss=0.613974 elapsed=6.1s | cuda=634MiB allocated/4626MiB reserved
[2026-08-30T12:06:47+00:00] epoch 13/40 loss=0.644048 elapsed=6.6s | cuda=635MiB allocated/4626MiB reserved
[2026-08-30T12:06:47+00:00] epoch 14/40 loss=0.668322 elapsed=7.1s | cuda=634MiB allocated/4626MiB reserved
[2026-08-30T12:06:48+00:00] epoch 15/40 loss=0.707530 elapsed=7.6s | cuda=635MiB allocated/4626MiB reserved
[2026-08-30T12:06:48+00:00] epoch 16/40 loss=0.738910 elapsed=8.1s | cuda=634MiB allocated/4626MiB reserved
[2026-08-30T12:06:49+00:00] epoch 17/40 loss=0.773337 elapsed=8.6s | cuda=635MiB allocated/4626MiB reserved
[2026-08-30T12:06:49+00:00] epoch 18/40 loss=0.813309 elapsed=9.1s | cuda=634MiB allocated/4626MiB reserved
[2026-08-30T12:06:50+00:00] epoch 19/40 loss=0.856930 elapsed=9.7s | cuda=635MiB allocated/4626MiB reserved
[2026-08-30T12:06:50+00:00] epoch 20/40 loss=0.905599 elapsed=10.2s | cuda=634MiB allocated/4626MiB reserved
[2026-08-30T12:06:51+00:00] epoch 21/40 loss=0.945186 elapsed=10.7s | cuda=635MiB allocated/4626MiB reserved
[2026-08-30T12:06:51+00:00] epoch 22/40 loss=0.998759 elapsed=11.2s | cuda=634MiB allocated/4626MiB reserved
[2026-08-30T12:06:52+00:00] epoch 23/40 loss=1.043684 elapsed=11.7s | cuda=635MiB allocated/4626MiB reserved
[2026-08-30T12:06:52+00:00] epoch 24/40 loss=1.104176 elapsed=12.2s | cuda=634MiB allocated/4626MiB reserved
[2026-08-30T12:06:53+00:00] epoch 25/40 loss=1.154066 elapsed=12.7s | cuda=635MiB allocated/4626MiB reserved
[2026-08-30T12:06:53+00:00] epoch 26/40 loss=1.219038 elapsed=13.2s | cuda=634MiB allocated/4626MiB reserved
[2026-08-30T12:06:54+00:00] epoch 27/40 loss=1.275230 elapsed=13.7s | cuda=635MiB allocated/4626MiB reserved
[2026-08-30T12:06:54+00:00] epoch 28/40 loss=1.332025 elapsed=14.2s | cuda=634MiB allocated/4626MiB reserved
[2026-08-30T12:06:55+00:00] epoch 29/40 loss=1.394812 elapsed=14.7s | cuda=635MiB allocated/4626MiB reserved
[2026-08-30T12:06:55+00:00] epoch 30/40 loss=1.459796 elapsed=15.2s | cuda=634MiB allocated/4626MiB reserved
[2026-08-30T12:06:56+00:00] epoch 31/40 loss=1.530282 elapsed=15.7s | cuda=635MiB allocated/4626MiB reserved
[2026-08-30T12:06:56+00:00] epoch 32/40 loss=1.601151 elapsed=16.2s | cuda=634MiB allocated/4626MiB reserved
[2026-08-30T12:06:57+00:00] epoch 33/40 loss=1.663027 elapsed=16.7s | cuda=635MiB allocated/4626MiB reserved
[2026-08-30T12:06:57+00:00] epoch 34/40 loss=1.735554 elapsed=17.2s | cuda=634MiB allocated/4626MiB reserved
[2026-08-30T12:06:58+00:00] epoch 35/40 loss=1.801061 elapsed=17.7s | cuda=635MiB allocated/4626MiB reserved
[2026-08-30T12:06:58+00:00] epoch 36/40 loss=1.864509 elapsed=18.2s | cuda=634MiB allocated/4626MiB reserved
[2026-08-30T12:06:59+00:00] epoch 37/40 loss=1.920843 elapsed=18.8s | cuda=635MiB allocated/4626MiB reserved
[2026-08-30T12:06:59+00:00] epoch 38/40 loss=1.984880 elapsed=19.3s | cuda=634MiB allocated/4626MiB reserved
[2026-08-30T12:07:00+00:00] epoch 39/40 loss=2.030942 elapsed=19.8s | cuda=635MiB allocated/4626MiB reserved
[2026-08-30T12:07:00+00:00] epoch 40/40 loss=2.092588 elapsed=20.3s | cuda=634MiB allocated/4626MiB reserved
[2026-08-30T12:07:01+00:00] DONE ABLATION_without_deep_classifier | DG-Hetero-GNN | seed=2025 | F1=0.242424 | cuda=17MiB allocated/4626MiB reserved
[2026-08-30T12:07:01+00:00] START ABLATION_without_deep_classifier | DG-Hetero-GNN | seed=9999 | cuda=17MiB allocated/68MiB reserved
[2026-08-30T12:07:02+00:00] epoch 1/40 loss=0.703965 elapsed=0.5s | cuda=634MiB allocated/4488MiB reserved
[2026-08-30T12:07:02+00:00] epoch 2/40 loss=0.615171 elapsed=1.0s | cuda=634MiB allocated/4626MiB reserved
[2026-08-30T12:07:03+00:00] epoch 3/40 loss=0.551949 elapsed=1.5s | cuda=635MiB allocated/4626MiB reserved
[2026-08-30T12:07:03+00:00] epoch 4/40 loss=0.509097 elapsed=2.0s | cuda=634MiB allocated/4626MiB reserved
[2026-08-30T12:07:04+00:00] epoch 5/40 loss=0.482082 elapsed=2.5s | cuda=635MiB allocated/4626MiB reserved
[2026-08-30T12:07:04+00:00] epoch 6/40 loss=0.469717 elapsed=3.1s | cuda=634MiB allocated/4626MiB reserved
[2026-08-30T12:07:05+00:00] epoch 7/40 loss=0.467979 elapsed=3.6s | cuda=635MiB allocated/4626MiB reserved
[2026-08-30T12:07:05+00:00] epoch 8/40 loss=0.475901 elapsed=4.1s | cuda=634MiB allocated/4626MiB reserved
[2026-08-30T12:07:06+00:00] epoch 9/40 loss=0.491219 elapsed=4.6s | cuda=635MiB allocated/4626MiB reserved
[2026-08-30T12:07:06+00:00] epoch 10/40 loss=0.513059 elapsed=5.1s | cuda=634MiB allocated/4626MiB reserved
[2026-08-30T12:07:07+00:00] epoch 11/40 loss=0.538762 elapsed=5.6s | cuda=635MiB allocated/4626MiB reserved
[2026-08-30T12:07:07+00:00] epoch 12/40 loss=0.570735 elapsed=6.1s | cuda=634MiB allocated/4626MiB reserved
[2026-08-30T12:07:08+00:00] epoch 13/40 loss=0.600496 elapsed=6.6s | cuda=635MiB allocated/4626MiB reserved
[2026-08-30T12:07:08+00:00] epoch 14/40 loss=0.641531 elapsed=7.1s | cuda=634MiB allocated/4626MiB reserved
[2026-08-30T12:07:09+00:00] epoch 15/40 loss=0.680728 elapsed=7.6s | cuda=635MiB allocated/4626MiB reserved
[2026-08-30T12:07:09+00:00] epoch 16/40 loss=0.722287 elapsed=8.1s | cuda=634MiB allocated/4626MiB reserved
[2026-08-30T12:07:10+00:00] epoch 17/40 loss=0.766935 elapsed=8.6s | cuda=635MiB allocated/4626MiB reserved
[2026-08-30T12:07:10+00:00] epoch 18/40 loss=0.816622 elapsed=9.1s | cuda=634MiB allocated/4626MiB reserved
[2026-08-30T12:07:11+00:00] epoch 19/40 loss=0.873398 elapsed=9.6s | cuda=635MiB allocated/4626MiB reserved
[2026-08-30T12:07:11+00:00] epoch 20/40 loss=0.925167 elapsed=10.1s | cuda=634MiB allocated/4626MiB reserved
[2026-08-30T12:07:12+00:00] epoch 21/40 loss=0.986430 elapsed=10.6s | cuda=635MiB allocated/4626MiB reserved
[2026-08-30T12:07:12+00:00] epoch 22/40 loss=1.046766 elapsed=11.1s | cuda=634MiB allocated/4626MiB reserved
[2026-08-30T12:07:13+00:00] epoch 23/40 loss=1.116321 elapsed=11.7s | cuda=635MiB allocated/4626MiB reserved
[2026-08-30T12:07:13+00:00] epoch 24/40 loss=1.184722 elapsed=12.2s | cuda=634MiB allocated/4626MiB reserved
[2026-08-30T12:07:14+00:00] epoch 25/40 loss=1.251152 elapsed=12.7s | cuda=635MiB allocated/4626MiB reserved
[2026-08-30T12:07:14+00:00] epoch 26/40 loss=1.321273 elapsed=13.2s | cuda=634MiB allocated/4626MiB reserved
[2026-08-30T12:07:15+00:00] epoch 27/40 loss=1.404823 elapsed=13.7s | cuda=635MiB allocated/4626MiB reserved
[2026-08-30T12:07:15+00:00] epoch 28/40 loss=1.478087 elapsed=14.2s | cuda=634MiB allocated/4626MiB reserved
[2026-08-30T12:07:16+00:00] epoch 29/40 loss=1.559127 elapsed=14.7s | cuda=635MiB allocated/4626MiB reserved
[2026-08-30T12:07:16+00:00] epoch 30/40 loss=1.644150 elapsed=15.2s | cuda=634MiB allocated/4626MiB reserved
[2026-08-30T12:07:17+00:00] epoch 31/40 loss=1.722495 elapsed=15.8s | cuda=635MiB allocated/4626MiB reserved
[2026-08-30T12:07:17+00:00] epoch 32/40 loss=1.803240 elapsed=16.3s | cuda=634MiB allocated/4626MiB reserved
[2026-08-30T12:07:18+00:00] epoch 33/40 loss=1.888917 elapsed=16.8s | cuda=635MiB allocated/4626MiB reserved
[2026-08-30T12:07:18+00:00] epoch 34/40 loss=1.971665 elapsed=17.3s | cuda=634MiB allocated/4626MiB reserved
[2026-08-30T12:07:19+00:00] epoch 35/40 loss=2.065530 elapsed=17.8s | cuda=635MiB allocated/4626MiB reserved
[2026-08-30T12:07:19+00:00] epoch 36/40 loss=2.143779 elapsed=18.3s | cuda=634MiB allocated/4626MiB reserved
[2026-08-30T12:07:20+00:00] epoch 37/40 loss=2.240590 elapsed=18.8s | cuda=635MiB allocated/4626MiB reserved
[2026-08-30T12:07:20+00:00] epoch 38/40 loss=2.329004 elapsed=19.3s | cuda=634MiB allocated/4626MiB reserved
[2026-08-30T12:07:21+00:00] epoch 39/40 loss=2.422473 elapsed=19.8s | cuda=635MiB allocated/4626MiB reserved
[2026-08-30T12:07:21+00:00] epoch 40/40 loss=2.501924 elapsed=20.3s | cuda=634MiB allocated/4626MiB reserved
[2026-08-30T12:07:22+00:00] DONE ABLATION_without_deep_classifier | DG-Hetero-GNN | seed=9999 | F1=0.000000 | cuda=17MiB allocated/4626MiB reserved
[2026-08-30T12:07:22+00:00] START ABLATION_without_threshold_optimization | DG-Hetero-GNN | seed=42 | cuda=17MiB allocated/68MiB reserved
[2026-08-30T12:07:23+00:00] epoch 1/40 loss=0.693159 elapsed=0.5s | cuda=634MiB allocated/5084MiB reserved
[2026-08-30T12:07:23+00:00] epoch 2/40 loss=0.667197 elapsed=1.0s | cuda=635MiB allocated/5084MiB reserved
[2026-08-30T12:07:24+00:00] epoch 3/40 loss=0.647324 elapsed=1.6s | cuda=635MiB allocated/5084MiB reserved
[2026-08-30T12:07:24+00:00] epoch 4/40 loss=0.630042 elapsed=2.1s | cuda=635MiB allocated/5084MiB reserved
[2026-08-30T12:07:25+00:00] epoch 5/40 loss=0.612142 elapsed=2.6s | cuda=635MiB allocated/5084MiB reserved
[2026-08-30T12:07:25+00:00] epoch 6/40 loss=0.592777 elapsed=3.1s | cuda=635MiB allocated/5084MiB reserved
[2026-08-30T12:07:26+00:00] epoch 7/40 loss=0.571530 elapsed=3.6s | cuda=635MiB allocated/5084MiB reserved
[2026-08-30T12:07:26+00:00] epoch 8/40 loss=0.548510 elapsed=4.1s | cuda=635MiB allocated/5084MiB reserved
[2026-08-30T12:07:27+00:00] epoch 9/40 loss=0.525501 elapsed=4.7s | cuda=635MiB allocated/5084MiB reserved
[2026-08-30T12:07:27+00:00] epoch 10/40 loss=0.503880 elapsed=5.2s | cuda=635MiB allocated/5084MiB reserved
[2026-08-30T12:07:28+00:00] epoch 11/40 loss=0.484660 elapsed=5.7s | cuda=635MiB allocated/5084MiB reserved
[2026-08-30T12:07:28+00:00] epoch 12/40 loss=0.469585 elapsed=6.2s | cuda=635MiB allocated/5084MiB reserved
[2026-08-30T12:07:29+00:00] epoch 13/40 loss=0.459346 elapsed=6.7s | cuda=635MiB allocated/5084MiB reserved
[2026-08-30T12:07:29+00:00] epoch 14/40 loss=0.455144 elapsed=7.3s | cuda=635MiB allocated/5084MiB reserved
[2026-08-30T12:07:30+00:00] epoch 15/40 loss=0.457283 elapsed=7.8s | cuda=635MiB allocated/5084MiB reserved
[2026-08-30T12:07:30+00:00] epoch 16/40 loss=0.465984 elapsed=8.3s | cuda=635MiB allocated/5084MiB reserved
[2026-08-30T12:07:31+00:00] epoch 17/40 loss=0.478754 elapsed=8.8s | cuda=635MiB allocated/5084MiB reserved
[2026-08-30T12:07:32+00:00] epoch 18/40 loss=0.495940 elapsed=9.3s | cuda=635MiB allocated/5084MiB reserved
[2026-08-30T12:07:32+00:00] epoch 19/40 loss=0.514267 elapsed=9.9s | cuda=635MiB allocated/5084MiB reserved
[2026-08-30T12:07:33+00:00] epoch 20/40 loss=0.535262 elapsed=10.4s | cuda=635MiB allocated/5084MiB reserved
[2026-08-30T12:07:33+00:00] epoch 21/40 loss=0.555476 elapsed=10.9s | cuda=635MiB allocated/5084MiB reserved
[2026-08-30T12:07:34+00:00] epoch 22/40 loss=0.576820 elapsed=11.4s | cuda=635MiB allocated/5084MiB reserved
[2026-08-30T12:07:34+00:00] epoch 23/40 loss=0.599052 elapsed=11.9s | cuda=635MiB allocated/5084MiB reserved
[2026-08-30T12:07:35+00:00] epoch 24/40 loss=0.620243 elapsed=12.4s | cuda=635MiB allocated/5084MiB reserved
[2026-08-30T12:07:35+00:00] epoch 25/40 loss=0.641611 elapsed=13.0s | cuda=635MiB allocated/5084MiB reserved
[2026-08-30T12:07:36+00:00] epoch 26/40 loss=0.663094 elapsed=13.5s | cuda=635MiB allocated/5084MiB reserved
[2026-08-30T12:07:36+00:00] epoch 27/40 loss=0.686284 elapsed=14.0s | cuda=635MiB allocated/5084MiB reserved
[2026-08-30T12:07:37+00:00] epoch 28/40 loss=0.708371 elapsed=14.5s | cuda=635MiB allocated/5084MiB reserved
[2026-08-30T12:07:37+00:00] epoch 29/40 loss=0.730657 elapsed=15.0s | cuda=635MiB allocated/5084MiB reserved
[2026-08-30T12:07:38+00:00] epoch 30/40 loss=0.754650 elapsed=15.5s | cuda=635MiB allocated/5084MiB reserved
[2026-08-30T12:07:38+00:00] epoch 31/40 loss=0.777655 elapsed=16.1s | cuda=635MiB allocated/5084MiB reserved
[2026-08-30T12:07:39+00:00] epoch 32/40 loss=0.801542 elapsed=16.6s | cuda=635MiB allocated/5084MiB reserved
[2026-08-30T12:07:39+00:00] epoch 33/40 loss=0.827624 elapsed=17.1s | cuda=635MiB allocated/5084MiB reserved
[2026-08-30T12:07:40+00:00] epoch 34/40 loss=0.853461 elapsed=17.6s | cuda=635MiB allocated/5084MiB reserved
[2026-08-30T12:07:40+00:00] epoch 35/40 loss=0.881078 elapsed=18.2s | cuda=635MiB allocated/5084MiB reserved
[2026-08-30T12:07:41+00:00] epoch 36/40 loss=0.908025 elapsed=18.7s | cuda=635MiB allocated/5084MiB reserved
[2026-08-30T12:07:41+00:00] epoch 37/40 loss=0.936976 elapsed=19.2s | cuda=635MiB allocated/5084MiB reserved
[2026-08-30T12:07:42+00:00] epoch 38/40 loss=0.967943 elapsed=19.7s | cuda=635MiB allocated/5084MiB reserved
[2026-08-30T12:07:42+00:00] epoch 39/40 loss=0.998667 elapsed=20.2s | cuda=635MiB allocated/5084MiB reserved
[2026-08-30T12:07:43+00:00] epoch 40/40 loss=1.028678 elapsed=20.7s | cuda=635MiB allocated/5084MiB reserved
[2026-08-30T12:07:43+00:00] DONE ABLATION_without_threshold_optimization | DG-Hetero-GNN | seed=42 | F1=0.000000 | cuda=17MiB allocated/5084MiB reserved
[2026-08-30T12:07:43+00:00] START ABLATION_without_threshold_optimization | DG-Hetero-GNN | seed=123 | cuda=17MiB allocated/68MiB reserved
[2026-08-30T12:07:44+00:00] epoch 1/40 loss=0.800470 elapsed=0.5s | cuda=634MiB allocated/5084MiB reserved
[2026-08-30T12:07:45+00:00] epoch 2/40 loss=0.782659 elapsed=1.1s | cuda=635MiB allocated/5084MiB reserved
[2026-08-30T12:07:45+00:00] epoch 3/40 loss=0.768261 elapsed=1.6s | cuda=635MiB allocated/5084MiB reserved
[2026-08-30T12:07:46+00:00] epoch 4/40 loss=0.756504 elapsed=2.1s | cuda=635MiB allocated/5084MiB reserved
[2026-08-30T12:07:46+00:00] epoch 5/40 loss=0.745461 elapsed=2.6s | cuda=635MiB allocated/5084MiB reserved
[2026-08-30T12:07:47+00:00] epoch 6/40 loss=0.735798 elapsed=3.1s | cuda=635MiB allocated/5084MiB reserved
[2026-08-30T12:07:47+00:00] epoch 7/40 loss=0.725410 elapsed=3.6s | cuda=635MiB allocated/5084MiB reserved
[2026-08-30T12:07:48+00:00] epoch 8/40 loss=0.715209 elapsed=4.2s | cuda=635MiB allocated/5084MiB reserved
[2026-08-30T12:07:48+00:00] epoch 9/40 loss=0.704299 elapsed=4.7s | cuda=635MiB allocated/5084MiB reserved
[2026-08-30T12:07:49+00:00] epoch 10/40 loss=0.691664 elapsed=5.2s | cuda=635MiB allocated/5084MiB reserved
[2026-08-30T12:07:49+00:00] epoch 11/40 loss=0.680592 elapsed=5.7s | cuda=635MiB allocated/5084MiB reserved
[2026-08-30T12:07:50+00:00] epoch 12/40 loss=0.668455 elapsed=6.2s | cuda=635MiB allocated/5084MiB reserved
[2026-08-30T12:07:50+00:00] epoch 13/40 loss=0.656791 elapsed=6.8s | cuda=635MiB allocated/5084MiB reserved
[2026-08-30T12:07:51+00:00] epoch 14/40 loss=0.646991 elapsed=7.3s | cuda=635MiB allocated/5084MiB reserved
[2026-08-30T12:07:51+00:00] epoch 15/40 loss=0.640061 elapsed=7.8s | cuda=635MiB allocated/5084MiB reserved
[2026-08-30T12:07:52+00:00] epoch 16/40 loss=0.634461 elapsed=8.3s | cuda=635MiB allocated/5084MiB reserved
[2026-08-30T12:07:52+00:00] epoch 17/40 loss=0.633388 elapsed=8.8s | cuda=635MiB allocated/5084MiB reserved
[2026-08-30T12:07:53+00:00] epoch 18/40 loss=0.637160 elapsed=9.3s | cuda=635MiB allocated/5084MiB reserved
[2026-08-30T12:07:53+00:00] epoch 19/40 loss=0.646107 elapsed=9.9s | cuda=635MiB allocated/5084MiB reserved
[2026-08-30T12:07:54+00:00] epoch 20/40 loss=0.660601 elapsed=10.4s | cuda=635MiB allocated/5084MiB reserved
[2026-08-30T12:07:54+00:00] epoch 21/40 loss=0.680790 elapsed=10.9s | cuda=635MiB allocated/5084MiB reserved
[2026-08-30T12:07:55+00:00] epoch 22/40 loss=0.706337 elapsed=11.4s | cuda=635MiB allocated/5084MiB reserved
[2026-08-30T12:07:56+00:00] epoch 23/40 loss=0.737295 elapsed=11.9s | cuda=635MiB allocated/5084MiB reserved
[2026-08-30T12:07:56+00:00] epoch 24/40 loss=0.771003 elapsed=12.4s | cuda=635MiB allocated/5084MiB reserved
[2026-08-30T12:07:57+00:00] epoch 25/40 loss=0.810631 elapsed=13.0s | cuda=635MiB allocated/5084MiB reserved
[2026-08-30T12:07:57+00:00] epoch 26/40 loss=0.855499 elapsed=13.5s | cuda=635MiB allocated/5084MiB reserved
[2026-08-30T12:07:58+00:00] epoch 27/40 loss=0.905296 elapsed=14.0s | cuda=635MiB allocated/5084MiB reserved
[2026-08-30T12:07:58+00:00] epoch 28/40 loss=0.954175 elapsed=14.5s | cuda=635MiB allocated/5084MiB reserved
[2026-08-30T12:07:59+00:00] epoch 29/40 loss=1.006206 elapsed=15.0s | cuda=635MiB allocated/5084MiB reserved
[2026-08-30T12:07:59+00:00] epoch 30/40 loss=1.064347 elapsed=15.6s | cuda=635MiB allocated/5084MiB reserved
[2026-08-30T12:08:00+00:00] epoch 31/40 loss=1.120487 elapsed=16.1s | cuda=635MiB allocated/5084MiB reserved
[2026-08-30T12:08:00+00:00] epoch 32/40 loss=1.178684 elapsed=16.6s | cuda=635MiB allocated/5084MiB reserved
[2026-08-30T12:08:01+00:00] epoch 33/40 loss=1.233882 elapsed=17.1s | cuda=635MiB allocated/5084MiB reserved
[2026-08-30T12:08:01+00:00] epoch 34/40 loss=1.288881 elapsed=17.6s | cuda=635MiB allocated/5084MiB reserved
[2026-08-30T12:08:02+00:00] epoch 35/40 loss=1.336493 elapsed=18.1s | cuda=635MiB allocated/5084MiB reserved
[2026-08-30T12:08:02+00:00] epoch 36/40 loss=1.389160 elapsed=18.7s | cuda=635MiB allocated/5084MiB reserved
[2026-08-30T12:08:03+00:00] epoch 37/40 loss=1.436977 elapsed=19.2s | cuda=635MiB allocated/5084MiB reserved
[2026-08-30T12:08:03+00:00] epoch 38/40 loss=1.481006 elapsed=19.7s | cuda=635MiB allocated/5084MiB reserved
[2026-08-30T12:08:04+00:00] epoch 39/40 loss=1.523936 elapsed=20.2s | cuda=635MiB allocated/5084MiB reserved
[2026-08-30T12:08:04+00:00] epoch 40/40 loss=1.565986 elapsed=20.7s | cuda=635MiB allocated/5084MiB reserved
[2026-08-30T12:08:05+00:00] DONE ABLATION_without_threshold_optimization | DG-Hetero-GNN | seed=123 | F1=0.000000 | cuda=17MiB allocated/5084MiB reserved
[2026-08-30T12:08:05+00:00] START ABLATION_without_threshold_optimization | DG-Hetero-GNN | seed=3407 | cuda=17MiB allocated/68MiB reserved
[2026-08-30T12:08:06+00:00] epoch 1/40 loss=0.604716 elapsed=0.5s | cuda=634MiB allocated/5084MiB reserved
[2026-08-30T12:08:06+00:00] epoch 2/40 loss=0.582224 elapsed=1.1s | cuda=635MiB allocated/5084MiB reserved
[2026-08-30T12:08:07+00:00] epoch 3/40 loss=0.557971 elapsed=1.6s | cuda=635MiB allocated/5084MiB reserved
[2026-08-30T12:08:07+00:00] epoch 4/40 loss=0.533603 elapsed=2.1s | cuda=635MiB allocated/5084MiB reserved
[2026-08-30T12:08:08+00:00] epoch 5/40 loss=0.509711 elapsed=2.6s | cuda=635MiB allocated/5084MiB reserved
[2026-08-30T12:08:08+00:00] epoch 6/40 loss=0.488863 elapsed=3.1s | cuda=635MiB allocated/5084MiB reserved
[2026-08-30T12:08:09+00:00] epoch 7/40 loss=0.470606 elapsed=3.6s | cuda=635MiB allocated/5084MiB reserved
[2026-08-30T12:08:09+00:00] epoch 8/40 loss=0.456651 elapsed=4.2s | cuda=635MiB allocated/5084MiB reserved
[2026-08-30T12:08:10+00:00] epoch 9/40 loss=0.447895 elapsed=4.7s | cuda=635MiB allocated/5084MiB reserved
[2026-08-30T12:08:10+00:00] epoch 10/40 loss=0.444922 elapsed=5.2s | cuda=635MiB allocated/5084MiB reserved
[2026-08-30T12:08:11+00:00] epoch 11/40 loss=0.447235 elapsed=5.7s | cuda=635MiB allocated/5084MiB reserved
[2026-08-30T12:08:11+00:00] epoch 12/40 loss=0.453819 elapsed=6.2s | cuda=635MiB allocated/5084MiB reserved
[2026-08-30T12:08:12+00:00] epoch 13/40 loss=0.463621 elapsed=6.8s | cuda=635MiB allocated/5084MiB reserved
[2026-08-30T12:08:12+00:00] epoch 14/40 loss=0.475239 elapsed=7.3s | cuda=635MiB allocated/5084MiB reserved
[2026-08-30T12:08:13+00:00] epoch 15/40 loss=0.488982 elapsed=7.8s | cuda=635MiB allocated/5084MiB reserved
[2026-08-30T12:08:13+00:00] epoch 16/40 loss=0.502788 elapsed=8.3s | cuda=635MiB allocated/5084MiB reserved
[2026-08-30T12:08:14+00:00] epoch 17/40 loss=0.516954 elapsed=8.8s | cuda=635MiB allocated/5084MiB reserved
[2026-08-30T12:08:14+00:00] epoch 18/40 loss=0.529567 elapsed=9.3s | cuda=635MiB allocated/5084MiB reserved
[2026-08-30T12:08:15+00:00] epoch 19/40 loss=0.543521 elapsed=9.8s | cuda=635MiB allocated/5084MiB reserved
[2026-08-30T12:08:15+00:00] epoch 20/40 loss=0.558202 elapsed=10.4s | cuda=635MiB allocated/5084MiB reserved
[2026-08-30T12:08:16+00:00] epoch 21/40 loss=0.571647 elapsed=10.9s | cuda=635MiB allocated/5084MiB reserved
[2026-08-30T12:08:16+00:00] epoch 22/40 loss=0.585502 elapsed=11.4s | cuda=635MiB allocated/5084MiB reserved
[2026-08-30T12:08:17+00:00] epoch 23/40 loss=0.603994 elapsed=11.9s | cuda=635MiB allocated/5084MiB reserved
[2026-08-30T12:08:17+00:00] epoch 24/40 loss=0.617395 elapsed=12.5s | cuda=635MiB allocated/5084MiB reserved
[2026-08-30T12:08:18+00:00] epoch 25/40 loss=0.635054 elapsed=13.0s | cuda=635MiB allocated/5084MiB reserved
[2026-08-30T12:08:18+00:00] epoch 26/40 loss=0.654501 elapsed=13.5s | cuda=635MiB allocated/5084MiB reserved
[2026-08-30T12:08:19+00:00] epoch 27/40 loss=0.673610 elapsed=14.0s | cuda=635MiB allocated/5084MiB reserved
[2026-08-30T12:08:20+00:00] epoch 28/40 loss=0.693712 elapsed=14.5s | cuda=635MiB allocated/5084MiB reserved
[2026-08-30T12:08:20+00:00] epoch 29/40 loss=0.714438 elapsed=15.0s | cuda=635MiB allocated/5084MiB reserved
[2026-08-30T12:08:21+00:00] epoch 30/40 loss=0.735582 elapsed=15.6s | cuda=635MiB allocated/5084MiB reserved
[2026-08-30T12:08:21+00:00] epoch 31/40 loss=0.761444 elapsed=16.1s | cuda=635MiB allocated/5084MiB reserved
[2026-08-30T12:08:22+00:00] epoch 32/40 loss=0.786830 elapsed=16.6s | cuda=635MiB allocated/5084MiB reserved
[2026-08-30T12:08:22+00:00] epoch 33/40 loss=0.815335 elapsed=17.1s | cuda=635MiB allocated/5084MiB reserved
[2026-08-30T12:08:23+00:00] epoch 34/40 loss=0.844014 elapsed=17.6s | cuda=635MiB allocated/5084MiB reserved
[2026-08-30T12:08:23+00:00] epoch 35/40 loss=0.873989 elapsed=18.1s | cuda=635MiB allocated/5084MiB reserved
[2026-08-30T12:08:24+00:00] epoch 36/40 loss=0.906220 elapsed=18.7s | cuda=635MiB allocated/5084MiB reserved
[2026-08-30T12:08:24+00:00] epoch 37/40 loss=0.941597 elapsed=19.2s | cuda=635MiB allocated/5084MiB reserved
[2026-08-30T12:08:25+00:00] epoch 38/40 loss=0.972948 elapsed=19.7s | cuda=635MiB allocated/5084MiB reserved
[2026-08-30T12:08:25+00:00] epoch 39/40 loss=1.005768 elapsed=20.2s | cuda=635MiB allocated/5084MiB reserved
[2026-08-30T12:08:26+00:00] epoch 40/40 loss=1.036268 elapsed=20.7s | cuda=635MiB allocated/5084MiB reserved
[2026-08-30T12:08:26+00:00] DONE ABLATION_without_threshold_optimization | DG-Hetero-GNN | seed=3407 | F1=0.000000 | cuda=17MiB allocated/5084MiB reserved
[2026-08-30T12:08:26+00:00] START ABLATION_without_threshold_optimization | DG-Hetero-GNN | seed=2025 | cuda=17MiB allocated/68MiB reserved
[2026-08-30T12:08:27+00:00] epoch 1/40 loss=0.733335 elapsed=0.5s | cuda=634MiB allocated/5084MiB reserved
[2026-08-30T12:08:28+00:00] epoch 2/40 loss=0.713379 elapsed=1.1s | cuda=635MiB allocated/5084MiB reserved
[2026-08-30T12:08:28+00:00] epoch 3/40 loss=0.692618 elapsed=1.6s | cuda=635MiB allocated/5084MiB reserved
[2026-08-30T12:08:29+00:00] epoch 4/40 loss=0.669160 elapsed=2.1s | cuda=635MiB allocated/5084MiB reserved
[2026-08-30T12:08:29+00:00] epoch 5/40 loss=0.647084 elapsed=2.6s | cuda=635MiB allocated/5084MiB reserved
[2026-08-30T12:08:30+00:00] epoch 6/40 loss=0.625133 elapsed=3.1s | cuda=635MiB allocated/5084MiB reserved
[2026-08-30T12:08:30+00:00] epoch 7/40 loss=0.605393 elapsed=3.7s | cuda=635MiB allocated/5084MiB reserved
[2026-08-30T12:08:31+00:00] epoch 8/40 loss=0.587679 elapsed=4.2s | cuda=635MiB allocated/5084MiB reserved
[2026-08-30T12:08:31+00:00] epoch 9/40 loss=0.574878 elapsed=4.7s | cuda=635MiB allocated/5084MiB reserved
[2026-08-30T12:08:32+00:00] epoch 10/40 loss=0.567630 elapsed=5.2s | cuda=635MiB allocated/5084MiB reserved
[2026-08-30T12:08:32+00:00] epoch 11/40 loss=0.564940 elapsed=5.7s | cuda=635MiB allocated/5084MiB reserved
[2026-08-30T12:08:33+00:00] epoch 12/40 loss=0.566372 elapsed=6.2s | cuda=635MiB allocated/5084MiB reserved
[2026-08-30T12:08:33+00:00] epoch 13/40 loss=0.574776 elapsed=6.8s | cuda=635MiB allocated/5084MiB reserved
[2026-08-30T12:08:34+00:00] epoch 14/40 loss=0.590666 elapsed=7.3s | cuda=635MiB allocated/5084MiB reserved
[2026-08-30T12:08:34+00:00] epoch 15/40 loss=0.614246 elapsed=7.8s | cuda=635MiB allocated/5084MiB reserved
[2026-08-30T12:08:35+00:00] epoch 16/40 loss=0.641199 elapsed=8.3s | cuda=635MiB allocated/5084MiB reserved
[2026-08-30T12:08:35+00:00] epoch 17/40 loss=0.675981 elapsed=8.8s | cuda=635MiB allocated/5084MiB reserved
[2026-08-30T12:08:36+00:00] epoch 18/40 loss=0.711678 elapsed=9.3s | cuda=635MiB allocated/5084MiB reserved
[2026-08-30T12:08:36+00:00] epoch 19/40 loss=0.755847 elapsed=9.9s | cuda=635MiB allocated/5084MiB reserved
[2026-08-30T12:08:37+00:00] epoch 20/40 loss=0.792224 elapsed=10.4s | cuda=635MiB allocated/5084MiB reserved
[2026-08-30T12:08:37+00:00] epoch 21/40 loss=0.841533 elapsed=10.9s | cuda=635MiB allocated/5084MiB reserved
[2026-08-30T12:08:38+00:00] epoch 22/40 loss=0.882171 elapsed=11.4s | cuda=635MiB allocated/5084MiB reserved
[2026-08-30T12:08:38+00:00] epoch 23/40 loss=0.935892 elapsed=11.9s | cuda=635MiB allocated/5084MiB reserved
[2026-08-30T12:08:39+00:00] epoch 24/40 loss=0.975440 elapsed=12.4s | cuda=635MiB allocated/5084MiB reserved
[2026-08-30T12:08:39+00:00] epoch 25/40 loss=1.029495 elapsed=13.0s | cuda=635MiB allocated/5084MiB reserved
[2026-08-30T12:08:40+00:00] epoch 26/40 loss=1.088389 elapsed=13.5s | cuda=635MiB allocated/5084MiB reserved
[2026-08-30T12:08:40+00:00] epoch 27/40 loss=1.152853 elapsed=14.0s | cuda=635MiB allocated/5084MiB reserved
[2026-08-30T12:08:41+00:00] epoch 28/40 loss=1.209547 elapsed=14.5s | cuda=635MiB allocated/5084MiB reserved
[2026-08-30T12:08:42+00:00] epoch 29/40 loss=1.270875 elapsed=15.1s | cuda=635MiB allocated/5084MiB reserved
[2026-08-30T12:08:42+00:00] epoch 30/40 loss=1.328132 elapsed=15.6s | cuda=635MiB allocated/5084MiB reserved
[2026-08-30T12:08:43+00:00] epoch 31/40 loss=1.395504 elapsed=16.1s | cuda=635MiB allocated/5084MiB reserved
[2026-08-30T12:08:43+00:00] epoch 32/40 loss=1.456876 elapsed=16.6s | cuda=635MiB allocated/5084MiB reserved
[2026-08-30T12:08:44+00:00] epoch 33/40 loss=1.524535 elapsed=17.1s | cuda=635MiB allocated/5084MiB reserved
[2026-08-30T12:08:44+00:00] epoch 34/40 loss=1.584470 elapsed=17.6s | cuda=635MiB allocated/5084MiB reserved
[2026-08-30T12:08:45+00:00] epoch 35/40 loss=1.653669 elapsed=18.2s | cuda=635MiB allocated/5084MiB reserved
[2026-08-30T12:08:45+00:00] epoch 36/40 loss=1.718019 elapsed=18.7s | cuda=635MiB allocated/5084MiB reserved
[2026-08-30T12:08:46+00:00] epoch 37/40 loss=1.798832 elapsed=19.2s | cuda=635MiB allocated/5084MiB reserved
[2026-08-30T12:08:46+00:00] epoch 38/40 loss=1.873348 elapsed=19.7s | cuda=635MiB allocated/5084MiB reserved
[2026-08-30T12:08:47+00:00] epoch 39/40 loss=1.934180 elapsed=20.2s | cuda=635MiB allocated/5084MiB reserved
[2026-08-30T12:08:47+00:00] epoch 40/40 loss=2.007279 elapsed=20.7s | cuda=635MiB allocated/5084MiB reserved
[2026-08-30T12:08:48+00:00] DONE ABLATION_without_threshold_optimization | DG-Hetero-GNN | seed=2025 | F1=0.000000 | cuda=17MiB allocated/5084MiB reserved
[2026-08-30T12:08:48+00:00] START ABLATION_without_threshold_optimization | DG-Hetero-GNN | seed=9999 | cuda=17MiB allocated/68MiB reserved
[2026-08-30T12:08:48+00:00] epoch 1/40 loss=0.726931 elapsed=0.5s | cuda=634MiB allocated/5084MiB reserved
[2026-08-30T12:08:49+00:00] epoch 2/40 loss=0.693747 elapsed=1.1s | cuda=635MiB allocated/5084MiB reserved
[2026-08-30T12:08:49+00:00] epoch 3/40 loss=0.659547 elapsed=1.6s | cuda=635MiB allocated/5084MiB reserved
[2026-08-30T12:08:50+00:00] epoch 4/40 loss=0.624435 elapsed=2.1s | cuda=635MiB allocated/5084MiB reserved
[2026-08-30T12:08:51+00:00] epoch 5/40 loss=0.590032 elapsed=2.6s | cuda=635MiB allocated/5084MiB reserved
[2026-08-30T12:08:51+00:00] epoch 6/40 loss=0.558464 elapsed=3.1s | cuda=635MiB allocated/5084MiB reserved
[2026-08-30T12:08:52+00:00] epoch 7/40 loss=0.531167 elapsed=3.7s | cuda=635MiB allocated/5084MiB reserved
[2026-08-30T12:08:52+00:00] epoch 8/40 loss=0.509073 elapsed=4.2s | cuda=635MiB allocated/5084MiB reserved
[2026-08-30T12:08:53+00:00] epoch 9/40 loss=0.494901 elapsed=4.7s | cuda=635MiB allocated/5084MiB reserved
[2026-08-30T12:08:53+00:00] epoch 10/40 loss=0.489619 elapsed=5.2s | cuda=635MiB allocated/5084MiB reserved
[2026-08-30T12:08:54+00:00] epoch 11/40 loss=0.492739 elapsed=5.7s | cuda=635MiB allocated/5084MiB reserved
[2026-08-30T12:08:54+00:00] epoch 12/40 loss=0.503358 elapsed=6.3s | cuda=635MiB allocated/5084MiB reserved
[2026-08-30T12:08:55+00:00] epoch 13/40 loss=0.522485 elapsed=6.8s | cuda=635MiB allocated/5084MiB reserved
[2026-08-30T12:08:55+00:00] epoch 14/40 loss=0.549022 elapsed=7.3s | cuda=635MiB allocated/5084MiB reserved
[2026-08-30T12:08:56+00:00] epoch 15/40 loss=0.578309 elapsed=7.8s | cuda=635MiB allocated/5084MiB reserved
[2026-08-30T12:08:56+00:00] epoch 16/40 loss=0.610298 elapsed=8.3s | cuda=635MiB allocated/5084MiB reserved
[2026-08-30T12:08:57+00:00] epoch 17/40 loss=0.645373 elapsed=8.8s | cuda=635MiB allocated/5084MiB reserved
[2026-08-30T12:08:57+00:00] epoch 18/40 loss=0.681410 elapsed=9.4s | cuda=635MiB allocated/5084MiB reserved
[2026-08-30T12:08:58+00:00] epoch 19/40 loss=0.721403 elapsed=9.9s | cuda=635MiB allocated/5084MiB reserved
[2026-08-30T12:08:58+00:00] epoch 20/40 loss=0.760023 elapsed=10.4s | cuda=635MiB allocated/5084MiB reserved
[2026-08-30T12:08:59+00:00] epoch 21/40 loss=0.796307 elapsed=10.9s | cuda=635MiB allocated/5084MiB reserved
[2026-08-30T12:08:59+00:00] epoch 22/40 loss=0.834052 elapsed=11.4s | cuda=635MiB allocated/5084MiB reserved
[2026-08-30T12:09:00+00:00] epoch 23/40 loss=0.866130 elapsed=11.9s | cuda=635MiB allocated/5084MiB reserved
[2026-08-30T12:09:00+00:00] epoch 24/40 loss=0.902918 elapsed=12.5s | cuda=635MiB allocated/5084MiB reserved
[2026-08-30T12:09:01+00:00] epoch 25/40 loss=0.933337 elapsed=13.0s | cuda=635MiB allocated/5084MiB reserved
[2026-08-30T12:09:01+00:00] epoch 26/40 loss=0.960590 elapsed=13.5s | cuda=635MiB allocated/5084MiB reserved
[2026-08-30T12:09:02+00:00] epoch 27/40 loss=0.987063 elapsed=14.0s | cuda=635MiB allocated/5084MiB reserved
[2026-08-30T12:09:02+00:00] epoch 28/40 loss=1.014085 elapsed=14.5s | cuda=635MiB allocated/5084MiB reserved
[2026-08-30T12:09:03+00:00] epoch 29/40 loss=1.037214 elapsed=15.1s | cuda=635MiB allocated/5084MiB reserved
[2026-08-30T12:09:03+00:00] epoch 30/40 loss=1.063122 elapsed=15.6s | cuda=635MiB allocated/5084MiB reserved
[2026-08-30T12:09:04+00:00] epoch 31/40 loss=1.089189 elapsed=16.1s | cuda=635MiB allocated/5084MiB reserved
[2026-08-30T12:09:05+00:00] epoch 32/40 loss=1.113558 elapsed=16.6s | cuda=635MiB allocated/5084MiB reserved
[2026-08-30T12:09:05+00:00] epoch 33/40 loss=1.138927 elapsed=17.1s | cuda=635MiB allocated/5084MiB reserved
[2026-08-30T12:09:06+00:00] epoch 34/40 loss=1.173654 elapsed=17.6s | cuda=635MiB allocated/5084MiB reserved
[2026-08-30T12:09:06+00:00] epoch 35/40 loss=1.207523 elapsed=18.2s | cuda=635MiB allocated/5084MiB reserved
[2026-08-30T12:09:07+00:00] epoch 36/40 loss=1.248687 elapsed=18.7s | cuda=635MiB allocated/5084MiB reserved
[2026-08-30T12:09:07+00:00] epoch 37/40 loss=1.291878 elapsed=19.2s | cuda=635MiB allocated/5084MiB reserved
[2026-08-30T12:09:08+00:00] epoch 38/40 loss=1.345060 elapsed=19.7s | cuda=635MiB allocated/5084MiB reserved
[2026-08-30T12:09:08+00:00] epoch 39/40 loss=1.400490 elapsed=20.2s | cuda=635MiB allocated/5084MiB reserved
[2026-08-30T12:09:09+00:00] epoch 40/40 loss=1.461669 elapsed=20.7s | cuda=635MiB allocated/5084MiB reserved
[2026-08-30T12:09:09+00:00] DONE ABLATION_without_threshold_optimization | DG-Hetero-GNN | seed=9999 | F1=0.000000 | cuda=17MiB allocated/5084MiB reserved
D:\Rayan Paper materials\paper_reproduction_core.py:571: UserWarning: This figure includes Axes that are not compatible with tight_layout, so results might be incorrect.
  fig.colorbar(im, ax=axes.ravel().tolist()); fig.tight_layout(); fig.savefig(figures / "figure2c_ood_confusion_heatmaps.png",dpi=300); plt.close(fig)
[2026-08-30T12:09:11+00:00] COMPLETE run=paper-full-20260830 results=35 | cuda=17MiB allocated/68MiB reserved
FULL_PAPER_RUN complete: 35 aggregate result files
